graph_id,family,split,pair,contract_type,pattern,num_levels,duplicate_vector,sum_options,max_options_per_level,disable_steps_worst,deploy_gas,best_claim_gas,worst_claim_gas,refund_gas,actual_deploy_calldata_bytes,actual_deploy_sstore_count,actual_deploy_call_count,actual_deploy_opcode_steps,actual_best_claim_calldata_bytes,actual_best_claim_sstore_count,actual_best_claim_call_count,actual_best_claim_opcode_steps,actual_worst_path_calldata_bytes,actual_worst_path_sstore_count,actual_worst_path_call_count,actual_worst_path_opcode_steps,actual_refund_path_calldata_bytes,actual_refund_path_sstore_count,actual_refund_path_call_count,actual_refund_path_opcode_steps
hardholdout_bowtie_opt1,bowtie,hard_holdout,D->B|evm|fund:db,CTLCOnly,multi-level,2,1|1,2,1,1,1261994,68747,129972,112508,7347,15,0,2264,292,1,1,1134,520,2,1,2121,40,2,1,534
hardholdout_bowtie_opt1,bowtie,hard_holdout,C->A|evm|fund:ca,CTLCOnly,single-level,1,1,1,1,0,1100987,64620,64620,59561,7091,8,0,1286,196,1,1,793,196,1,1,793,4,1,1,229
hardholdout_bowtie_opt1,bowtie,hard_holdout,B->A|evm|fund:ba,CTLCOnly,single-level,1,1,1,1,0,1100987,64620,64620,59561,7091,8,0,1286,196,1,1,793,196,1,1,793,4,1,1,229
hardholdout_bowtie_opt1,bowtie,hard_holdout,B->X1|evm|fund:bx1,CTLCOnly,single-level,1,1,1,1,0,1146811,72874,72874,59561,7155,10,0,1462,388,1,1,1475,388,1,1,1475,4,1,1,229
hardholdout_bowtie_opt1,bowtie,hard_holdout,X1->C|evm|fund:x1c,CTLCOnly,single-level,1,1,1,1,0,1123899,68747,68747,59561,7123,9,0,1374,292,1,1,1134,292,1,1,1134,4,1,1,229
hardholdout_bowtie_opt2,bowtie,hard_holdout,D->B|evm|fund:db,CTLCMultipleEdges,multi-level+multi-option,2,1|2,3,2,1,1446800,71641,133204,112464,8169,22,0,3531,324,1,1,1241,552,2,1,2253,40,2,1,524
hardholdout_bowtie_opt2,bowtie,hard_holdout,B->X2|evm|fund:bx2,CTLCOnly,single-level,1,1,1,1,0,1146811,72874,72874,59561,7155,10,0,1462,388,1,1,1475,388,1,1,1475,4,1,1,229
hardholdout_bowtie_opt2,bowtie,hard_holdout,C->A|evm|fund:ca,CTLCOnly,single-level,1,1,1,1,0,1100987,64620,64620,59561,7091,8,0,1286,196,1,1,793,196,1,1,793,4,1,1,229
hardholdout_bowtie_opt2,bowtie,hard_holdout,B->A|evm|fund:ba,CTLCOnly,single-level,1,1,1,1,0,1100987,64620,64620,59561,7091,8,0,1286,196,1,1,793,196,1,1,793,4,1,1,229
hardholdout_bowtie_opt2,bowtie,hard_holdout,X2->C|evm|fund:x2c,CTLCOnly,single-level,1,1,1,1,0,1123899,68747,68747,59561,7123,9,0,1374,292,1,1,1134,292,1,1,1134,4,1,1,229
hardholdout_bowtie_opt2,bowtie,hard_holdout,B->X1|evm|fund:bx1,CTLCOnly,single-level,1,1,1,1,0,1146811,72874,72874,59561,7155,10,0,1462,388,1,1,1475,388,1,1,1475,4,1,1,229
hardholdout_bowtie_opt2,bowtie,hard_holdout,X1->C|evm|fund:x1c,CTLCOnly,single-level,1,1,1,1,0,1123899,68747,68747,59561,7123,9,0,1374,292,1,1,1134,292,1,1,1134,4,1,1,229
hardholdout_bowtie_opt3,bowtie,hard_holdout,D->B|evm|fund:db,CTLCMultipleEdges,multi-level+multi-option,2,1|3,4,3,1,1561879,71641,133204,112464,8361,27,0,4188,324,1,1,1241,552,2,1,2253,40,2,1,524
hardholdout_bowtie_opt3,bowtie,hard_holdout,B->X2|evm|fund:bx2,CTLCOnly,single-level,1,1,1,1,0,1146811,72874,72874,59561,7155,10,0,1462,388,1,1,1475,388,1,1,1475,4,1,1,229
hardholdout_bowtie_opt3,bowtie,hard_holdout,C->A|evm|fund:ca,CTLCOnly,single-level,1,1,1,1,0,1100987,64620,64620,59561,7091,8,0,1286,196,1,1,793,196,1,1,793,4,1,1,229
hardholdout_bowtie_opt3,bowtie,hard_holdout,B->A|evm|fund:ba,CTLCOnly,single-level,1,1,1,1,0,1100987,64620,64620,59561,7091,8,0,1286,196,1,1,793,196,1,1,793,4,1,1,229
hardholdout_bowtie_opt3,bowtie,hard_holdout,X3->C|evm|fund:x3c,CTLCOnly,single-level,1,1,1,1,0,1123899,68747,68747,59561,7123,9,0,1374,292,1,1,1134,292,1,1,1134,4,1,1,229
hardholdout_bowtie_opt3,bowtie,hard_holdout,X2->C|evm|fund:x2c,CTLCOnly,single-level,1,1,1,1,0,1123899,68747,68747,59561,7123,9,0,1374,292,1,1,1134,292,1,1,1134,4,1,1,229
hardholdout_bowtie_opt3,bowtie,hard_holdout,B->X1|evm|fund:bx1,CTLCOnly,single-level,1,1,1,1,0,1146811,72874,72874,59561,7155,10,0,1462,388,1,1,1475,388,1,1,1475,4,1,1,229
hardholdout_bowtie_opt3,bowtie,hard_holdout,B->X3|evm|fund:bx3,CTLCOnly,single-level,1,1,1,1,0,1146811,72874,72874,59561,7155,10,0,1462,388,1,1,1475,388,1,1,1475,4,1,1,229
hardholdout_bowtie_opt3,bowtie,hard_holdout,X1->C|evm|fund:x1c,CTLCOnly,single-level,1,1,1,1,0,1123899,68747,68747,59561,7123,9,0,1374,292,1,1,1134,292,1,1,1134,4,1,1,229
hardholdout_bowtie_opt4,bowtie,hard_holdout,D->B|evm|fund:db,CTLCMultipleEdges,multi-level+multi-option,2,1|4,5,4,1,1676970,71641,133192,112464,8553,32,0,4845,324,1,1,1241,552,2,1,2253,40,2,1,524
hardholdout_bowtie_opt4,bowtie,hard_holdout,X4->C|evm|fund:x4c,CTLCOnly,single-level,1,1,1,1,0,1123899,68735,68735,59561,7123,9,0,1374,292,1,1,1134,292,1,1,1134,4,1,1,229
hardholdout_bowtie_opt4,bowtie,hard_holdout,B->X2|evm|fund:bx2,CTLCOnly,single-level,1,1,1,1,0,1146811,72874,72874,59561,7155,10,0,1462,388,1,1,1475,388,1,1,1475,4,1,1,229
hardholdout_bowtie_opt4,bowtie,hard_holdout,C->A|evm|fund:ca,CTLCOnly,single-level,1,1,1,1,0,1100987,64620,64620,59561,7091,8,0,1286,196,1,1,793,196,1,1,793,4,1,1,229
hardholdout_bowtie_opt4,bowtie,hard_holdout,B->X4|evm|fund:bx4,CTLCOnly,single-level,1,1,1,1,0,1146811,72874,72874,59561,7155,10,0,1462,388,1,1,1475,388,1,1,1475,4,1,1,229
hardholdout_bowtie_opt4,bowtie,hard_holdout,B->A|evm|fund:ba,CTLCOnly,single-level,1,1,1,1,0,1100987,64620,64620,59561,7091,8,0,1286,196,1,1,793,196,1,1,793,4,1,1,229
hardholdout_bowtie_opt4,bowtie,hard_holdout,X3->C|evm|fund:x3c,CTLCOnly,single-level,1,1,1,1,0,1123899,68747,68747,59561,7123,9,0,1374,292,1,1,1134,292,1,1,1134,4,1,1,229
hardholdout_bowtie_opt4,bowtie,hard_holdout,X2->C|evm|fund:x2c,CTLCOnly,single-level,1,1,1,1,0,1123899,68747,68747,59561,7123,9,0,1374,292,1,1,1134,292,1,1,1134,4,1,1,229
hardholdout_bowtie_opt4,bowtie,hard_holdout,B->X1|evm|fund:bx1,CTLCOnly,single-level,1,1,1,1,0,1146799,72874,72874,59561,7155,10,0,1462,388,1,1,1475,388,1,1,1475,4,1,1,229
hardholdout_bowtie_opt4,bowtie,hard_holdout,B->X3|evm|fund:bx3,CTLCOnly,single-level,1,1,1,1,0,1146787,72874,72874,59561,7155,10,0,1462,388,1,1,1475,388,1,1,1475,4,1,1,229
hardholdout_bowtie_opt4,bowtie,hard_holdout,X1->C|evm|fund:x1c,CTLCOnly,single-level,1,1,1,1,0,1123899,68747,68747,59561,7123,9,0,1374,292,1,1,1134,292,1,1,1134,4,1,1,229
hardholdout_ladder_opt1,ladder,hard_holdout,D->B|evm|fund:db,CTLCOnly,multi-level,2,1|1,2,1,1,1261994,68747,129972,112508,7347,15,0,2264,292,1,1,1134,520,2,1,2121,40,2,1,534
hardholdout_ladder_opt1,ladder,hard_holdout,Y1->A|evm|fund:y1a,CTLCOnly,single-level,1,1,1,1,0,1100987,64620,64620,59561,7091,8,0,1286,196,1,1,793,196,1,1,793,4,1,1,229
hardholdout_ladder_opt1,ladder,hard_holdout,B->A|evm|fund:ba,CTLCOnly,single-level,1,1,1,1,0,1100987,64620,64620,59561,7091,8,0,1286,196,1,1,793,196,1,1,793,4,1,1,229
hardholdout_ladder_opt1,ladder,hard_holdout,B->X1|evm|fund:bx1,CTLCOnly,single-level,1,1,1,1,0,1146811,72874,72874,59561,7155,10,0,1462,388,1,1,1475,388,1,1,1475,4,1,1,229
hardholdout_ladder_opt1,ladder,hard_holdout,X1->Y1|evm|fund:x1y1,CTLCOnly,single-level,1,1,1,1,0,1123899,68747,68747,59561,7123,9,0,1374,292,1,1,1134,292,1,1,1134,4,1,1,229
hardholdout_ladder_opt2,ladder,hard_holdout,D->B|evm|fund:db,CTLCMultipleEdges,multi-level+multi-option,2,1|2,3,2,1,1446800,71641,133204,112464,8169,22,0,3531,324,1,1,1241,552,2,1,2253,40,2,1,524
hardholdout_ladder_opt2,ladder,hard_holdout,Y2->A|evm|fund:y2a,CTLCOnly,single-level,1,1,1,1,0,1100975,64620,64620,59561,7091,8,0,1286,196,1,1,793,196,1,1,793,4,1,1,229
hardholdout_ladder_opt2,ladder,hard_holdout,B->X2|evm|fund:bx2,CTLCOnly,single-level,1,1,1,1,0,1146811,72874,72874,59561,7155,10,0,1462,388,1,1,1475,388,1,1,1475,4,1,1,229
hardholdout_ladder_opt2,ladder,hard_holdout,Y1->A|evm|fund:y1a,CTLCOnly,single-level,1,1,1,1,0,1100987,64620,64620,59561,7091,8,0,1286,196,1,1,793,196,1,1,793,4,1,1,229
hardholdout_ladder_opt2,ladder,hard_holdout,B->A|evm|fund:ba,CTLCOnly,single-level,1,1,1,1,0,1100987,64620,64620,59561,7091,8,0,1286,196,1,1,793,196,1,1,793,4,1,1,229
hardholdout_ladder_opt2,ladder,hard_holdout,B->X1|evm|fund:bx1,CTLCOnly,single-level,1,1,1,1,0,1146799,72874,72874,59561,7155,10,0,1462,388,1,1,1475,388,1,1,1475,4,1,1,229
hardholdout_ladder_opt2,ladder,hard_holdout,X2->Y2|evm|fund:x2y2,CTLCOnly,single-level,1,1,1,1,0,1123899,68747,68747,59561,7123,9,0,1374,292,1,1,1134,292,1,1,1134,4,1,1,229
hardholdout_ladder_opt2,ladder,hard_holdout,X1->Y1|evm|fund:x1y1,CTLCOnly,single-level,1,1,1,1,0,1123899,68747,68747,59561,7123,9,0,1374,292,1,1,1134,292,1,1,1134,4,1,1,229
hardholdout_ladder_opt3,ladder,hard_holdout,D->B|evm|fund:db,CTLCMultipleEdges,multi-level+multi-option,2,1|3,4,3,1,1561879,71641,133204,112464,8361,27,0,4188,324,1,1,1241,552,2,1,2253,40,2,1,524
hardholdout_ladder_opt3,ladder,hard_holdout,Y2->A|evm|fund:y2a,CTLCOnly,single-level,1,1,1,1,0,1100987,64620,64620,59561,7091,8,0,1286,196,1,1,793,196,1,1,793,4,1,1,229
hardholdout_ladder_opt3,ladder,hard_holdout,B->X2|evm|fund:bx2,CTLCOnly,single-level,1,1,1,1,0,1146811,72874,72874,59561,7155,10,0,1462,388,1,1,1475,388,1,1,1475,4,1,1,229
hardholdout_ladder_opt3,ladder,hard_holdout,Y1->A|evm|fund:y1a,CTLCOnly,single-level,1,1,1,1,0,1100987,64620,64620,59561,7091,8,0,1286,196,1,1,793,196,1,1,793,4,1,1,229
hardholdout_ladder_opt3,ladder,hard_holdout,B->A|evm|fund:ba,CTLCOnly,single-level,1,1,1,1,0,1100987,64620,64620,59561,7091,8,0,1286,196,1,1,793,196,1,1,793,4,1,1,229
hardholdout_ladder_opt3,ladder,hard_holdout,Y3->A|evm|fund:y3a,CTLCOnly,single-level,1,1,1,1,0,1100987,64620,64620,59561,7091,8,0,1286,196,1,1,793,196,1,1,793,4,1,1,229
hardholdout_ladder_opt3,ladder,hard_holdout,B->X1|evm|fund:bx1,CTLCOnly,single-level,1,1,1,1,0,1146799,72874,72874,59561,7155,10,0,1462,388,1,1,1475,388,1,1,1475,4,1,1,229
hardholdout_ladder_opt3,ladder,hard_holdout,B->X3|evm|fund:bx3,CTLCOnly,single-level,1,1,1,1,0,1146811,72874,72874,59561,7155,10,0,1462,388,1,1,1475,388,1,1,1475,4,1,1,229
hardholdout_ladder_opt3,ladder,hard_holdout,X2->Y2|evm|fund:x2y2,CTLCOnly,single-level,1,1,1,1,0,1123899,68747,68747,59561,7123,9,0,1374,292,1,1,1134,292,1,1,1134,4,1,1,229
hardholdout_ladder_opt3,ladder,hard_holdout,X1->Y1|evm|fund:x1y1,CTLCOnly,single-level,1,1,1,1,0,1123887,68747,68747,59561,7123,9,0,1374,292,1,1,1134,292,1,1,1134,4,1,1,229
hardholdout_ladder_opt3,ladder,hard_holdout,X3->Y3|evm|fund:x3y3,CTLCOnly,single-level,1,1,1,1,0,1123899,68747,68747,59561,7123,9,0,1374,292,1,1,1134,292,1,1,1134,4,1,1,229
hardholdout_ladder_opt4,ladder,hard_holdout,D->B|evm|fund:db,CTLCMultipleEdges,multi-level+multi-option,2,1|4,5,4,1,1676970,71641,133192,112464,8553,32,0,4845,324,1,1,1241,552,2,1,2253,40,2,1,524
hardholdout_ladder_opt4,ladder,hard_holdout,Y2->A|evm|fund:y2a,CTLCOnly,single-level,1,1,1,1,0,1100987,64620,64620,59561,7091,8,0,1286,196,1,1,793,196,1,1,793,4,1,1,229
hardholdout_ladder_opt4,ladder,hard_holdout,X4->Y4|evm|fund:x4y4,CTLCOnly,single-level,1,1,1,1,0,1123899,68747,68747,59561,7123,9,0,1374,292,1,1,1134,292,1,1,1134,4,1,1,229
hardholdout_ladder_opt4,ladder,hard_holdout,Y4->A|evm|fund:y4a,CTLCOnly,single-level,1,1,1,1,0,1100987,64620,64620,59561,7091,8,0,1286,196,1,1,793,196,1,1,793,4,1,1,229
hardholdout_ladder_opt4,ladder,hard_holdout,B->X2|evm|fund:bx2,CTLCOnly,single-level,1,1,1,1,0,1146811,72874,72874,59561,7155,10,0,1462,388,1,1,1475,388,1,1,1475,4,1,1,229
hardholdout_ladder_opt4,ladder,hard_holdout,Y1->A|evm|fund:y1a,CTLCOnly,single-level,1,1,1,1,0,1100987,64620,64620,59561,7091,8,0,1286,196,1,1,793,196,1,1,793,4,1,1,229
hardholdout_ladder_opt4,ladder,hard_holdout,B->X4|evm|fund:bx4,CTLCOnly,single-level,1,1,1,1,0,1146811,72874,72874,59561,7155,10,0,1462,388,1,1,1475,388,1,1,1475,4,1,1,229
hardholdout_ladder_opt4,ladder,hard_holdout,B->A|evm|fund:ba,CTLCOnly,single-level,1,1,1,1,0,1100987,64620,64620,59561,7091,8,0,1286,196,1,1,793,196,1,1,793,4,1,1,229
hardholdout_ladder_opt4,ladder,hard_holdout,Y3->A|evm|fund:y3a,CTLCOnly,single-level,1,1,1,1,0,1100987,64620,64620,59561,7091,8,0,1286,196,1,1,793,196,1,1,793,4,1,1,229
hardholdout_ladder_opt4,ladder,hard_holdout,B->X1|evm|fund:bx1,CTLCOnly,single-level,1,1,1,1,0,1146811,72874,72874,59561,7155,10,0,1462,388,1,1,1475,388,1,1,1475,4,1,1,229
hardholdout_ladder_opt4,ladder,hard_holdout,B->X3|evm|fund:bx3,CTLCOnly,single-level,1,1,1,1,0,1146799,72874,72874,59561,7155,10,0,1462,388,1,1,1475,388,1,1,1475,4,1,1,229
hardholdout_ladder_opt4,ladder,hard_holdout,X2->Y2|evm|fund:x2y2,CTLCOnly,single-level,1,1,1,1,0,1123887,68747,68747,59561,7123,9,0,1374,292,1,1,1134,292,1,1,1134,4,1,1,229
hardholdout_ladder_opt4,ladder,hard_holdout,X1->Y1|evm|fund:x1y1,CTLCOnly,single-level,1,1,1,1,0,1123899,68747,68747,59561,7123,9,0,1374,292,1,1,1134,292,1,1,1134,4,1,1,229
hardholdout_ladder_opt4,ladder,hard_holdout,X3->Y3|evm|fund:x3y3,CTLCOnly,single-level,1,1,1,1,0,1123899,68747,68747,59561,7123,9,0,1374,292,1,1,1134,292,1,1,1134,4,1,1,229
holdout_diamond_opt1,diamond,holdout,D->B|evm|fund:db,CTLCOnly,multi-level,2,1|1,2,1,1,1261994,68747,129972,112508,7347,15,0,2264,292,1,1,1134,520,2,1,2121,40,2,1,534
holdout_diamond_opt1,diamond,holdout,C->A|evm|fund:ca,CTLCOnly,single-level,1,1,1,1,0,1100987,64620,64620,59561,7091,8,0,1286,196,1,1,793,196,1,1,793,4,1,1,229
holdout_diamond_opt1,diamond,holdout,B->A|evm|fund:ba,CTLCOnly,single-level,1,1,1,1,0,1100987,64620,64620,59561,7091,8,0,1286,196,1,1,793,196,1,1,793,4,1,1,229
holdout_diamond_opt1,diamond,holdout,B->X1|evm|fund:bx1,CTLCOnly,single-level,1,1,1,1,0,1146799,72874,72874,59561,7155,10,0,1462,388,1,1,1475,388,1,1,1475,4,1,1,229
holdout_diamond_opt1,diamond,holdout,X1->C|evm|fund:x1c,CTLCOnly,single-level,1,1,1,1,0,1123899,68747,68747,59561,7123,9,0,1374,292,1,1,1134,292,1,1,1134,4,1,1,229
holdout_diamond_opt2,diamond,holdout,D->B|evm|fund:db,CTLCMultipleEdges,multi-level+multi-option,2,1|2,3,2,1,1446800,71641,133204,112464,8169,22,0,3531,324,1,1,1241,552,2,1,2253,40,2,1,524
holdout_diamond_opt2,diamond,holdout,B->X2|evm|fund:bx2,CTLCOnly,single-level,1,1,1,1,0,1146811,72874,72874,59561,7155,10,0,1462,388,1,1,1475,388,1,1,1475,4,1,1,229
holdout_diamond_opt2,diamond,holdout,C->A|evm|fund:ca,CTLCOnly,single-level,1,1,1,1,0,1100975,64620,64620,59561,7091,8,0,1286,196,1,1,793,196,1,1,793,4,1,1,229
holdout_diamond_opt2,diamond,holdout,B->A|evm|fund:ba,CTLCOnly,single-level,1,1,1,1,0,1100987,64620,64620,59561,7091,8,0,1286,196,1,1,793,196,1,1,793,4,1,1,229
holdout_diamond_opt2,diamond,holdout,X2->C|evm|fund:x2c,CTLCOnly,single-level,1,1,1,1,0,1123899,68747,68747,59561,7123,9,0,1374,292,1,1,1134,292,1,1,1134,4,1,1,229
holdout_diamond_opt2,diamond,holdout,B->X1|evm|fund:bx1,CTLCOnly,single-level,1,1,1,1,0,1146811,72874,72874,59561,7155,10,0,1462,388,1,1,1475,388,1,1,1475,4,1,1,229
holdout_diamond_opt2,diamond,holdout,X1->C|evm|fund:x1c,CTLCOnly,single-level,1,1,1,1,0,1123899,68747,68747,59561,7123,9,0,1374,292,1,1,1134,292,1,1,1134,4,1,1,229
holdout_diamond_opt3,diamond,holdout,D->B|evm|fund:db,CTLCMultipleEdges,multi-level+multi-option,2,1|3,4,3,1,1561879,71641,133204,112464,8361,27,0,4188,324,1,1,1241,552,2,1,2253,40,2,1,524
holdout_diamond_opt3,diamond,holdout,B->X2|evm|fund:bx2,CTLCOnly,single-level,1,1,1,1,0,1146811,72874,72874,59561,7155,10,0,1462,388,1,1,1475,388,1,1,1475,4,1,1,229
holdout_diamond_opt3,diamond,holdout,C->A|evm|fund:ca,CTLCOnly,single-level,1,1,1,1,0,1100963,64620,64620,59561,7091,8,0,1286,196,1,1,793,196,1,1,793,4,1,1,229
holdout_diamond_opt3,diamond,holdout,B->A|evm|fund:ba,CTLCOnly,single-level,1,1,1,1,0,1100975,64620,64620,59561,7091,8,0,1286,196,1,1,793,196,1,1,793,4,1,1,229
holdout_diamond_opt3,diamond,holdout,X3->C|evm|fund:x3c,CTLCOnly,single-level,1,1,1,1,0,1123899,68747,68747,59561,7123,9,0,1374,292,1,1,1134,292,1,1,1134,4,1,1,229
holdout_diamond_opt3,diamond,holdout,X2->C|evm|fund:x2c,CTLCOnly,single-level,1,1,1,1,0,1123899,68747,68747,59561,7123,9,0,1374,292,1,1,1134,292,1,1,1134,4,1,1,229
holdout_diamond_opt3,diamond,holdout,B->X1|evm|fund:bx1,CTLCOnly,single-level,1,1,1,1,0,1146799,72874,72874,59561,7155,10,0,1462,388,1,1,1475,388,1,1,1475,4,1,1,229
holdout_diamond_opt3,diamond,holdout,B->X3|evm|fund:bx3,CTLCOnly,single-level,1,1,1,1,0,1146811,72874,72874,59561,7155,10,0,1462,388,1,1,1475,388,1,1,1475,4,1,1,229
holdout_diamond_opt3,diamond,holdout,X1->C|evm|fund:x1c,CTLCOnly,single-level,1,1,1,1,0,1123887,68747,68747,59561,7123,9,0,1374,292,1,1,1134,292,1,1,1134,4,1,1,229
holdout_diamond_opt4,diamond,holdout,D->B|evm|fund:db,CTLCMultipleEdges,multi-level+multi-option,2,1|4,5,4,1,1676970,71641,133192,112464,8553,32,0,4845,324,1,1,1241,552,2,1,2253,40,2,1,524
holdout_diamond_opt4,diamond,holdout,X4->C|evm|fund:x4c,CTLCOnly,single-level,1,1,1,1,0,1123899,68735,68735,59561,7123,9,0,1374,292,1,1,1134,292,1,1,1134,4,1,1,229
holdout_diamond_opt4,diamond,holdout,B->X2|evm|fund:bx2,CTLCOnly,single-level,1,1,1,1,0,1146811,72874,72874,59561,7155,10,0,1462,388,1,1,1475,388,1,1,1475,4,1,1,229
holdout_diamond_opt4,diamond,holdout,C->A|evm|fund:ca,CTLCOnly,single-level,1,1,1,1,0,1100987,64620,64620,59561,7091,8,0,1286,196,1,1,793,196,1,1,793,4,1,1,229
holdout_diamond_opt4,diamond,holdout,B->X4|evm|fund:bx4,CTLCOnly,single-level,1,1,1,1,0,1146811,72874,72874,59561,7155,10,0,1462,388,1,1,1475,388,1,1,1475,4,1,1,229
holdout_diamond_opt4,diamond,holdout,B->A|evm|fund:ba,CTLCOnly,single-level,1,1,1,1,0,1100987,64620,64620,59561,7091,8,0,1286,196,1,1,793,196,1,1,793,4,1,1,229
holdout_diamond_opt4,diamond,holdout,X3->C|evm|fund:x3c,CTLCOnly,single-level,1,1,1,1,0,1123899,68747,68747,59561,7123,9,0,1374,292,1,1,1134,292,1,1,1134,4,1,1,229
holdout_diamond_opt4,diamond,holdout,X2->C|evm|fund:x2c,CTLCOnly,single-level,1,1,1,1,0,1123899,68747,68747,59561,7123,9,0,1374,292,1,1,1134,292,1,1,1134,4,1,1,229
holdout_diamond_opt4,diamond,holdout,B->X1|evm|fund:bx1,CTLCOnly,single-level,1,1,1,1,0,1146799,72874,72874,59561,7155,10,0,1462,388,1,1,1475,388,1,1,1475,4,1,1,229
holdout_diamond_opt4,diamond,holdout,B->X3|evm|fund:bx3,CTLCOnly,single-level,1,1,1,1,0,1146811,72874,72874,59561,7155,10,0,1462,388,1,1,1475,388,1,1,1475,4,1,1,229
holdout_diamond_opt4,diamond,holdout,X1->C|evm|fund:x1c,CTLCOnly,single-level,1,1,1,1,0,1123899,68747,68747,59561,7123,9,0,1374,292,1,1,1134,292,1,1,1134,4,1,1,229
holdout_ring_opt1,ring,holdout,C->B|evm|fund:cb,CTLCOnly,single-level,1,1,1,1,0,1123899,68747,68747,59561,7123,9,0,1374,292,1,1,1134,292,1,1,1134,4,1,1,229
holdout_ring_opt1,ring,holdout,B->A|evm|fund:ba,CTLCOnly,single-level,1,1,1,1,0,1100987,64620,64620,59561,7091,8,0,1286,196,1,1,793,196,1,1,793,4,1,1,229
holdout_ring_opt1,ring,holdout,X1->A|evm|fund:x1a,CTLCOnly,single-level,1,1,1,1,0,1100975,64620,64620,59561,7091,8,0,1286,196,1,1,793,196,1,1,793,4,1,1,229
holdout_ring_opt1,ring,holdout,C->X1|evm|fund:cx1,CTLCOnly,single-level,1,1,1,1,0,1123899,68747,68747,59561,7123,9,0,1374,292,1,1,1134,292,1,1,1134,4,1,1,229
holdout_ring_opt1,ring,holdout,D->C|evm|fund:dc,CTLCMultipleEdges,single-level+multi-option,1,2,2,2,0,1285274,75948,75948,59539,7881,15,0,2336,420,1,1,1597,420,1,1,1597,4,1,1,224
holdout_ring_opt2,ring,holdout,X2->A|evm|fund:x2a,CTLCOnly,single-level,1,1,1,1,0,1100975,64608,64608,59561,7091,8,0,1286,196,1,1,793,196,1,1,793,4,1,1,229
holdout_ring_opt2,ring,holdout,C->B|evm|fund:cb,CTLCOnly,single-level,1,1,1,1,0,1123899,68747,68747,59561,7123,9,0,1374,292,1,1,1134,292,1,1,1134,4,1,1,229
holdout_ring_opt2,ring,holdout,B->A|evm|fund:ba,CTLCOnly,single-level,1,1,1,1,0,1100987,64620,64620,59561,7091,8,0,1286,196,1,1,793,196,1,1,793,4,1,1,229
holdout_ring_opt2,ring,holdout,X1->A|evm|fund:x1a,CTLCOnly,single-level,1,1,1,1,0,1100975,64620,64620,59561,7091,8,0,1286,196,1,1,793,196,1,1,793,4,1,1,229
holdout_ring_opt2,ring,holdout,C->X2|evm|fund:cx2,CTLCOnly,single-level,1,1,1,1,0,1123899,68747,68747,59561,7123,9,0,1374,292,1,1,1134,292,1,1,1134,4,1,1,229
holdout_ring_opt2,ring,holdout,C->X1|evm|fund:cx1,CTLCOnly,single-level,1,1,1,1,0,1123887,68747,68747,59561,7123,9,0,1374,292,1,1,1134,292,1,1,1134,4,1,1,229
holdout_ring_opt2,ring,holdout,D->C|evm|fund:dc,CTLCMultipleEdges,single-level+multi-option,1,3,3,3,0,1377429,75948,75948,59539,8041,19,0,2905,420,1,1,1597,420,1,1,1597,4,1,1,224
holdout_ring_opt3,ring,holdout,X2->A|evm|fund:x2a,CTLCOnly,single-level,1,1,1,1,0,1100975,64608,64608,59561,7091,8,0,1286,196,1,1,793,196,1,1,793,4,1,1,229
holdout_ring_opt3,ring,holdout,C->X3|evm|fund:cx3,CTLCOnly,single-level,1,1,1,1,0,1123899,68747,68747,59561,7123,9,0,1374,292,1,1,1134,292,1,1,1134,4,1,1,229
holdout_ring_opt3,ring,holdout,C->B|evm|fund:cb,CTLCOnly,single-level,1,1,1,1,0,1123899,68747,68747,59561,7123,9,0,1374,292,1,1,1134,292,1,1,1134,4,1,1,229
holdout_ring_opt3,ring,holdout,X3->A|evm|fund:x3a,CTLCOnly,single-level,1,1,1,1,0,1100987,64620,64620,59561,7091,8,0,1286,196,1,1,793,196,1,1,793,4,1,1,229
holdout_ring_opt3,ring,holdout,B->A|evm|fund:ba,CTLCOnly,single-level,1,1,1,1,0,1100987,64620,64620,59561,7091,8,0,1286,196,1,1,793,196,1,1,793,4,1,1,229
holdout_ring_opt3,ring,holdout,X1->A|evm|fund:x1a,CTLCOnly,single-level,1,1,1,1,0,1100975,64620,64620,59561,7091,8,0,1286,196,1,1,793,196,1,1,793,4,1,1,229
holdout_ring_opt3,ring,holdout,C->X2|evm|fund:cx2,CTLCOnly,single-level,1,1,1,1,0,1123899,68747,68747,59561,7123,9,0,1374,292,1,1,1134,292,1,1,1134,4,1,1,229
holdout_ring_opt3,ring,holdout,C->X1|evm|fund:cx1,CTLCOnly,single-level,1,1,1,1,0,1123899,68747,68747,59561,7123,9,0,1374,292,1,1,1134,292,1,1,1134,4,1,1,229
holdout_ring_opt3,ring,holdout,D->C|evm|fund:dc,CTLCMultipleEdges,single-level+multi-option,1,4,4,4,0,1469572,75948,75948,59539,8201,23,0,3474,420,1,1,1597,420,1,1,1597,4,1,1,224
holdout_ring_opt4,ring,holdout,X2->A|evm|fund:x2a,CTLCOnly,single-level,1,1,1,1,0,1100975,64608,64608,59561,7091,8,0,1286,196,1,1,793,196,1,1,793,4,1,1,229
holdout_ring_opt4,ring,holdout,C->X4|evm|fund:cx4,CTLCOnly,single-level,1,1,1,1,0,1123899,68747,68747,59561,7123,9,0,1374,292,1,1,1134,292,1,1,1134,4,1,1,229
holdout_ring_opt4,ring,holdout,C->X3|evm|fund:cx3,CTLCOnly,single-level,1,1,1,1,0,1123899,68747,68747,59561,7123,9,0,1374,292,1,1,1134,292,1,1,1134,4,1,1,229
holdout_ring_opt4,ring,holdout,C->B|evm|fund:cb,CTLCOnly,single-level,1,1,1,1,0,1123875,68747,68747,59561,7123,9,0,1374,292,1,1,1134,292,1,1,1134,4,1,1,229
holdout_ring_opt4,ring,holdout,X3->A|evm|fund:x3a,CTLCOnly,single-level,1,1,1,1,0,1100987,64620,64620,59561,7091,8,0,1286,196,1,1,793,196,1,1,793,4,1,1,229
holdout_ring_opt4,ring,holdout,B->A|evm|fund:ba,CTLCOnly,single-level,1,1,1,1,0,1100963,64620,64620,59561,7091,8,0,1286,196,1,1,793,196,1,1,793,4,1,1,229
holdout_ring_opt4,ring,holdout,X1->A|evm|fund:x1a,CTLCOnly,single-level,1,1,1,1,0,1100975,64620,64620,59561,7091,8,0,1286,196,1,1,793,196,1,1,793,4,1,1,229
holdout_ring_opt4,ring,holdout,C->X2|evm|fund:cx2,CTLCOnly,single-level,1,1,1,1,0,1123899,68747,68747,59561,7123,9,0,1374,292,1,1,1134,292,1,1,1134,4,1,1,229
holdout_ring_opt4,ring,holdout,X4->A|evm|fund:x4a,CTLCOnly,single-level,1,1,1,1,0,1100987,64620,64620,59561,7091,8,0,1286,196,1,1,793,196,1,1,793,4,1,1,229
holdout_ring_opt4,ring,holdout,C->X1|evm|fund:cx1,CTLCOnly,single-level,1,1,1,1,0,1123899,68747,68747,59561,7123,9,0,1374,292,1,1,1134,292,1,1,1134,4,1,1,229
holdout_ring_opt4,ring,holdout,D->C|evm|fund:dc,CTLCMultipleEdges,single-level+multi-option,1,5,5,5,0,1561739,75948,75948,59539,8361,27,0,4043,420,1,1,1597,420,1,1,1597,4,1,1,224
random_v1_1,random_v1,train,D->F|evm|fund:df,CTLCOnly,single-level,1,1,1,1,0,1123899,68747,68747,59561,7123,9,0,1374,292,1,1,1134,292,1,1,1134,4,1,1,229
random_v1_1,random_v1,train,D->E|evm|fund:de,CTLCMultipleEdges,multi-level+multi-option,2,2|2,4,2,1,1561879,75948,133192,112464,8361,27,0,4188,420,1,1,1597,552,2,1,2253,40,2,1,524
random_v1_1,random_v1,train,D->A|evm|fund:da,CTLCOnly,single-level,1,1,1,1,0,1100987,64620,64620,59561,7091,8,0,1286,196,1,1,793,196,1,1,793,4,1,1,229
random_v1_1,random_v1,train,C->D|evm|fund:cd,CTLCMultipleEdges,multi-level+multi-option,4,1|1|2|2,6,2,3,1907855,71641,209209,184138,8969,42,0,6666,324,1,1,1241,720,4,1,3209,112,4,1,1124
random_v1_1,random_v1,train,F->A|evm|fund:fa,CTLCOnly,single-level,1,1,1,1,0,1100987,64620,64620,59561,7091,8,0,1286,196,1,1,793,196,1,1,793,4,1,1,229
random_v1_1,random_v1,train,B->F|evm|fund:bf,CTLCOnly,single-level,1,1,1,1,0,1123899,68747,68747,59561,7123,9,0,1374,292,1,1,1134,292,1,1,1134,4,1,1,229
random_v1_1,random_v1,train,F->B|evm|fund:fb,CTLCOnly,single-level,1,1,1,1,0,1169723,77001,77001,59561,7187,11,0,1550,484,1,1,1816,484,1,1,1816,4,1,1,229
random_v1_1,random_v1,train,E->F|evm|fund:ef,CTLCOnly,multi-level,2,1|1,2,1,1,1284894,68723,134123,112508,7379,16,0,2352,292,1,1,1134,616,2,1,2462,40,2,1,534
random_v1_1,random_v1,train,B->C|evm|fund:bc,CTLCMultipleEdges,multi-level+multi-option,3,1|1|2,4,2,2,1677050,75948,173372,148301,8553,32,0,4990,420,1,1,1597,684,3,1,2909,76,3,1,824
random_v1_1,random_v1,train,E->B|evm|fund:eb,CTLCOnly,multi-level,3,1|1|1,3,1,2,1445913,72862,169982,148367,7635,23,0,3330,388,1,1,1475,652,3,1,2767,76,3,1,839
random_v1_10,random_v1,train,E->G|evm|fund:eg,CTLCOnly,single-level,1,1,1,1,0,1123899,68747,68747,59561,7123,9,0,1374,292,1,1,1134,292,1,1,1134,4,1,1,229
random_v1_10,random_v1,train,G->A|evm|fund:ga,CTLCOnly,single-level,1,1,1,1,0,1100975,64620,64620,59561,7091,8,0,1286,196,1,1,793,196,1,1,793,4,1,1,229
random_v1_10,random_v1,train,B->G|evm|fund:bg,CTLCMultipleEdges,single-level+multi-option,1,2,2,2,0,1239426,71641,71641,59539,7817,13,0,2160,324,1,1,1241,324,1,1,1241,4,1,1,224
random_v1_10,random_v1,train,C->D|evm|fund:cd,CTLCOnly,multi-level,2,1|1,2,1,1,1330682,77013,134123,112508,7443,18,0,2528,484,1,1,1816,616,2,1,2462,40,2,1,534
random_v1_10,random_v1,train,D->E|evm|fund:de,CTLCOnly,multi-level,2,1|1,2,1,1,1284894,72874,129972,112508,7379,16,0,2352,388,1,1,1475,520,2,1,2121,40,2,1,534
random_v1_10,random_v1,train,C->G|evm|fund:cg,CTLCOnly,single-level,1,1,1,1,0,1123899,68735,68735,59561,7123,9,0,1374,292,1,1,1134,292,1,1,1134,4,1,1,229
random_v1_10,random_v1,train,E->F|evm|fund:ef,CTLCOnly,single-level,1,1,1,1,0,1146811,72862,72862,59561,7155,10,0,1462,388,1,1,1475,388,1,1,1475,4,1,1,229
random_v1_10,random_v1,train,B->C|evm|fund:bc,CTLCOnly,multi-level,3,1|1|1,3,1,2,1491749,72874,174098,148367,7699,25,0,3506,388,1,1,1475,748,3,1,3108,76,3,1,839
random_v1_10,random_v1,train,F->G|evm|fund:fg,CTLCOnly,single-level,1,1,1,1,0,1123899,68747,68747,59561,7123,9,0,1374,292,1,1,1134,292,1,1,1134,4,1,1,229
random_v1_100,random_v1,train,B->D|evm|fund:bd,CTLCMultipleEdges,multi-level+multi-option,2,1|2,3,2,1,1515524,75948,137535,112464,8265,25,0,3795,420,1,1,1597,648,2,1,2609,40,2,1,524
random_v1_100,random_v1,train,G->A|evm|fund:ga,CTLCOnly,single-level,1,1,1,1,0,1100963,64620,64620,59561,7091,8,0,1286,196,1,1,793,196,1,1,793,4,1,1,229
random_v1_100,random_v1,train,D->E|evm|fund:de,CTLCMultipleEdges,single-level+multi-option,1,2,2,2,0,1331098,80267,80267,59539,7945,17,0,2512,516,1,1,1953,516,1,1,1953,4,1,1,224
random_v1_100,random_v1,train,C->D|evm|fund:cd,CTLCMultipleEdges,multi-level+multi-option,2,1|2,3,2,1,1515500,75948,137535,112464,8265,25,0,3795,420,1,1,1597,648,2,1,2609,40,2,1,524
random_v1_100,random_v1,train,D->G|evm|fund:dg,CTLCOnly,single-level,1,1,1,1,0,1123887,68747,68747,59561,7123,9,0,1374,292,1,1,1134,292,1,1,1134,4,1,1,229
random_v1_100,random_v1,train,B->A|evm|fund:ba,CTLCOnly,single-level,1,1,1,1,0,1100987,64620,64620,59561,7091,8,0,1286,196,1,1,793,196,1,1,793,4,1,1,229
random_v1_100,random_v1,train,B->C|evm|fund:bc,CTLCMultipleEdges,multi-level+multi-option,2,1|2,3,2,1,1584284,80267,141843,112464,8361,28,0,4059,516,1,1,1953,744,2,1,2965,40,2,1,524
random_v1_100,random_v1,train,F->G|evm|fund:fg,CTLCOnly,single-level,1,1,1,1,0,1123899,68747,68747,59561,7123,9,0,1374,292,1,1,1134,292,1,1,1134,4,1,1,229
random_v1_100,random_v1,train,C->B|evm|fund:cb,CTLCMultipleEdges,multi-level+multi-option,3,1|1|2,4,2,2,1699962,71641,177680,148301,8585,33,0,5078,324,1,1,1241,780,3,1,3265,76,3,1,824
random_v1_100,random_v1,train,E->F|evm|fund:ef,CTLCMultipleEdges,single-level+multi-option,1,2,2,2,0,1285262,75936,75936,59539,7881,15,0,2336,420,1,1,1597,420,1,1,1597,4,1,1,224
random_v1_101,random_v1,train,D->A|evm|fund:da,CTLCOnly,single-level,1,1,1,1,0,1100975,64620,64620,59561,7091,8,0,1286,196,1,1,793,196,1,1,793,4,1,1,229
random_v1_101,random_v1,train,C->D|evm|fund:cd,CTLCOnly,single-level,1,1,1,1,0,1123887,68747,68747,59561,7123,9,0,1374,292,1,1,1134,292,1,1,1134,4,1,1,229
random_v1_101,random_v1,train,C->A|evm|fund:ca,CTLCOnly,single-level,1,1,1,1,0,1100987,64620,64620,59561,7091,8,0,1286,196,1,1,793,196,1,1,793,4,1,1,229
random_v1_101,random_v1,train,B->A|evm|fund:ba,CTLCOnly,single-level,1,1,1,1,0,1100987,64620,64620,59561,7091,8,0,1286,196,1,1,793,196,1,1,793,4,1,1,229
random_v1_101,random_v1,train,D->C|evm|fund:dc,CTLCOnly,single-level,1,1,1,1,0,1123899,68747,68747,59561,7123,9,0,1374,292,1,1,1134,292,1,1,1134,4,1,1,229
random_v1_101,random_v1,train,B->C|evm|fund:bc,CTLCOnly,multi-level,2,1|1,2,1,1,1239070,68747,125833,112508,7315,14,0,2176,292,1,1,1134,424,2,1,1780,40,2,1,534
random_v1_102,random_v1,train,D->A|evm|fund:da,CTLCOnly,single-level,1,1,1,1,0,1100987,64620,64620,59561,7091,8,0,1286,196,1,1,793,196,1,1,793,4,1,1,229
random_v1_102,random_v1,train,C->D|evm|fund:cd,CTLCOnly,multi-level,2,1|1,2,1,1,1261970,68747,129972,112508,7347,15,0,2264,292,1,1,1134,520,2,1,2121,40,2,1,534
random_v1_102,random_v1,train,F->A|evm|fund:fa,CTLCOnly,single-level,1,1,1,1,0,1100987,64620,64620,59561,7091,8,0,1286,196,1,1,793,196,1,1,793,4,1,1,229
random_v1_102,random_v1,train,D->E|evm|fund:de,CTLCOnly,single-level,1,1,1,1,0,1146799,72874,72874,59561,7155,10,0,1462,388,1,1,1475,388,1,1,1475,4,1,1,229
random_v1_102,random_v1,train,B->D|evm|fund:bd,CTLCOnly,multi-level,2,1|1,2,1,1,1261994,68723,129972,112508,7347,15,0,2264,292,1,1,1134,520,2,1,2121,40,2,1,534
random_v1_102,random_v1,train,E->F|evm|fund:ef,CTLCOnly,single-level,1,1,1,1,0,1123899,68735,68735,59561,7123,9,0,1374,292,1,1,1134,292,1,1,1134,4,1,1,229
random_v1_102,random_v1,train,B->C|evm|fund:bc,CTLCOnly,multi-level,2,1|1,2,1,1,1307806,72874,134123,112508,7411,17,0,2440,388,1,1,1475,616,2,1,2462,40,2,1,534
random_v1_103,random_v1,train,B->D|evm|fund:bd,CTLCMultipleEdges,multi-level+multi-option,2,1|2,3,2,1,1400976,71617,128885,112464,8105,20,0,3355,324,1,1,1241,456,2,1,1897,40,2,1,524
random_v1_103,random_v1,train,D->E|evm|fund:de,CTLCMultipleEdges,single-level+multi-option,1,2,2,2,0,1239450,71641,71641,59539,7817,13,0,2160,324,1,1,1241,324,1,1,1241,4,1,1,224
random_v1_103,random_v1,train,D->A|evm|fund:da,CTLCOnly,single-level,1,1,1,1,0,1100987,64620,64620,59561,7091,8,0,1286,196,1,1,793,196,1,1,793,4,1,1,229
random_v1_103,random_v1,train,E->A|evm|fund:ea,CTLCOnly,single-level,1,1,1,1,0,1100987,64620,64620,59561,7091,8,0,1286,196,1,1,793,196,1,1,793,4,1,1,229
random_v1_103,random_v1,train,C->D|evm|fund:cd,CTLCMultipleEdges,multi-level+multi-option,2,1|2,3,2,1,1400964,71641,128885,112464,8105,20,0,3355,324,1,1,1241,456,2,1,1897,40,2,1,524
random_v1_103,random_v1,train,B->C|evm|fund:bc,CTLCMultipleEdges,multi-level+multi-option,2,1|2,3,2,1,1469700,75948,133204,112464,8201,23,0,3619,420,1,1,1597,552,2,1,2253,40,2,1,524
random_v1_104,random_v1,train,D->A|evm|fund:da,CTLCOnly,single-level,1,1,1,1,0,1100987,64620,64620,59561,7091,8,0,1286,196,1,1,793,196,1,1,793,4,1,1,229
random_v1_104,random_v1,train,C->D|evm|fund:cd,CTLCOnly,single-level,1,1,1,1,0,1123899,68747,68747,59561,7123,9,0,1374,292,1,1,1134,292,1,1,1134,4,1,1,229
random_v1_104,random_v1,train,B->C|evm|fund:bc,CTLCOnly,single-level,1,1,1,1,0,1146799,72874,72874,59561,7155,10,0,1462,388,1,1,1475,388,1,1,1475,4,1,1,229
random_v1_105,random_v1,train,B->D|evm|fund:bd,CTLCMultipleEdges,multi-level+multi-option,2,1|2,3,2,1,1400952,71617,128885,112464,8105,20,0,3355,324,1,1,1241,456,2,1,1897,40,2,1,524
random_v1_105,random_v1,train,D->E|evm|fund:de,CTLCMultipleEdges,single-level+multi-option,1,2,2,2,0,1239450,71641,71641,59539,7817,13,0,2160,324,1,1,1241,324,1,1,1241,4,1,1,224
random_v1_105,random_v1,train,D->A|evm|fund:da,CTLCOnly,single-level,1,1,1,1,0,1100987,64620,64620,59561,7091,8,0,1286,196,1,1,793,196,1,1,793,4,1,1,229
random_v1_105,random_v1,train,E->A|evm|fund:ea,CTLCOnly,single-level,1,1,1,1,0,1100987,64620,64620,59561,7091,8,0,1286,196,1,1,793,196,1,1,793,4,1,1,229
random_v1_105,random_v1,train,C->D|evm|fund:cd,CTLCMultipleEdges,multi-level+multi-option,2,1|2,3,2,1,1400976,71641,128885,112464,8105,20,0,3355,324,1,1,1241,456,2,1,1897,40,2,1,524
random_v1_105,random_v1,train,E->D|evm|fund:ed,CTLCOnly,single-level,1,1,1,1,0,1123887,68747,68747,59561,7123,9,0,1374,292,1,1,1134,292,1,1,1134,4,1,1,229
random_v1_105,random_v1,train,C->E|evm|fund:ce,CTLCMultipleEdges,multi-level+multi-option,2,2|2,4,2,1,1470231,71641,128885,112464,8233,23,0,3836,324,1,1,1241,456,2,1,1897,40,2,1,524
random_v1_105,random_v1,train,B->C|evm|fund:bc,CTLCMultipleEdges,multi-level+multi-option,2,3|4,7,4,1,1884192,75948,133204,112464,8905,41,0,6071,420,1,1,1597,552,2,1,2253,40,2,1,524
random_v1_106,random_v1,train,D->E|evm|fund:de,CTLCMultipleEdges,single-level+multi-option,1,2,2,2,0,1239462,71641,71641,59539,7817,13,0,2160,324,1,1,1241,324,1,1,1241,4,1,1,224
random_v1_106,random_v1,train,E->A|evm|fund:ea,CTLCOnly,single-level,1,1,1,1,0,1100987,64620,64620,59561,7091,8,0,1286,196,1,1,793,196,1,1,793,4,1,1,229
random_v1_106,random_v1,train,C->A|evm|fund:ca,CTLCOnly,single-level,1,1,1,1,0,1100987,64620,64620,59561,7091,8,0,1286,196,1,1,793,196,1,1,793,4,1,1,229
random_v1_106,random_v1,train,C->D|evm|fund:cd,CTLCMultipleEdges,single-level+multi-option,1,2,2,2,0,1285274,75948,75948,59539,7881,15,0,2336,420,1,1,1597,420,1,1,1597,4,1,1,224
random_v1_106,random_v1,train,B->C|evm|fund:bc,CTLCMultipleEdges,multi-level+multi-option,2,1|2,3,2,1,1446776,71641,133204,112464,8169,22,0,3531,324,1,1,1241,552,2,1,2253,40,2,1,524
random_v1_107,random_v1,train,C->F|evm|fund:cf,CTLCOnly,multi-level,2,1|1,2,1,1,1261958,68747,129960,112508,7347,15,0,2264,292,1,1,1134,520,2,1,2121,40,2,1,534
random_v1_107,random_v1,train,D->F|evm|fund:df,CTLCOnly,single-level,1,1,1,1,0,1123899,68747,68747,59561,7123,9,0,1374,292,1,1,1134,292,1,1,1134,4,1,1,229
random_v1_107,random_v1,train,D->B|evm|fund:db,CTLCOnly,multi-level,2,1|1,2,1,1,1261994,68747,129972,112508,7347,15,0,2264,292,1,1,1134,520,2,1,2121,40,2,1,534
random_v1_107,random_v1,train,F->D|evm|fund:fd,CTLCOnly,single-level,1,1,1,1,0,1146811,72874,72874,59561,7155,10,0,1462,388,1,1,1475,388,1,1,1475,4,1,1,229
random_v1_107,random_v1,train,D->E|evm|fund:de,CTLCMultipleEdges,single-level+multi-option,1,3,3,3,0,1377453,75948,75948,59539,8041,19,0,2905,420,1,1,1597,420,1,1,1597,4,1,1,224
random_v1_107,random_v1,train,C->D|evm|fund:cd,CTLCMultipleEdges,multi-level+multi-option,2,2|3,5,3,1,1676958,75948,133204,112464,8553,32,0,4845,420,1,1,1597,552,2,1,2253,40,2,1,524
random_v1_107,random_v1,train,F->A|evm|fund:fa,CTLCOnly,single-level,1,1,1,1,0,1100987,64620,64620,59561,7091,8,0,1286,196,1,1,793,196,1,1,793,4,1,1,229
random_v1_107,random_v1,train,B->A|evm|fund:ba,CTLCOnly,single-level,1,1,1,1,0,1100987,64620,64620,59561,7091,8,0,1286,196,1,1,793,196,1,1,793,4,1,1,229
random_v1_107,random_v1,train,E->F|evm|fund:ef,CTLCOnly,multi-level,2,1|1,2,1,1,1261994,68723,129972,112508,7347,15,0,2264,292,1,1,1134,520,2,1,2121,40,2,1,534
random_v1_107,random_v1,train,B->C|evm|fund:bc,CTLCMultipleEdges,multi-level+multi-option,3,1|1|3,5,3,2,1815053,75948,173372,148301,8777,38,0,5735,420,1,1,1597,684,3,1,2909,76,3,1,824
random_v1_108,random_v1,train,D->A|evm|fund:da,CTLCOnly,single-level,1,1,1,1,0,1100987,64620,64620,59561,7091,8,0,1286,196,1,1,793,196,1,1,793,4,1,1,229
random_v1_108,random_v1,train,F->B|evm|fund:fb,CTLCMultipleEdges,multi-level+multi-option,3,1|2|2,5,2,2,1677557,71641,169041,148301,8585,32,0,5207,324,1,1,1241,588,3,1,2553,76,3,1,824
random_v1_108,random_v1,train,C->A|evm|fund:ca,CTLCOnly,single-level,1,1,1,1,0,1100987,64620,64620,59561,7091,8,0,1286,196,1,1,793,196,1,1,793,4,1,1,229
random_v1_108,random_v1,train,C->D|evm|fund:cd,CTLCMultipleEdges,multi-level+multi-option,3,2|2|2,6,2,2,1838448,71641,173372,148301,8841,39,0,6040,324,1,1,1241,684,3,1,2909,76,3,1,824
random_v1_108,random_v1,train,F->A|evm|fund:fa,CTLCOnly,single-level,1,1,1,1,0,1100987,64620,64620,59561,7091,8,0,1286,196,1,1,793,196,1,1,793,4,1,1,229
random_v1_108,random_v1,train,B->A|evm|fund:ba,CTLCOnly,single-level,1,1,1,1,0,1100987,64620,64620,59561,7091,8,0,1286,196,1,1,793,196,1,1,793,4,1,1,229
random_v1_108,random_v1,train,D->E|evm|fund:de,CTLCOnly,multi-level,3,1|1|1,3,1,2,1445925,72874,169970,148367,7635,23,0,3330,388,1,1,1475,652,3,1,2767,76,3,1,839
random_v1_108,random_v1,train,B->D|evm|fund:bd,CTLCOnly,multi-level,2,1|1,2,1,1,1261994,68747,129972,112508,7347,15,0,2264,292,1,1,1134,520,2,1,2121,40,2,1,534
random_v1_108,random_v1,train,B->C|evm|fund:bc,CTLCMultipleEdges,multi-level+multi-option,3,1|2|2,5,2,2,1723357,71641,173372,148301,8649,34,0,5383,324,1,1,1241,684,3,1,2909,76,3,1,824
random_v1_108,random_v1,train,E->F|evm|fund:ef,CTLCMultipleEdges,multi-level+multi-option,4,1|1|2|2,6,2,3,1907843,71629,209209,184138,8969,42,0,6666,324,1,1,1241,720,4,1,3209,112,4,1,1124
random_v1_109,random_v1,train,G->A|evm|fund:ga,CTLCOnly,single-level,1,1,1,1,0,1100975,64620,64620,59561,7091,8,0,1286,196,1,1,793,196,1,1,793,4,1,1,229
random_v1_109,random_v1,train,D->E|evm|fund:de,CTLCMultipleEdges,multi-level+multi-option,2,2|4,6,4,1,1792037,75948,133204,112464,8745,37,0,5502,420,1,1,1597,552,2,1,2253,40,2,1,524
random_v1_109,random_v1,train,C->D|evm|fund:cd,CTLCMultipleEdges,multi-level+multi-option,2,4|8,12,8,1,2711756,80267,137535,112464,10217,77,0,10324,516,1,1,1953,648,2,1,2609,40,2,1,524
random_v1_109,random_v1,train,F->A|evm|fund:fa,CTLCOnly,single-level,1,1,1,1,0,1100987,64620,64620,59561,7091,8,0,1286,196,1,1,793,196,1,1,793,4,1,1,229
random_v1_109,random_v1,train,F->G|evm|fund:fg,CTLCMultipleEdges,single-level+multi-option,1,2,2,2,0,1239462,71641,71641,59539,7817,13,0,2160,324,1,1,1241,324,1,1,1241,4,1,1,224
random_v1_109,random_v1,train,C->E|evm|fund:ce,CTLCMultipleEdges,multi-level+multi-option,2,1|2,3,2,1,1469712,75948,133204,112464,8201,23,0,3619,420,1,1,1597,552,2,1,2253,40,2,1,524
random_v1_109,random_v1,train,B->C|evm|fund:bc,CTLCMultipleEdges,multi-level+multi-option,3,1|6|8,15,8,2,3424490,80267,177680,148301,11337,108,0,14065,516,1,1,1953,780,3,1,3265,76,3,1,824
random_v1_109,random_v1,train,D->C|evm|fund:dc,CTLCMultipleEdges,multi-level+multi-option,2,1|2,3,2,1,1538412,80267,137535,112464,8297,26,0,3883,516,1,1,1953,648,2,1,2609,40,2,1,524
random_v1_109,random_v1,train,E->F|evm|fund:ef,CTLCMultipleEdges,multi-level+multi-option,2,1|2,3,2,1,1400964,71641,128873,112464,8105,20,0,3355,324,1,1,1241,456,2,1,1897,40,2,1,524
random_v1_11,random_v1,train,B->D|evm|fund:bd,CTLCMultipleEdges,multi-level+multi-option,2,2|1,3,2,1,1515524,80267,137511,112464,8265,25,0,3795,516,1,1,1953,648,2,1,2609,40,2,1,524
random_v1_11,random_v1,train,F->D|evm|fund:fd,CTLCMultipleEdges,single-level+multi-option,1,2,2,2,0,1331110,80267,80267,59539,7945,17,0,2512,516,1,1,1953,516,1,1,1953,4,1,1,224
random_v1_11,random_v1,train,G->A|evm|fund:ga,CTLCOnly,single-level,1,1,1,1,0,1100951,64620,64620,59561,7091,8,0,1286,196,1,1,793,196,1,1,793,4,1,1,229
random_v1_11,random_v1,train,D->E|evm|fund:de,CTLCMultipleEdges,multi-level+multi-option,2,2|1,3,2,1,1446800,75948,133204,112464,8169,22,0,3531,420,1,1,1597,552,2,1,2253,40,2,1,524
random_v1_11,random_v1,train,C->D|evm|fund:cd,CTLCMultipleEdges,multi-level+multi-option,2,2|1,3,2,1,1515536,80267,137535,112464,8265,25,0,3795,516,1,1,1953,648,2,1,2609,40,2,1,524
random_v1_11,random_v1,train,E->F|evm|fund:ef,CTLCOnly,single-level,1,1,1,1,0,1146811,72862,72862,59561,7155,10,0,1462,388,1,1,1475,388,1,1,1475,4,1,1,229
random_v1_11,random_v1,train,B->C|evm|fund:bc,CTLCMultipleEdges,multi-level+multi-option,2,2|1,3,2,1,1584260,84598,141843,112464,8361,28,0,4059,612,1,1,2309,744,2,1,2965,40,2,1,524
random_v1_11,random_v1,train,F->G|evm|fund:fg,CTLCOnly,single-level,1,1,1,1,0,1123899,68747,68747,59561,7123,9,0,1374,292,1,1,1134,292,1,1,1134,4,1,1,229
random_v1_11,random_v1,train,E->G|evm|fund:eg,CTLCMultipleEdges,single-level+multi-option,1,2,2,2,0,1239462,71641,71641,59539,7817,13,0,2160,324,1,1,1241,324,1,1,1241,4,1,1,224
random_v1_110,random_v1,train,E->A|evm|fund:ea,CTLCOnly,single-level,1,1,1,1,0,1100987,64620,64620,59561,7091,8,0,1286,196,1,1,793,196,1,1,793,4,1,1,229
random_v1_110,random_v1,train,C->D|evm|fund:cd,CTLCOnly,single-level,1,1,1,1,0,1146811,72874,72874,59561,7155,10,0,1462,388,1,1,1475,388,1,1,1475,4,1,1,229
random_v1_110,random_v1,train,D->E|evm|fund:de,CTLCOnly,single-level,1,1,1,1,0,1123887,68747,68747,59561,7123,9,0,1374,292,1,1,1134,292,1,1,1134,4,1,1,229
random_v1_110,random_v1,train,C->E|evm|fund:ce,CTLCOnly,single-level,1,1,1,1,0,1123899,68747,68747,59561,7123,9,0,1374,292,1,1,1134,292,1,1,1134,4,1,1,229
random_v1_110,random_v1,train,B->C|evm|fund:bc,CTLCOnly,multi-level,2,1|1,2,1,1,1284894,72874,129972,112508,7379,16,0,2352,388,1,1,1475,520,2,1,2121,40,2,1,534
random_v1_111,random_v1,train,C->A|evm|fund:ca,CTLCOnly,single-level,1,1,1,1,0,1100975,64620,64620,59561,7091,8,0,1286,196,1,1,793,196,1,1,793,4,1,1,229
random_v1_111,random_v1,train,C->D|evm|fund:cd,CTLCMultipleEdges,single-level+multi-option,1,2,2,2,0,1239462,71641,71641,59539,7817,13,0,2160,324,1,1,1241,324,1,1,1241,4,1,1,224
random_v1_111,random_v1,train,B->A|evm|fund:ba,CTLCOnly,single-level,1,1,1,1,0,1100987,64620,64620,59561,7091,8,0,1286,196,1,1,793,196,1,1,793,4,1,1,229
random_v1_111,random_v1,train,D->A|evm|fund:da,CTLCMultipleEdges,single-level+multi-option,1,2,2,2,0,1193638,67334,67334,59539,7753,11,0,1984,228,1,1,885,228,1,1,885,4,1,1,224
random_v1_111,random_v1,train,B->C|evm|fund:bc,CTLCMultipleEdges,multi-level+multi-option,2,2|4,6,4,1,1654517,71641,128885,112464,8553,31,0,4974,324,1,1,1241,456,2,1,1897,40,2,1,524
random_v1_112,random_v1,train,G->A|evm|fund:ga,CTLCOnly,single-level,1,1,1,1,0,1100975,64620,64620,59561,7091,8,0,1286,196,1,1,793,196,1,1,793,4,1,1,229
random_v1_112,random_v1,train,D->E|evm|fund:de,CTLCMultipleEdges,single-level+multi-option,1,2,2,2,0,1331098,80255,80255,59539,7945,17,0,2512,516,1,1,1953,516,1,1,1953,4,1,1,224
random_v1_112,random_v1,train,D->A|evm|fund:da,CTLCOnly,single-level,1,1,1,1,0,1100987,64620,64620,59561,7091,8,0,1286,196,1,1,793,196,1,1,793,4,1,1,229
random_v1_112,random_v1,train,C->D|evm|fund:cd,CTLCMultipleEdges,multi-level+multi-option,2,1|2,3,2,1,1492588,71641,137535,112464,8233,24,0,3707,324,1,1,1241,648,2,1,2609,40,2,1,524
random_v1_112,random_v1,train,C->E|evm|fund:ce,CTLCMultipleEdges,single-level+multi-option,1,2,2,2,0,1331110,80267,80267,59539,7945,17,0,2512,516,1,1,1953,516,1,1,1953,4,1,1,224
random_v1_112,random_v1,train,E->F|evm|fund:ef,CTLCOnly,single-level,1,1,1,1,0,1146811,72862,72862,59561,7155,10,0,1462,388,1,1,1475,388,1,1,1475,4,1,1,229
random_v1_112,random_v1,train,B->C|evm|fund:bc,CTLCOnly,multi-level,3,1|1|1,3,1,2,1491725,72874,174110,148367,7699,25,0,3506,388,1,1,1475,748,3,1,3108,76,3,1,839
random_v1_112,random_v1,train,E->B|evm|fund:eb,CTLCOnly,multi-level,2,1|1,2,1,1,1284906,72874,129972,112508,7379,16,0,2352,388,1,1,1475,520,2,1,2121,40,2,1,534
random_v1_112,random_v1,train,F->G|evm|fund:fg,CTLCOnly,single-level,1,1,1,1,0,1123899,68747,68747,59561,7123,9,0,1374,292,1,1,1134,292,1,1,1134,4,1,1,229
random_v1_112,random_v1,train,B->G|evm|fund:bg,CTLCOnly,single-level,1,1,1,1,0,1123875,68747,68747,59561,7123,9,0,1374,292,1,1,1134,292,1,1,1134,4,1,1,229
random_v1_113,random_v1,train,E->A|evm|fund:ea,CTLCOnly,single-level,1,1,1,1,0,1100987,64620,64620,59561,7091,8,0,1286,196,1,1,793,196,1,1,793,4,1,1,229
random_v1_113,random_v1,train,C->D|evm|fund:cd,CTLCOnly,single-level,1,1,1,1,0,1146811,72874,72874,59561,7155,10,0,1462,388,1,1,1475,388,1,1,1475,4,1,1,229
random_v1_113,random_v1,train,D->E|evm|fund:de,CTLCOnly,single-level,1,1,1,1,0,1123899,68747,68747,59561,7123,9,0,1374,292,1,1,1134,292,1,1,1134,4,1,1,229
random_v1_113,random_v1,train,B->C|evm|fund:bc,CTLCMultipleEdges,single-level+multi-option,1,3,3,3,0,1446153,80267,80267,59539,8137,22,0,3169,516,1,1,1953,516,1,1,1953,4,1,1,224
random_v1_114,random_v1,train,D->E|evm|fund:de,CTLCMultipleEdges,single-level+multi-option,1,2,2,2,0,1331110,80267,80267,59539,7945,17,0,2512,516,1,1,1953,516,1,1,1953,4,1,1,224
random_v1_114,random_v1,train,C->D|evm|fund:cd,CTLCMultipleEdges,multi-level+multi-option,3,2|2|2,6,2,2,1838424,71641,173372,148301,8841,39,0,6040,324,1,1,1241,684,3,1,2909,76,3,1,824
random_v1_114,random_v1,train,D->A|evm|fund:da,CTLCMultipleEdges,single-level+multi-option,1,2,2,2,0,1193638,67334,67334,59539,7753,11,0,1984,228,1,1,885,228,1,1,885,4,1,1,224
random_v1_114,random_v1,train,F->G|evm|fund:fg,CTLCMultipleEdges,single-level+multi-option,1,2,2,2,0,1239450,71641,71641,59539,7817,13,0,2160,324,1,1,1241,324,1,1,1241,4,1,1,224
random_v1_114,random_v1,train,D->F|evm|fund:df,CTLCMultipleEdges,single-level+multi-option,1,2,2,2,0,1285286,75948,75948,59539,7881,15,0,2336,420,1,1,1597,420,1,1,1597,4,1,1,224
random_v1_114,random_v1,train,G->A|evm|fund:ga,CTLCMultipleEdges,single-level+multi-option,1,2,2,2,0,1193626,67334,67334,59539,7753,11,0,1984,228,1,1,885,228,1,1,885,4,1,1,224
random_v1_114,random_v1,train,B->C|evm|fund:bc,CTLCMultipleEdges,multi-level+multi-option,3,2|2|2,6,2,2,1975920,75948,177668,148301,9033,45,0,6568,420,1,1,1597,780,3,1,3265,76,3,1,824
random_v1_114,random_v1,train,E->F|evm|fund:ef,CTLCMultipleEdges,single-level+multi-option,1,2,2,2,0,1285286,75936,75936,59539,7881,15,0,2336,420,1,1,1597,420,1,1,1597,4,1,1,224
random_v1_115,random_v1,train,C->F|evm|fund:cf,CTLCOnly,single-level,1,1,1,1,0,1123887,68747,68747,59561,7123,9,0,1374,292,1,1,1134,292,1,1,1134,4,1,1,229
random_v1_115,random_v1,train,B->D|evm|fund:bd,CTLCMultipleEdges,multi-level+multi-option,3,2|2|1,5,2,2,1746245,75948,173360,148301,8681,35,0,5471,420,1,1,1597,684,3,1,2909,76,3,1,824
random_v1_115,random_v1,train,D->E|evm|fund:de,CTLCMultipleEdges,multi-level+multi-option,3,2|2|1,5,2,2,1631757,71641,169041,148301,8521,30,0,5031,324,1,1,1241,588,3,1,2553,76,3,1,824
random_v1_115,random_v1,train,C->A|evm|fund:ca,CTLCOnly,single-level,1,1,1,1,0,1100987,64620,64620,59561,7091,8,0,1286,196,1,1,793,196,1,1,793,4,1,1,229
random_v1_115,random_v1,train,C->D|evm|fund:cd,CTLCMultipleEdges,multi-level+multi-option,2,2|1,3,2,1,1446800,75948,133204,112464,8169,22,0,3531,420,1,1,1597,552,2,1,2253,40,2,1,524
random_v1_115,random_v1,train,E->C|evm|fund:ec,CTLCOnly,multi-level,2,1|1,2,1,1,1239082,68747,125833,112508,7315,14,0,2176,292,1,1,1134,424,2,1,1780,40,2,1,534
random_v1_115,random_v1,train,F->A|evm|fund:fa,CTLCOnly,single-level,1,1,1,1,0,1100987,64620,64620,59561,7091,8,0,1286,196,1,1,793,196,1,1,793,4,1,1,229
random_v1_115,random_v1,train,B->F|evm|fund:bf,CTLCOnly,single-level,1,1,1,1,0,1123899,68747,68747,59561,7123,9,0,1374,292,1,1,1134,292,1,1,1134,4,1,1,229
random_v1_115,random_v1,train,E->A|evm|fund:ea,CTLCMultipleEdges,single-level+multi-option,1,2,2,2,0,1193626,67334,67334,59539,7753,11,0,1984,228,1,1,885,228,1,1,885,4,1,1,224
random_v1_115,random_v1,train,E->F|evm|fund:ef,CTLCOnly,single-level,1,1,1,1,0,1123899,68735,68735,59561,7123,9,0,1374,292,1,1,1134,292,1,1,1134,4,1,1,229
random_v1_115,random_v1,train,B->C|evm|fund:bc,CTLCMultipleEdges,multi-level+multi-option,4,1|1|2|1,5,2,3,1769864,71641,209209,184138,8745,36,0,5921,324,1,1,1241,720,4,1,3209,112,4,1,1124
random_v1_116,random_v1,train,D->E|evm|fund:de,CTLCMultipleEdges,single-level+multi-option,1,2,2,2,0,1285286,75948,75948,59539,7881,15,0,2336,420,1,1,1597,420,1,1,1597,4,1,1,224
random_v1_116,random_v1,train,D->A|evm|fund:da,CTLCOnly,single-level,1,1,1,1,0,1100975,64620,64620,59561,7091,8,0,1286,196,1,1,793,196,1,1,793,4,1,1,229
random_v1_116,random_v1,train,C->D|evm|fund:cd,CTLCMultipleEdges,multi-level+multi-option,2,2|4,6,4,1,1746213,71641,133204,112464,8681,35,0,5326,324,1,1,1241,552,2,1,2253,40,2,1,524
random_v1_116,random_v1,train,E->B|evm|fund:eb,CTLCMultipleEdges,single-level+multi-option,1,2,2,2,0,1331110,80267,80267,59539,7945,17,0,2512,516,1,1,1953,516,1,1,1953,4,1,1,224
random_v1_116,random_v1,train,F->A|evm|fund:fa,CTLCMultipleEdges,single-level+multi-option,1,2,2,2,0,1193638,67334,67334,59539,7753,11,0,1984,228,1,1,885,228,1,1,885,4,1,1,224
random_v1_116,random_v1,train,B->C|evm|fund:bc,CTLCMultipleEdges,multi-level+multi-option,2,2|4,6,4,1,1883637,75948,137535,112464,8873,41,0,5854,420,1,1,1597,648,2,1,2609,40,2,1,524
random_v1_116,random_v1,train,E->F|evm|fund:ef,CTLCMultipleEdges,single-level+multi-option,1,2,2,2,0,1239462,71641,71641,59539,7817,13,0,2160,324,1,1,1241,324,1,1,1241,4,1,1,224
random_v1_117,random_v1,train,B->D|evm|fund:bd,CTLCMultipleEdges,single-level+multi-option,1,2,2,2,0,1239462,71617,71617,59539,7817,13,0,2160,324,1,1,1241,324,1,1,1241,4,1,1,224
random_v1_117,random_v1,train,C->D|evm|fund:cd,CTLCMultipleEdges,single-level+multi-option,1,2,2,2,0,1239450,71641,71641,59539,7817,13,0,2160,324,1,1,1241,324,1,1,1241,4,1,1,224
random_v1_117,random_v1,train,D->A|evm|fund:da,CTLCMultipleEdges,single-level+multi-option,1,2,2,2,0,1193638,67334,67334,59539,7753,11,0,1984,228,1,1,885,228,1,1,885,4,1,1,224
random_v1_117,random_v1,train,B->C|evm|fund:bc,CTLCMultipleEdges,single-level+multi-option,1,2,2,2,0,1285274,75948,75948,59539,7881,15,0,2336,420,1,1,1597,420,1,1,1597,4,1,1,224
random_v1_118,random_v1,train,D->E|evm|fund:de,CTLCMultipleEdges,multi-level+multi-option,2,1|2,3,2,1,1400964,71641,128885,112464,8105,20,0,3355,324,1,1,1241,456,2,1,1897,40,2,1,524
random_v1_118,random_v1,train,E->A|evm|fund:ea,CTLCOnly,single-level,1,1,1,1,0,1100975,64620,64620,59561,7091,8,0,1286,196,1,1,793,196,1,1,793,4,1,1,229
random_v1_118,random_v1,train,C->D|evm|fund:cd,CTLCOnly,single-level,1,1,1,1,0,1146811,72874,72874,59561,7155,10,0,1462,388,1,1,1475,388,1,1,1475,4,1,1,229
random_v1_118,random_v1,train,C->A|evm|fund:ca,CTLCOnly,single-level,1,1,1,1,0,1100987,64620,64620,59561,7091,8,0,1286,196,1,1,793,196,1,1,793,4,1,1,229
random_v1_118,random_v1,train,C->E|evm|fund:ce,CTLCOnly,single-level,1,1,1,1,0,1123887,68747,68747,59561,7123,9,0,1374,292,1,1,1134,292,1,1,1134,4,1,1,229
random_v1_118,random_v1,train,E->C|evm|fund:ec,CTLCMultipleEdges,single-level+multi-option,1,2,2,2,0,1239462,71641,71641,59539,7817,13,0,2160,324,1,1,1241,324,1,1,1241,4,1,1,224
random_v1_118,random_v1,train,B->C|evm|fund:bc,CTLCOnly,multi-level,3,1|1|1,3,1,2,1377177,68747,165831,148367,7539,20,0,3066,292,1,1,1134,556,3,1,2426,76,3,1,839
random_v1_119,random_v1,train,D->E|evm|fund:de,CTLCMultipleEdges,single-level+multi-option,1,2,2,2,0,1239450,71641,71641,59539,7817,13,0,2160,324,1,1,1241,324,1,1,1241,4,1,1,224
random_v1_119,random_v1,train,C->D|evm|fund:cd,CTLCMultipleEdges,single-level+multi-option,1,2,2,2,0,1285274,75948,75948,59539,7881,15,0,2336,420,1,1,1597,420,1,1,1597,4,1,1,224
random_v1_119,random_v1,train,E->A|evm|fund:ea,CTLCMultipleEdges,single-level+multi-option,1,2,2,2,0,1193626,67334,67334,59539,7753,11,0,1984,228,1,1,885,228,1,1,885,4,1,1,224
random_v1_119,random_v1,train,B->C|evm|fund:bc,CTLCMultipleEdges,single-level+multi-option,1,2,2,2,0,1331098,80267,80267,59539,7945,17,0,2512,516,1,1,1953,516,1,1,1953,4,1,1,224
random_v1_12,random_v1,train,D->A|evm|fund:da,CTLCOnly,single-level,1,1,1,1,0,1100987,64620,64620,59561,7091,8,0,1286,196,1,1,793,196,1,1,793,4,1,1,229
random_v1_12,random_v1,train,C->D|evm|fund:cd,CTLCOnly,single-level,1,1,1,1,0,1123887,68747,68747,59561,7123,9,0,1374,292,1,1,1134,292,1,1,1134,4,1,1,229
random_v1_12,random_v1,train,B->D|evm|fund:bd,CTLCOnly,single-level,1,1,1,1,0,1123899,68747,68747,59561,7123,9,0,1374,292,1,1,1134,292,1,1,1134,4,1,1,229
random_v1_12,random_v1,train,B->C|evm|fund:bc,CTLCMultipleEdges,single-level+multi-option,1,2,2,2,0,1285274,75948,75948,59539,7881,15,0,2336,420,1,1,1597,420,1,1,1597,4,1,1,224
random_v1_120,random_v1,train,E->A|evm|fund:ea,CTLCOnly,single-level,1,1,1,1,0,1100987,64620,64620,59561,7091,8,0,1286,196,1,1,793,196,1,1,793,4,1,1,229
random_v1_120,random_v1,train,C->D|evm|fund:cd,CTLCOnly,single-level,1,1,1,1,0,1146811,72874,72874,59561,7155,10,0,1462,388,1,1,1475,388,1,1,1475,4,1,1,229
random_v1_120,random_v1,train,D->E|evm|fund:de,CTLCOnly,single-level,1,1,1,1,0,1123899,68747,68747,59561,7123,9,0,1374,292,1,1,1134,292,1,1,1134,4,1,1,229
random_v1_120,random_v1,train,B->C|evm|fund:bc,CTLCOnly,single-level,1,1,1,1,0,1169711,77013,77013,59561,7187,11,0,1550,484,1,1,1816,484,1,1,1816,4,1,1,229
random_v1_121,random_v1,train,E->A|evm|fund:ea,CTLCOnly,single-level,1,1,1,1,0,1100987,64620,64620,59561,7091,8,0,1286,196,1,1,793,196,1,1,793,4,1,1,229
random_v1_121,random_v1,train,C->B|evm|fund:cb,CTLCOnly,single-level,1,1,1,1,0,1123899,68747,68747,59561,7123,9,0,1374,292,1,1,1134,292,1,1,1134,4,1,1,229
random_v1_121,random_v1,train,C->D|evm|fund:cd,CTLCOnly,single-level,1,1,1,1,0,1146799,72874,72874,59561,7155,10,0,1462,388,1,1,1475,388,1,1,1475,4,1,1,229
random_v1_121,random_v1,train,E->C|evm|fund:ec,CTLCOnly,single-level,1,1,1,1,0,1146811,72874,72874,59561,7155,10,0,1462,388,1,1,1475,388,1,1,1475,4,1,1,229
random_v1_121,random_v1,train,B->A|evm|fund:ba,CTLCOnly,single-level,1,1,1,1,0,1100987,64620,64620,59561,7091,8,0,1286,196,1,1,793,196,1,1,793,4,1,1,229
random_v1_121,random_v1,train,D->E|evm|fund:de,CTLCOnly,multi-level,2,1|1,2,1,1,1261982,68747,129972,112508,7347,15,0,2264,292,1,1,1134,520,2,1,2121,40,2,1,534
random_v1_121,random_v1,train,B->C|evm|fund:bc,CTLCMultipleEdges,single-level+multi-option,1,2,2,2,0,1331110,80267,80267,59539,7945,17,0,2512,516,1,1,1953,516,1,1,1953,4,1,1,224
random_v1_122,random_v1,train,C->F|evm|fund:cf,CTLCOnly,multi-level,2,1|1,2,1,1,1239070,68747,125833,112508,7315,14,0,2176,292,1,1,1134,424,2,1,1780,40,2,1,534
random_v1_122,random_v1,train,G->A|evm|fund:ga,CTLCOnly,single-level,1,1,1,1,0,1100975,64620,64620,59561,7091,8,0,1286,196,1,1,793,196,1,1,793,4,1,1,229
random_v1_122,random_v1,train,D->E|evm|fund:de,CTLCMultipleEdges,multi-level+multi-option,2,2|2,4,2,1,1561879,75948,133204,112464,8361,27,0,4188,420,1,1,1597,552,2,1,2253,40,2,1,524
random_v1_122,random_v1,train,C->D|evm|fund:cd,CTLCMultipleEdges,multi-level+multi-option,2,2|2,4,2,1,1653527,80267,137535,112464,8489,31,0,4540,516,1,1,1953,648,2,1,2609,40,2,1,524
random_v1_122,random_v1,train,F->A|evm|fund:fa,CTLCOnly,single-level,1,1,1,1,0,1100987,64620,64620,59561,7091,8,0,1286,196,1,1,793,196,1,1,793,4,1,1,229
random_v1_122,random_v1,train,E->F|evm|fund:ef,CTLCOnly,multi-level,2,1|1,2,1,1,1239082,68747,125821,112508,7315,14,0,2176,292,1,1,1134,424,2,1,1780,40,2,1,534
random_v1_122,random_v1,train,B->C|evm|fund:bc,CTLCMultipleEdges,multi-level+multi-option,4,1|1|2|2,6,2,3,2045291,75948,213505,184138,9161,48,0,7194,420,1,1,1597,816,4,1,3565,112,4,1,1124
random_v1_122,random_v1,train,F->G|evm|fund:fg,CTLCOnly,single-level,1,1,1,1,0,1123899,68747,68747,59561,7123,9,0,1374,292,1,1,1134,292,1,1,1134,4,1,1,229
random_v1_122,random_v1,train,D->C|evm|fund:dc,CTLCMultipleEdges,multi-level+multi-option,2,2|2,4,2,1,1561855,75948,133204,112464,8361,27,0,4188,420,1,1,1597,552,2,1,2253,40,2,1,524
random_v1_123,random_v1,train,D->F|evm|fund:df,CTLCOnly,single-level,1,1,1,1,0,1123899,68747,68747,59561,7123,9,0,1374,292,1,1,1134,292,1,1,1134,4,1,1,229
random_v1_123,random_v1,train,C->B|evm|fund:cb,CTLCOnly,single-level,1,1,1,1,0,1123899,68747,68747,59561,7123,9,0,1374,292,1,1,1134,292,1,1,1134,4,1,1,229
random_v1_123,random_v1,train,C->D|evm|fund:cd,CTLCMultipleEdges,multi-level+multi-option,2,2|2,4,2,1,1561807,75948,133204,112464,8361,27,0,4188,420,1,1,1597,552,2,1,2253,40,2,1,524
random_v1_123,random_v1,train,E->D|evm|fund:ed,CTLCOnly,multi-level,2,1|1,2,1,1,1284870,72862,129972,112508,7379,16,0,2352,388,1,1,1475,520,2,1,2121,40,2,1,534
random_v1_123,random_v1,train,F->A|evm|fund:fa,CTLCOnly,single-level,1,1,1,1,0,1100987,64620,64620,59561,7091,8,0,1286,196,1,1,793,196,1,1,793,4,1,1,229
random_v1_123,random_v1,train,B->A|evm|fund:ba,CTLCOnly,single-level,1,1,1,1,0,1100987,64620,64620,59561,7091,8,0,1286,196,1,1,793,196,1,1,793,4,1,1,229
random_v1_123,random_v1,train,D->E|evm|fund:de,CTLCOnly,single-level,1,1,1,1,0,1146799,72874,72874,59561,7155,10,0,1462,388,1,1,1475,388,1,1,1475,4,1,1,229
random_v1_123,random_v1,train,D->C|evm|fund:dc,CTLCOnly,single-level,1,1,1,1,0,1146799,72874,72874,59561,7155,10,0,1462,388,1,1,1475,388,1,1,1475,4,1,1,229
random_v1_123,random_v1,train,E->F|evm|fund:ef,CTLCOnly,single-level,1,1,1,1,0,1123887,68735,68735,59561,7123,9,0,1374,292,1,1,1134,292,1,1,1134,4,1,1,229
random_v1_123,random_v1,train,B->C|evm|fund:bc,CTLCMultipleEdges,multi-level+multi-option,2,2|2,4,2,1,1653515,80267,137535,112464,8489,31,0,4540,516,1,1,1953,648,2,1,2609,40,2,1,524
random_v1_124,random_v1,train,E->A|evm|fund:ea,CTLCOnly,single-level,1,1,1,1,0,1100987,64620,64620,59561,7091,8,0,1286,196,1,1,793,196,1,1,793,4,1,1,229
random_v1_124,random_v1,train,C->D|evm|fund:cd,CTLCOnly,single-level,1,1,1,1,0,1146811,72874,72874,59561,7155,10,0,1462,388,1,1,1475,388,1,1,1475,4,1,1,229
random_v1_124,random_v1,train,B->A|evm|fund:ba,CTLCMultipleEdges,single-level+multi-option,1,2,2,2,0,1193626,67334,67334,59539,7753,11,0,1984,228,1,1,885,228,1,1,885,4,1,1,224
random_v1_124,random_v1,train,D->E|evm|fund:de,CTLCOnly,single-level,1,1,1,1,0,1123899,68747,68747,59561,7123,9,0,1374,292,1,1,1134,292,1,1,1134,4,1,1,229
random_v1_124,random_v1,train,C->E|evm|fund:ce,CTLCOnly,single-level,1,1,1,1,0,1123899,68747,68747,59561,7123,9,0,1374,292,1,1,1134,292,1,1,1134,4,1,1,229
random_v1_124,random_v1,train,B->D|evm|fund:bd,CTLCOnly,multi-level,2,1|1,2,1,1,1284882,72874,129972,112508,7379,16,0,2352,388,1,1,1475,520,2,1,2121,40,2,1,534
random_v1_124,random_v1,train,D->C|evm|fund:dc,CTLCOnly,single-level,1,1,1,1,0,1146787,72874,72874,59561,7155,10,0,1462,388,1,1,1475,388,1,1,1475,4,1,1,229
random_v1_124,random_v1,train,B->C|evm|fund:bc,CTLCOnly,multi-level,2,1|1,2,1,1,1284906,72874,129972,112508,7379,16,0,2352,388,1,1,1475,520,2,1,2121,40,2,1,534
random_v1_124,random_v1,train,B->E|evm|fund:be,CTLCOnly,single-level,1,1,1,1,0,1123887,68747,68747,59561,7123,9,0,1374,292,1,1,1134,292,1,1,1134,4,1,1,229
random_v1_125,random_v1,train,B->D|evm|fund:bd,CTLCMultipleEdges,single-level+multi-option,1,2,2,2,0,1331098,80243,80243,59539,7945,17,0,2512,516,1,1,1953,516,1,1,1953,4,1,1,224
random_v1_125,random_v1,train,D->E|evm|fund:de,CTLCMultipleEdges,single-level+multi-option,1,2,2,2,0,1285274,75948,75948,59539,7881,15,0,2336,420,1,1,1597,420,1,1,1597,4,1,1,224
random_v1_125,random_v1,train,C->D|evm|fund:cd,CTLCMultipleEdges,single-level+multi-option,1,2,2,2,0,1331098,80267,80267,59539,7945,17,0,2512,516,1,1,1953,516,1,1,1953,4,1,1,224
random_v1_125,random_v1,train,B->E|evm|fund:be,CTLCMultipleEdges,single-level+multi-option,1,2,2,2,0,1285274,75948,75948,59539,7881,15,0,2336,420,1,1,1597,420,1,1,1597,4,1,1,224
random_v1_125,random_v1,train,F->A|evm|fund:fa,CTLCMultipleEdges,single-level+multi-option,1,2,2,2,0,1193638,67334,67334,59539,7753,11,0,1984,228,1,1,885,228,1,1,885,4,1,1,224
random_v1_125,random_v1,train,C->F|evm|fund:cf,CTLCMultipleEdges,single-level+multi-option,1,2,2,2,0,1239462,71641,71641,59539,7817,13,0,2160,324,1,1,1241,324,1,1,1241,4,1,1,224
random_v1_125,random_v1,train,B->C|evm|fund:bc,CTLCMultipleEdges,multi-level+multi-option,2,2|2,4,2,1,1607679,75948,137535,112464,8425,29,0,4364,420,1,1,1597,648,2,1,2609,40,2,1,524
random_v1_125,random_v1,train,E->F|evm|fund:ef,CTLCMultipleEdges,single-level+multi-option,1,2,2,2,0,1239462,71641,71641,59539,7817,13,0,2160,324,1,1,1241,324,1,1,1241,4,1,1,224
random_v1_126,random_v1,train,D->A|evm|fund:da,CTLCOnly,single-level,1,1,1,1,0,1100987,64620,64620,59561,7091,8,0,1286,196,1,1,793,196,1,1,793,4,1,1,229
random_v1_126,random_v1,train,C->D|evm|fund:cd,CTLCMultipleEdges,single-level+multi-option,1,2,2,2,0,1239462,71641,71641,59539,7817,13,0,2160,324,1,1,1241,324,1,1,1241,4,1,1,224
random_v1_126,random_v1,train,B->C|evm|fund:bc,CTLCMultipleEdges,single-level+multi-option,1,2,2,2,0,1285274,75948,75948,59539,7881,15,0,2336,420,1,1,1597,420,1,1,1597,4,1,1,224
random_v1_127,random_v1,train,C->D|evm|fund:cd,CTLCOnly,single-level,1,1,1,1,0,1169723,77013,77013,59561,7187,11,0,1550,484,1,1,1816,484,1,1,1816,4,1,1,229
random_v1_127,random_v1,train,F->A|evm|fund:fa,CTLCOnly,single-level,1,1,1,1,0,1100987,64620,64620,59561,7091,8,0,1286,196,1,1,793,196,1,1,793,4,1,1,229
random_v1_127,random_v1,train,D->E|evm|fund:de,CTLCOnly,single-level,1,1,1,1,0,1146811,72874,72874,59561,7155,10,0,1462,388,1,1,1475,388,1,1,1475,4,1,1,229
random_v1_127,random_v1,train,E->F|evm|fund:ef,CTLCOnly,single-level,1,1,1,1,0,1123899,68735,68735,59561,7123,9,0,1374,292,1,1,1134,292,1,1,1134,4,1,1,229
random_v1_127,random_v1,train,B->C|evm|fund:bc,CTLCMultipleEdges,single-level+multi-option,1,2,2,2,0,1376910,84598,84598,59539,8009,19,0,2688,612,1,1,2309,612,1,1,2309,4,1,1,224
random_v1_128,random_v1,train,D->E|evm|fund:de,CTLCMultipleEdges,multi-level+multi-option,2,4|2,6,4,1,1608729,71641,128885,112464,8489,29,0,4798,324,1,1,1241,456,2,1,1897,40,2,1,524
random_v1_128,random_v1,train,C->D|evm|fund:cd,CTLCMultipleEdges,multi-level+multi-option,2,4|2,6,4,1,1746165,75948,133204,112464,8681,35,0,5326,420,1,1,1597,552,2,1,2253,40,2,1,524
random_v1_128,random_v1,train,F->A|evm|fund:fa,CTLCOnly,single-level,1,1,1,1,0,1100987,64620,64620,59561,7091,8,0,1286,196,1,1,793,196,1,1,793,4,1,1,229
random_v1_128,random_v1,train,E->A|evm|fund:ea,CTLCMultipleEdges,single-level+multi-option,1,2,2,2,0,1193638,67334,67334,59539,7753,11,0,1984,228,1,1,885,228,1,1,885,4,1,1,224
random_v1_128,random_v1,train,E->F|evm|fund:ef,CTLCOnly,single-level,1,1,1,1,0,1123887,68735,68735,59561,7123,9,0,1374,292,1,1,1134,292,1,1,1134,4,1,1,229
random_v1_128,random_v1,train,B->C|evm|fund:bc,CTLCMultipleEdges,multi-level+multi-option,2,8|4,12,8,1,2620102,80267,137535,112464,10089,73,0,9972,516,1,1,1953,648,2,1,2609,40,2,1,524
random_v1_129,random_v1,train,D->E|evm|fund:de,CTLCMultipleEdges,single-level+multi-option,1,3,3,3,0,1377429,75936,75936,59539,8041,19,0,2905,420,1,1,1597,420,1,1,1597,4,1,1,224
random_v1_129,random_v1,train,C->D|evm|fund:cd,CTLCMultipleEdges,multi-level+multi-option,2,3|3,6,3,1,1769077,75948,133204,112464,8713,36,0,5414,420,1,1,1597,552,2,1,2253,40,2,1,524
random_v1_129,random_v1,train,D->F|evm|fund:df,CTLCMultipleEdges,single-level+multi-option,1,3,3,3,0,1308717,71641,71641,59539,7945,16,0,2641,324,1,1,1241,324,1,1,1241,4,1,1,224
random_v1_129,random_v1,train,F->A|evm|fund:fa,CTLCMultipleEdges,single-level+multi-option,1,3,3,3,0,1239969,67334,67334,59539,7849,13,0,2377,228,1,1,885,228,1,1,885,4,1,1,224
random_v1_129,random_v1,train,B->C|evm|fund:bc,CTLCMultipleEdges,multi-level+multi-option,2,6|6,12,6,1,2665929,80267,137535,112464,10153,75,0,10148,516,1,1,1953,648,2,1,2609,40,2,1,524
random_v1_129,random_v1,train,E->F|evm|fund:ef,CTLCMultipleEdges,single-level+multi-option,1,3,3,3,0,1308717,71641,71641,59539,7945,16,0,2641,324,1,1,1241,324,1,1,1241,4,1,1,224
random_v1_13,random_v1,train,D->A|evm|fund:da,CTLCOnly,single-level,1,1,1,1,0,1100987,64620,64620,59561,7091,8,0,1286,196,1,1,793,196,1,1,793,4,1,1,229
random_v1_13,random_v1,train,C->D|evm|fund:cd,CTLCOnly,single-level,1,1,1,1,0,1123899,68747,68747,59561,7123,9,0,1374,292,1,1,1134,292,1,1,1134,4,1,1,229
random_v1_13,random_v1,train,B->D|evm|fund:bd,CTLCOnly,single-level,1,1,1,1,0,1123899,68747,68747,59561,7123,9,0,1374,292,1,1,1134,292,1,1,1134,4,1,1,229
random_v1_13,random_v1,train,B->C|evm|fund:bc,CTLCOnly,single-level,1,1,1,1,0,1146811,72874,72874,59561,7155,10,0,1462,388,1,1,1475,388,1,1,1475,4,1,1,229
random_v1_130,random_v1,train,D->E|evm|fund:de,CTLCMultipleEdges,single-level+multi-option,1,2,2,2,0,1239450,71641,71641,59539,7817,13,0,2160,324,1,1,1241,324,1,1,1241,4,1,1,224
random_v1_130,random_v1,train,E->A|evm|fund:ea,CTLCOnly,single-level,1,1,1,1,0,1100987,64620,64620,59561,7091,8,0,1286,196,1,1,793,196,1,1,793,4,1,1,229
random_v1_130,random_v1,train,C->D|evm|fund:cd,CTLCMultipleEdges,single-level+multi-option,1,2,2,2,0,1285274,75948,75948,59539,7881,15,0,2336,420,1,1,1597,420,1,1,1597,4,1,1,224
random_v1_130,random_v1,train,B->C|evm|fund:bc,CTLCMultipleEdges,single-level+multi-option,1,2,2,2,0,1331086,80267,80267,59539,7945,17,0,2512,516,1,1,1953,516,1,1,1953,4,1,1,224
random_v1_131,random_v1,train,D->F|evm|fund:df,CTLCOnly,single-level,1,1,1,1,0,1123887,68747,68747,59561,7123,9,0,1374,292,1,1,1134,292,1,1,1134,4,1,1,229
random_v1_131,random_v1,train,F->D|evm|fund:fd,CTLCOnly,single-level,1,1,1,1,0,1146811,72874,72874,59561,7155,10,0,1462,388,1,1,1475,388,1,1,1475,4,1,1,229
random_v1_131,random_v1,train,E->A|evm|fund:ea,CTLCOnly,single-level,1,1,1,1,0,1100987,64620,64620,59561,7091,8,0,1286,196,1,1,793,196,1,1,793,4,1,1,229
random_v1_131,random_v1,train,C->D|evm|fund:cd,CTLCMultipleEdges,multi-level+multi-option,2,2|1,3,2,1,1446788,75948,133204,112464,8169,22,0,3531,420,1,1,1597,552,2,1,2253,40,2,1,524
random_v1_131,random_v1,train,E->C|evm|fund:ec,CTLCOnly,single-level,1,1,1,1,0,1169723,77001,77001,59561,7187,11,0,1550,484,1,1,1816,484,1,1,1816,4,1,1,229
random_v1_131,random_v1,train,F->A|evm|fund:fa,CTLCOnly,single-level,1,1,1,1,0,1100987,64620,64620,59561,7091,8,0,1286,196,1,1,793,196,1,1,793,4,1,1,229
random_v1_131,random_v1,train,D->E|evm|fund:de,CTLCOnly,multi-level,2,1|1,2,1,1,1239082,68747,125833,112508,7315,14,0,2176,292,1,1,1134,424,2,1,1780,40,2,1,534
random_v1_131,random_v1,train,E->F|evm|fund:ef,CTLCOnly,single-level,1,1,1,1,0,1123899,68735,68735,59561,7123,9,0,1374,292,1,1,1134,292,1,1,1134,4,1,1,229
random_v1_131,random_v1,train,B->C|evm|fund:bc,CTLCMultipleEdges,multi-level+multi-option,2,2|1,3,2,1,1515536,80267,137523,112464,8265,25,0,3795,516,1,1,1953,648,2,1,2609,40,2,1,524
random_v1_132,random_v1,train,D->A|evm|fund:da,CTLCOnly,single-level,1,1,1,1,0,1100987,64620,64620,59561,7091,8,0,1286,196,1,1,793,196,1,1,793,4,1,1,229
random_v1_132,random_v1,train,C->D|evm|fund:cd,CTLCOnly,single-level,1,1,1,1,0,1123899,68747,68747,59561,7123,9,0,1374,292,1,1,1134,292,1,1,1134,4,1,1,229
random_v1_132,random_v1,train,B->A|evm|fund:ba,CTLCOnly,single-level,1,1,1,1,0,1100975,64620,64620,59561,7091,8,0,1286,196,1,1,793,196,1,1,793,4,1,1,229
random_v1_132,random_v1,train,C->A|evm|fund:ca,CTLCMultipleEdges,single-level+multi-option,1,2,2,2,0,1193638,67334,67334,59539,7753,11,0,1984,228,1,1,885,228,1,1,885,4,1,1,224
random_v1_132,random_v1,train,B->C|evm|fund:bc,CTLCMultipleEdges,multi-level+multi-option,2,2|1,3,2,1,1378076,71641,128885,112464,8073,19,0,3267,324,1,1,1241,456,2,1,1897,40,2,1,524
random_v1_133,random_v1,train,D->A|evm|fund:da,CTLCOnly,single-level,1,1,1,1,0,1100987,64620,64620,59561,7091,8,0,1286,196,1,1,793,196,1,1,793,4,1,1,229
random_v1_133,random_v1,train,C->D|evm|fund:cd,CTLCMultipleEdges,single-level+multi-option,1,2,2,2,0,1239462,71641,71641,59539,7817,13,0,2160,324,1,1,1241,324,1,1,1241,4,1,1,224
random_v1_133,random_v1,train,B->A|evm|fund:ba,CTLCOnly,single-level,1,1,1,1,0,1100987,64620,64620,59561,7091,8,0,1286,196,1,1,793,196,1,1,793,4,1,1,229
random_v1_133,random_v1,train,B->C|evm|fund:bc,CTLCMultipleEdges,single-level+multi-option,1,4,4,4,0,1469584,75948,75948,59539,8201,23,0,3474,420,1,1,1597,420,1,1,1597,4,1,1,224
random_v1_134,random_v1,train,D->E|evm|fund:de,CTLCMultipleEdges,single-level+multi-option,1,2,2,2,0,1239450,71641,71641,59539,7817,13,0,2160,324,1,1,1241,324,1,1,1241,4,1,1,224
random_v1_134,random_v1,train,E->A|evm|fund:ea,CTLCOnly,single-level,1,1,1,1,0,1100987,64620,64620,59561,7091,8,0,1286,196,1,1,793,196,1,1,793,4,1,1,229
random_v1_134,random_v1,train,C->D|evm|fund:cd,CTLCMultipleEdges,single-level+multi-option,1,2,2,2,0,1285286,75948,75948,59539,7881,15,0,2336,420,1,1,1597,420,1,1,1597,4,1,1,224
random_v1_134,random_v1,train,B->C|evm|fund:bc,CTLCMultipleEdges,single-level+multi-option,1,4,4,4,0,1561280,80267,80267,59539,8329,27,0,3826,516,1,1,1953,516,1,1,1953,4,1,1,224
random_v1_134,random_v1,train,B->E|evm|fund:be,CTLCOnly,single-level,1,1,1,1,0,1123899,68747,68747,59561,7123,9,0,1374,292,1,1,1134,292,1,1,1134,4,1,1,229
random_v1_135,random_v1,train,D->F|evm|fund:df,CTLCOnly,single-level,1,1,1,1,0,1123899,68747,68747,59561,7123,9,0,1374,292,1,1,1134,292,1,1,1134,4,1,1,229
random_v1_135,random_v1,train,C->D|evm|fund:cd,CTLCOnly,multi-level,2,1|1,2,1,1,1284906,72874,129972,112508,7379,16,0,2352,388,1,1,1475,520,2,1,2121,40,2,1,534
random_v1_135,random_v1,train,F->A|evm|fund:fa,CTLCOnly,single-level,1,1,1,1,0,1100987,64620,64620,59561,7091,8,0,1286,196,1,1,793,196,1,1,793,4,1,1,229
random_v1_135,random_v1,train,D->E|evm|fund:de,CTLCOnly,single-level,1,1,1,1,0,1146811,72874,72874,59561,7155,10,0,1462,388,1,1,1475,388,1,1,1475,4,1,1,229
random_v1_135,random_v1,train,E->B|evm|fund:eb,CTLCMultipleEdges,single-level+multi-option,1,2,2,2,0,1376922,84598,84598,59539,8009,19,0,2688,612,1,1,2309,612,1,1,2309,4,1,1,224
random_v1_135,random_v1,train,E->F|evm|fund:ef,CTLCOnly,single-level,1,1,1,1,0,1123899,68735,68735,59561,7123,9,0,1374,292,1,1,1134,292,1,1,1134,4,1,1,229
random_v1_135,random_v1,train,B->C|evm|fund:bc,CTLCOnly,multi-level,2,1|1,2,1,1,1330718,77013,134123,112508,7443,18,0,2528,484,1,1,1816,616,2,1,2462,40,2,1,534
random_v1_136,random_v1,train,D->E|evm|fund:de,CTLCMultipleEdges,multi-level+multi-option,2,2|4,6,4,1,1654529,71641,128885,112464,8553,31,0,4974,324,1,1,1241,456,2,1,1897,40,2,1,524
random_v1_136,random_v1,train,D->A|evm|fund:da,CTLCOnly,single-level,1,1,1,1,0,1100987,64620,64620,59561,7091,8,0,1286,196,1,1,793,196,1,1,793,4,1,1,229
random_v1_136,random_v1,train,F->B|evm|fund:fb,CTLCMultipleEdges,multi-level+multi-option,2,1|2,3,2,1,1538448,80267,137523,112464,8297,26,0,3883,516,1,1,1953,648,2,1,2609,40,2,1,524
random_v1_136,random_v1,train,C->D|evm|fund:cd,CTLCMultipleEdges,multi-level+multi-option,3,1|2|4,7,4,2,1907703,71641,169041,148301,8969,42,0,6521,324,1,1,1241,588,3,1,2553,76,3,1,824
random_v1_136,random_v1,train,E->A|evm|fund:ea,CTLCMultipleEdges,single-level+multi-option,1,2,2,2,0,1193614,67334,67334,59539,7753,11,0,1984,228,1,1,885,228,1,1,885,4,1,1,224
random_v1_136,random_v1,train,F->A|evm|fund:fa,CTLCMultipleEdges,single-level+multi-option,1,2,2,2,0,1193638,67334,67334,59539,7753,11,0,1984,228,1,1,885,228,1,1,885,4,1,1,224
random_v1_136,random_v1,train,B->C|evm|fund:bc,CTLCMultipleEdges,multi-level+multi-option,3,1|2|4,7,4,2,2068099,75948,173372,148301,9193,49,0,7137,420,1,1,1597,684,3,1,2909,76,3,1,824
random_v1_136,random_v1,train,E->F|evm|fund:ef,CTLCMultipleEdges,multi-level+multi-option,2,4|2,6,4,1,1700353,71641,137535,112464,8617,33,0,5150,324,1,1,1241,648,2,1,2609,40,2,1,524
random_v1_137,random_v1,train,D->E|evm|fund:de,CTLCMultipleEdges,multi-level+multi-option,3,2|2|4,8,4,2,1976970,71629,169041,148301,9097,45,0,7002,324,1,1,1241,588,3,1,2553,76,3,1,824
random_v1_137,random_v1,train,E->A|evm|fund:ea,CTLCOnly,single-level,1,1,1,1,0,1100987,64620,64620,59561,7091,8,0,1286,196,1,1,793,196,1,1,793,4,1,1,229
random_v1_137,random_v1,train,F->B|evm|fund:fb,CTLCMultipleEdges,multi-level+multi-option,2,2|4,6,4,1,1837825,71629,137535,112464,8809,39,0,5678,324,1,1,1241,648,2,1,2609,40,2,1,524
random_v1_137,random_v1,train,C->D|evm|fund:cd,CTLCMultipleEdges,multi-level+multi-option,3,2|2|4,8,4,2,2160232,75948,173372,148301,9353,53,0,7706,420,1,1,1597,684,3,1,2909,76,3,1,824
random_v1_137,random_v1,train,B->A|evm|fund:ba,CTLCMultipleEdges,single-level+multi-option,1,2,2,2,0,1193614,67334,67334,59539,7753,11,0,1984,228,1,1,885,228,1,1,885,4,1,1,224
random_v1_137,random_v1,train,F->A|evm|fund:fa,CTLCOnly,single-level,1,1,1,1,0,1100987,64620,64620,59561,7091,8,0,1286,196,1,1,793,196,1,1,793,4,1,1,229
random_v1_137,random_v1,train,B->C|evm|fund:bc,CTLCMultipleEdges,multi-level+multi-option,2,4|4,8,4,1,2159686,80267,137535,112464,9321,53,0,7344,516,1,1,1953,648,2,1,2609,40,2,1,524
random_v1_137,random_v1,train,E->F|evm|fund:ef,CTLCMultipleEdges,multi-level+multi-option,2,1|2,3,2,1,1400976,71629,128885,112464,8105,20,0,3355,324,1,1,1241,456,2,1,1897,40,2,1,524
random_v1_138,random_v1,train,C->F|evm|fund:cf,CTLCOnly,single-level,1,1,1,1,0,1146799,72874,72874,59561,7155,10,0,1462,388,1,1,1475,388,1,1,1475,4,1,1,229
random_v1_138,random_v1,train,G->A|evm|fund:ga,CTLCOnly,single-level,1,1,1,1,0,1100963,64620,64620,59561,7091,8,0,1286,196,1,1,793,196,1,1,793,4,1,1,229
random_v1_138,random_v1,train,C->D|evm|fund:cd,CTLCOnly,multi-level,2,1|1,2,1,1,1307818,72874,134123,112508,7411,17,0,2440,388,1,1,1475,616,2,1,2462,40,2,1,534
random_v1_138,random_v1,train,D->G|evm|fund:dg,CTLCOnly,single-level,1,1,1,1,0,1123899,68735,68735,59561,7123,9,0,1374,292,1,1,1134,292,1,1,1134,4,1,1,229
random_v1_138,random_v1,train,D->E|evm|fund:de,CTLCOnly,multi-level,2,1|1,2,1,1,1330718,77001,134123,112508,7443,18,0,2528,484,1,1,1816,616,2,1,2462,40,2,1,534
random_v1_138,random_v1,train,F->B|evm|fund:fb,CTLCOnly,single-level,1,1,1,1,0,1192623,81152,81152,59561,7219,12,0,1638,580,1,1,2157,580,1,1,2157,4,1,1,229
random_v1_138,random_v1,train,E->C|evm|fund:ec,CTLCMultipleEdges,single-level+multi-option,1,2,2,2,0,1331110,80267,80267,59539,7945,17,0,2512,516,1,1,1953,516,1,1,1953,4,1,1,224
random_v1_138,random_v1,train,E->F|evm|fund:ef,CTLCOnly,multi-level,2,1|1,2,1,1,1330730,72862,138227,112508,7443,18,0,2528,388,1,1,1475,712,2,1,2803,40,2,1,534
random_v1_138,random_v1,train,B->C|evm|fund:bc,CTLCMultipleEdges,multi-level+multi-option,2,2|1,3,2,1,1538436,80267,141831,112464,8297,26,0,3883,516,1,1,1953,744,2,1,2965,40,2,1,524
random_v1_138,random_v1,train,F->G|evm|fund:fg,CTLCOnly,single-level,1,1,1,1,0,1123899,68747,68747,59561,7123,9,0,1374,292,1,1,1134,292,1,1,1134,4,1,1,229
random_v1_139,random_v1,train,G->A|evm|fund:ga,CTLCOnly,single-level,1,1,1,1,0,1100975,64620,64620,59561,7091,8,0,1286,196,1,1,793,196,1,1,793,4,1,1,229
random_v1_139,random_v1,train,D->E|evm|fund:de,CTLCMultipleEdges,multi-level+multi-option,2,2|1,3,2,1,1515536,80255,137535,112464,8265,25,0,3795,516,1,1,1953,648,2,1,2609,40,2,1,524
random_v1_139,random_v1,train,C->B|evm|fund:cb,CTLCOnly,single-level,1,1,1,1,0,1146811,72874,72874,59561,7155,10,0,1462,388,1,1,1475,388,1,1,1475,4,1,1,229
random_v1_139,random_v1,train,C->D|evm|fund:cd,CTLCMultipleEdges,single-level+multi-option,1,2,2,2,0,1376910,84598,84598,59539,8009,19,0,2688,612,1,1,2309,612,1,1,2309,4,1,1,224
random_v1_139,random_v1,train,E->C|evm|fund:ec,CTLCOnly,single-level,1,1,1,1,0,1169723,77013,77013,59561,7187,11,0,1550,484,1,1,1816,484,1,1,1816,4,1,1,229
random_v1_139,random_v1,train,F->G|evm|fund:fg,CTLCMultipleEdges,single-level+multi-option,1,2,2,2,0,1239450,71641,71641,59539,7817,13,0,2160,324,1,1,1241,324,1,1,1241,4,1,1,224
random_v1_139,random_v1,train,B->C|evm|fund:bc,CTLCMultipleEdges,single-level+multi-option,1,2,2,2,0,1422746,88906,88906,59539,8073,21,0,2864,708,1,1,2665,708,1,1,2665,4,1,1,224
random_v1_139,random_v1,train,B->G|evm|fund:bg,CTLCOnly,single-level,1,1,1,1,0,1123887,68747,68747,59561,7123,9,0,1374,292,1,1,1134,292,1,1,1134,4,1,1,229
random_v1_139,random_v1,train,E->F|evm|fund:ef,CTLCMultipleEdges,single-level+multi-option,1,2,2,2,0,1285286,75924,75924,59539,7881,15,0,2336,420,1,1,1597,420,1,1,1597,4,1,1,224
random_v1_14,random_v1,train,D->A|evm|fund:da,CTLCOnly,single-level,1,1,1,1,0,1100987,64620,64620,59561,7091,8,0,1286,196,1,1,793,196,1,1,793,4,1,1,229
random_v1_14,random_v1,train,C->B|evm|fund:cb,CTLCOnly,single-level,1,1,1,1,0,1146811,72874,72874,59561,7155,10,0,1462,388,1,1,1475,388,1,1,1475,4,1,1,229
random_v1_14,random_v1,train,C->D|evm|fund:cd,CTLCMultipleEdges,single-level+multi-option,1,3,3,3,0,1308717,71641,71641,59539,7945,16,0,2641,324,1,1,1241,324,1,1,1241,4,1,1,224
random_v1_14,random_v1,train,B->D|evm|fund:bd,CTLCOnly,single-level,1,1,1,1,0,1123887,68747,68747,59561,7123,9,0,1374,292,1,1,1134,292,1,1,1134,4,1,1,229
random_v1_14,random_v1,train,B->C|evm|fund:bc,CTLCMultipleEdges,single-level+multi-option,1,3,3,3,0,1377453,75948,75948,59539,8041,19,0,2905,420,1,1,1597,420,1,1,1597,4,1,1,224
random_v1_140,random_v1,train,D->E|evm|fund:de,CTLCMultipleEdges,single-level+multi-option,1,2,2,2,0,1239462,71641,71641,59539,7817,13,0,2160,324,1,1,1241,324,1,1,1241,4,1,1,224
random_v1_140,random_v1,train,C->D|evm|fund:cd,CTLCMultipleEdges,single-level+multi-option,1,2,2,2,0,1285274,75948,75948,59539,7881,15,0,2336,420,1,1,1597,420,1,1,1597,4,1,1,224
random_v1_140,random_v1,train,B->A|evm|fund:ba,CTLCOnly,single-level,1,1,1,1,0,1100975,64620,64620,59561,7091,8,0,1286,196,1,1,793,196,1,1,793,4,1,1,229
random_v1_140,random_v1,train,E->A|evm|fund:ea,CTLCMultipleEdges,single-level+multi-option,1,2,2,2,0,1193638,67334,67334,59539,7753,11,0,1984,228,1,1,885,228,1,1,885,4,1,1,224
random_v1_140,random_v1,train,B->E|evm|fund:be,CTLCMultipleEdges,single-level+multi-option,1,2,2,2,0,1239450,71641,71641,59539,7817,13,0,2160,324,1,1,1241,324,1,1,1241,4,1,1,224
random_v1_140,random_v1,train,B->C|evm|fund:bc,CTLCMultipleEdges,single-level+multi-option,1,4,4,4,0,1561280,80267,80267,59539,8329,27,0,3826,516,1,1,1953,516,1,1,1953,4,1,1,224
random_v1_141,random_v1,train,F->D|evm|fund:fd,CTLCMultipleEdges,multi-level+multi-option,2,2|2,4,2,1,1516055,71641,133204,112464,8297,25,0,4012,324,1,1,1241,552,2,1,2253,40,2,1,524
random_v1_141,random_v1,train,E->G|evm|fund:eg,CTLCOnly,single-level,1,1,1,1,0,1123887,68747,68747,59561,7123,9,0,1374,292,1,1,1134,292,1,1,1134,4,1,1,229
random_v1_141,random_v1,train,G->A|evm|fund:ga,CTLCOnly,single-level,1,1,1,1,0,1100975,64620,64620,59561,7091,8,0,1286,196,1,1,793,196,1,1,793,4,1,1,229
random_v1_141,random_v1,train,D->A|evm|fund:da,CTLCOnly,single-level,1,1,1,1,0,1100987,64620,64620,59561,7091,8,0,1286,196,1,1,793,196,1,1,793,4,1,1,229
random_v1_141,random_v1,train,C->D|evm|fund:cd,CTLCMultipleEdges,multi-level+multi-option,3,2|2|2,6,2,2,1838448,71641,173372,148301,8841,39,0,6040,324,1,1,1241,684,3,1,2909,76,3,1,824
random_v1_141,random_v1,train,B->A|evm|fund:ba,CTLCOnly,single-level,1,1,1,1,0,1100975,64620,64620,59561,7091,8,0,1286,196,1,1,793,196,1,1,793,4,1,1,229
random_v1_141,random_v1,train,D->E|evm|fund:de,CTLCOnly,multi-level,2,1|1,2,1,1,1284906,72874,129972,112508,7379,16,0,2352,388,1,1,1475,520,2,1,2121,40,2,1,534
random_v1_141,random_v1,train,B->E|evm|fund:be,CTLCMultipleEdges,multi-level+multi-option,2,1|3,4,3,1,1584767,75948,133204,112464,8393,28,0,4276,420,1,1,1597,552,2,1,2253,40,2,1,524
random_v1_141,random_v1,train,B->C|evm|fund:bc,CTLCMultipleEdges,multi-level+multi-option,3,2|2|2,6,2,2,1975932,75948,177668,148301,9033,45,0,6568,420,1,1,1597,780,3,1,3265,76,3,1,824
random_v1_141,random_v1,train,F->G|evm|fund:fg,CTLCOnly,single-level,1,1,1,1,0,1123887,68747,68747,59561,7123,9,0,1374,292,1,1,1134,292,1,1,1134,4,1,1,229
random_v1_141,random_v1,train,E->F|evm|fund:ef,CTLCMultipleEdges,single-level+multi-option,1,3,3,3,0,1377453,75936,75936,59539,8041,19,0,2905,420,1,1,1597,420,1,1,1597,4,1,1,224
random_v1_142,random_v1,train,D->E|evm|fund:de,CTLCMultipleEdges,single-level+multi-option,1,2,2,2,0,1239462,71641,71641,59539,7817,13,0,2160,324,1,1,1241,324,1,1,1241,4,1,1,224
random_v1_142,random_v1,train,C->D|evm|fund:cd,CTLCMultipleEdges,single-level+multi-option,1,2,2,2,0,1285286,75948,75948,59539,7881,15,0,2336,420,1,1,1597,420,1,1,1597,4,1,1,224
random_v1_142,random_v1,train,E->A|evm|fund:ea,CTLCMultipleEdges,single-level+multi-option,1,2,2,2,0,1193626,67334,67334,59539,7753,11,0,1984,228,1,1,885,228,1,1,885,4,1,1,224
random_v1_142,random_v1,train,B->C|evm|fund:bc,CTLCMultipleEdges,single-level+multi-option,1,4,4,4,0,1561256,80267,80267,59539,8329,27,0,3826,516,1,1,1953,516,1,1,1953,4,1,1,224
random_v1_143,random_v1,train,D->B|evm|fund:db,CTLCOnly,single-level,1,1,1,1,0,1123899,68747,68747,59561,7123,9,0,1374,292,1,1,1134,292,1,1,1134,4,1,1,229
random_v1_143,random_v1,train,D->A|evm|fund:da,CTLCOnly,single-level,1,1,1,1,0,1100987,64620,64620,59561,7091,8,0,1286,196,1,1,793,196,1,1,793,4,1,1,229
random_v1_143,random_v1,train,C->D|evm|fund:cd,CTLCMultipleEdges,multi-level+multi-option,2,2|2,4,2,1,1470207,71641,128885,112464,8233,23,0,3836,324,1,1,1241,456,2,1,1897,40,2,1,524
random_v1_143,random_v1,train,B->A|evm|fund:ba,CTLCOnly,single-level,1,1,1,1,0,1100975,64620,64620,59561,7091,8,0,1286,196,1,1,793,196,1,1,793,4,1,1,229
random_v1_143,random_v1,train,B->C|evm|fund:bc,CTLCMultipleEdges,single-level+multi-option,1,2,2,2,0,1285286,75948,75948,59539,7881,15,0,2336,420,1,1,1597,420,1,1,1597,4,1,1,224
random_v1_144,random_v1,train,E->A|evm|fund:ea,CTLCOnly,single-level,1,1,1,1,0,1100987,64620,64620,59561,7091,8,0,1286,196,1,1,793,196,1,1,793,4,1,1,229
random_v1_144,random_v1,train,C->B|evm|fund:cb,CTLCOnly,single-level,1,1,1,1,0,1123899,68747,68747,59561,7123,9,0,1374,292,1,1,1134,292,1,1,1134,4,1,1,229
random_v1_144,random_v1,train,C->D|evm|fund:cd,CTLCOnly,multi-level,2,1|1,2,1,1,1284894,72874,129972,112508,7379,16,0,2352,388,1,1,1475,520,2,1,2121,40,2,1,534
random_v1_144,random_v1,train,C->A|evm|fund:ca,CTLCOnly,single-level,1,1,1,1,0,1100987,64620,64620,59561,7091,8,0,1286,196,1,1,793,196,1,1,793,4,1,1,229
random_v1_144,random_v1,train,B->A|evm|fund:ba,CTLCOnly,single-level,1,1,1,1,0,1100987,64620,64620,59561,7091,8,0,1286,196,1,1,793,196,1,1,793,4,1,1,229
random_v1_144,random_v1,train,D->E|evm|fund:de,CTLCOnly,multi-level,3,1|1|1,3,1,2,1377165,68747,165831,148367,7539,20,0,3066,292,1,1,1134,556,3,1,2426,76,3,1,839
random_v1_144,random_v1,train,B->C|evm|fund:bc,CTLCOnly,multi-level,2,1|1,2,1,1,1261982,68747,129972,112508,7347,15,0,2264,292,1,1,1134,520,2,1,2121,40,2,1,534
random_v1_144,random_v1,train,E->B|evm|fund:eb,CTLCOnly,multi-level,2,1|1,2,1,1,1239082,68747,125833,112508,7315,14,0,2176,292,1,1,1134,424,2,1,1780,40,2,1,534
random_v1_145,random_v1,train,D->E|evm|fund:de,CTLCMultipleEdges,single-level+multi-option,1,2,2,2,0,1285286,75948,75948,59539,7881,15,0,2336,420,1,1,1597,420,1,1,1597,4,1,1,224
random_v1_145,random_v1,train,D->A|evm|fund:da,CTLCOnly,single-level,1,1,1,1,0,1100987,64620,64620,59561,7091,8,0,1286,196,1,1,793,196,1,1,793,4,1,1,229
random_v1_145,random_v1,train,C->A|evm|fund:ca,CTLCOnly,single-level,1,1,1,1,0,1100987,64620,64620,59561,7091,8,0,1286,196,1,1,793,196,1,1,793,4,1,1,229
random_v1_145,random_v1,train,C->D|evm|fund:cd,CTLCMultipleEdges,multi-level+multi-option,2,2|2,4,2,1,1515995,71641,133204,112464,8297,25,0,4012,324,1,1,1241,552,2,1,2253,40,2,1,524
random_v1_145,random_v1,train,F->A|evm|fund:fa,CTLCOnly,single-level,1,1,1,1,0,1100987,64620,64620,59561,7091,8,0,1286,196,1,1,793,196,1,1,793,4,1,1,229
random_v1_145,random_v1,train,E->C|evm|fund:ec,CTLCMultipleEdges,multi-level+multi-option,2,1|2,3,2,1,1400964,71641,128885,112464,8105,20,0,3355,324,1,1,1241,456,2,1,1897,40,2,1,524
random_v1_145,random_v1,train,E->F|evm|fund:ef,CTLCOnly,single-level,1,1,1,1,0,1123899,68735,68735,59561,7123,9,0,1374,292,1,1,1134,292,1,1,1134,4,1,1,229
random_v1_145,random_v1,train,B->C|evm|fund:bc,CTLCMultipleEdges,multi-level+multi-option,3,1|2|2,5,2,2,1723357,71641,173360,148301,8649,34,0,5383,324,1,1,1241,684,3,1,2909,76,3,1,824
random_v1_146,random_v1,train,D->A|evm|fund:da,CTLCOnly,single-level,1,1,1,1,0,1100987,64620,64620,59561,7091,8,0,1286,196,1,1,793,196,1,1,793,4,1,1,229
random_v1_146,random_v1,train,E->A|evm|fund:ea,CTLCOnly,single-level,1,1,1,1,0,1100975,64620,64620,59561,7091,8,0,1286,196,1,1,793,196,1,1,793,4,1,1,229
random_v1_146,random_v1,train,C->D|evm|fund:cd,CTLCOnly,multi-level,2,1|1,2,1,1,1239070,68747,125833,112508,7315,14,0,2176,292,1,1,1134,424,2,1,1780,40,2,1,534
random_v1_146,random_v1,train,D->E|evm|fund:de,CTLCOnly,single-level,1,1,1,1,0,1123875,68747,68747,59561,7123,9,0,1374,292,1,1,1134,292,1,1,1134,4,1,1,229
random_v1_146,random_v1,train,B->D|evm|fund:bd,CTLCOnly,multi-level,2,1|1,2,1,1,1239070,68723,125833,112508,7315,14,0,2176,292,1,1,1134,424,2,1,1780,40,2,1,534
random_v1_146,random_v1,train,B->C|evm|fund:bc,CTLCOnly,multi-level,2,1|1,2,1,1,1284894,72874,129972,112508,7379,16,0,2352,388,1,1,1475,520,2,1,2121,40,2,1,534
random_v1_147,random_v1,train,D->E|evm|fund:de,CTLCMultipleEdges,single-level+multi-option,1,2,2,2,0,1239450,71641,71641,59539,7817,13,0,2160,324,1,1,1241,324,1,1,1241,4,1,1,224
random_v1_147,random_v1,train,D->A|evm|fund:da,CTLCOnly,single-level,1,1,1,1,0,1100975,64620,64620,59561,7091,8,0,1286,196,1,1,793,196,1,1,793,4,1,1,229
random_v1_147,random_v1,train,E->A|evm|fund:ea,CTLCOnly,single-level,1,1,1,1,0,1100987,64620,64620,59561,7091,8,0,1286,196,1,1,793,196,1,1,793,4,1,1,229
random_v1_147,random_v1,train,C->D|evm|fund:cd,CTLCMultipleEdges,multi-level+multi-option,2,1|2,3,2,1,1400964,71641,128885,112464,8105,20,0,3355,324,1,1,1241,456,2,1,1897,40,2,1,524
random_v1_147,random_v1,train,B->C|evm|fund:bc,CTLCMultipleEdges,multi-level+multi-option,2,1|2,3,2,1,1469700,75948,133204,112464,8201,23,0,3619,420,1,1,1597,552,2,1,2253,40,2,1,524
random_v1_147,random_v1,train,E->B|evm|fund:eb,CTLCOnly,single-level,1,1,1,1,0,1169723,77013,77013,59561,7187,11,0,1550,484,1,1,1816,484,1,1,1816,4,1,1,229
random_v1_148,random_v1,train,D->E|evm|fund:de,CTLCMultipleEdges,single-level+multi-option,1,2,2,2,0,1239462,71641,71641,59539,7817,13,0,2160,324,1,1,1241,324,1,1,1241,4,1,1,224
random_v1_148,random_v1,train,E->A|evm|fund:ea,CTLCOnly,single-level,1,1,1,1,0,1100987,64620,64620,59561,7091,8,0,1286,196,1,1,793,196,1,1,793,4,1,1,229
random_v1_148,random_v1,train,C->D|evm|fund:cd,CTLCMultipleEdges,single-level+multi-option,1,2,2,2,0,1285274,75948,75948,59539,7881,15,0,2336,420,1,1,1597,420,1,1,1597,4,1,1,224
random_v1_148,random_v1,train,B->C|evm|fund:bc,CTLCMultipleEdges,single-level+multi-option,1,2,2,2,0,1331098,80267,80267,59539,7945,17,0,2512,516,1,1,1953,516,1,1,1953,4,1,1,224
random_v1_149,random_v1,train,E->A|evm|fund:ea,CTLCOnly,single-level,1,1,1,1,0,1100987,64620,64620,59561,7091,8,0,1286,196,1,1,793,196,1,1,793,4,1,1,229
random_v1_149,random_v1,train,C->A|evm|fund:ca,CTLCOnly,single-level,1,1,1,1,0,1100987,64620,64620,59561,7091,8,0,1286,196,1,1,793,196,1,1,793,4,1,1,229
random_v1_149,random_v1,train,C->D|evm|fund:cd,CTLCMultipleEdges,single-level+multi-option,1,3,3,3,0,1377417,75948,75948,59539,8041,19,0,2905,420,1,1,1597,420,1,1,1597,4,1,1,224
random_v1_149,random_v1,train,B->A|evm|fund:ba,CTLCOnly,single-level,1,1,1,1,0,1100987,64620,64620,59561,7091,8,0,1286,196,1,1,793,196,1,1,793,4,1,1,229
random_v1_149,random_v1,train,D->E|evm|fund:de,CTLCOnly,single-level,1,1,1,1,0,1123887,68747,68747,59561,7123,9,0,1374,292,1,1,1134,292,1,1,1134,4,1,1,229
random_v1_149,random_v1,train,D->C|evm|fund:dc,CTLCOnly,single-level,1,1,1,1,0,1123899,68747,68747,59561,7123,9,0,1374,292,1,1,1134,292,1,1,1134,4,1,1,229
random_v1_149,random_v1,train,B->C|evm|fund:bc,CTLCMultipleEdges,multi-level+multi-option,2,1|3,4,3,1,1561867,71641,133204,112464,8361,27,0,4188,324,1,1,1241,552,2,1,2253,40,2,1,524
random_v1_15,random_v1,train,G->B|evm|fund:gb,CTLCOnly,single-level,1,1,1,1,0,1123899,68735,68735,59561,7123,9,0,1374,292,1,1,1134,292,1,1,1134,4,1,1,229
random_v1_15,random_v1,train,G->A|evm|fund:ga,CTLCOnly,single-level,1,1,1,1,0,1100975,64620,64620,59561,7091,8,0,1286,196,1,1,793,196,1,1,793,4,1,1,229
random_v1_15,random_v1,train,C->D|evm|fund:cd,CTLCOnly,multi-level,2,1|1,2,1,1,1376542,81164,138251,112508,7507,20,0,2704,580,1,1,2157,712,2,1,2803,40,2,1,534
random_v1_15,random_v1,train,B->A|evm|fund:ba,CTLCOnly,single-level,1,1,1,1,0,1100987,64620,64620,59561,7091,8,0,1286,196,1,1,793,196,1,1,793,4,1,1,229
random_v1_15,random_v1,train,D->E|evm|fund:de,CTLCOnly,multi-level,2,1|1,2,1,1,1330706,77001,134123,112508,7443,18,0,2528,484,1,1,1816,616,2,1,2462,40,2,1,534
random_v1_15,random_v1,train,B->F|evm|fund:bf,CTLCOnly,single-level,1,1,1,1,0,1146799,72862,72862,59561,7155,10,0,1462,388,1,1,1475,388,1,1,1475,4,1,1,229
random_v1_15,random_v1,train,E->F|evm|fund:ef,CTLCOnly,multi-level,2,1|1,2,1,1,1284894,72850,129972,112508,7379,16,0,2352,388,1,1,1475,520,2,1,2121,40,2,1,534
random_v1_15,random_v1,train,B->C|evm|fund:bc,CTLCOnly,single-level,1,1,1,1,0,1215547,85292,85292,59561,7251,13,0,1726,676,1,1,2498,676,1,1,2498,4,1,1,229
random_v1_15,random_v1,train,F->G|evm|fund:fg,CTLCOnly,multi-level,2,1|1,2,1,1,1239082,68747,125833,112508,7315,14,0,2176,292,1,1,1134,424,2,1,1780,40,2,1,534
random_v1_150,random_v1,train,D->E|evm|fund:de,CTLCMultipleEdges,single-level+multi-option,1,2,2,2,0,1239450,71641,71641,59539,7817,13,0,2160,324,1,1,1241,324,1,1,1241,4,1,1,224
random_v1_150,random_v1,train,C->D|evm|fund:cd,CTLCMultipleEdges,single-level+multi-option,1,2,2,2,0,1285274,75948,75948,59539,7881,15,0,2336,420,1,1,1597,420,1,1,1597,4,1,1,224
random_v1_150,random_v1,train,E->A|evm|fund:ea,CTLCMultipleEdges,single-level+multi-option,1,2,2,2,0,1193626,67334,67334,59539,7753,11,0,1984,228,1,1,885,228,1,1,885,4,1,1,224
random_v1_150,random_v1,train,B->C|evm|fund:bc,CTLCMultipleEdges,single-level+multi-option,1,2,2,2,0,1331098,80267,80267,59539,7945,17,0,2512,516,1,1,1953,516,1,1,1953,4,1,1,224
random_v1_151,random_v1,train,D->F|evm|fund:df,CTLCOnly,single-level,1,1,1,1,0,1123887,68747,68747,59561,7123,9,0,1374,292,1,1,1134,292,1,1,1134,4,1,1,229
random_v1_151,random_v1,train,D->B|evm|fund:db,CTLCOnly,single-level,1,1,1,1,0,1192635,81152,81152,59561,7219,12,0,1638,580,1,1,2157,580,1,1,2157,4,1,1,229
random_v1_151,random_v1,train,C->D|evm|fund:cd,CTLCOnly,multi-level,2,1|1,2,1,1,1284894,72874,129972,112508,7379,16,0,2352,388,1,1,1475,520,2,1,2121,40,2,1,534
random_v1_151,random_v1,train,F->A|evm|fund:fa,CTLCOnly,single-level,1,1,1,1,0,1100987,64620,64620,59561,7091,8,0,1286,196,1,1,793,196,1,1,793,4,1,1,229
random_v1_151,random_v1,train,D->E|evm|fund:de,CTLCOnly,single-level,1,1,1,1,0,1146787,72874,72874,59561,7155,10,0,1462,388,1,1,1475,388,1,1,1475,4,1,1,229
random_v1_151,random_v1,train,C->E|evm|fund:ce,CTLCOnly,single-level,1,1,1,1,0,1146799,72874,72874,59561,7155,10,0,1462,388,1,1,1475,388,1,1,1475,4,1,1,229
random_v1_151,random_v1,train,D->C|evm|fund:dc,CTLCOnly,single-level,1,1,1,1,0,1169711,77013,77013,59561,7187,11,0,1550,484,1,1,1816,484,1,1,1816,4,1,1,229
random_v1_151,random_v1,train,E->F|evm|fund:ef,CTLCOnly,single-level,1,1,1,1,0,1123899,68735,68735,59561,7123,9,0,1374,292,1,1,1134,292,1,1,1134,4,1,1,229
random_v1_151,random_v1,train,B->C|evm|fund:bc,CTLCMultipleEdges,multi-level+multi-option,2,2|1,3,2,1,1515536,80267,137535,112464,8265,25,0,3795,516,1,1,1953,648,2,1,2609,40,2,1,524
random_v1_152,random_v1,train,E->A|evm|fund:ea,CTLCOnly,single-level,1,1,1,1,0,1100987,64620,64620,59561,7091,8,0,1286,196,1,1,793,196,1,1,793,4,1,1,229
random_v1_152,random_v1,train,C->A|evm|fund:ca,CTLCOnly,single-level,1,1,1,1,0,1100975,64620,64620,59561,7091,8,0,1286,196,1,1,793,196,1,1,793,4,1,1,229
random_v1_152,random_v1,train,C->D|evm|fund:cd,CTLCMultipleEdges,single-level+multi-option,1,2,2,2,0,1285262,75948,75948,59539,7881,15,0,2336,420,1,1,1597,420,1,1,1597,4,1,1,224
random_v1_152,random_v1,train,D->E|evm|fund:de,CTLCOnly,multi-level,2,1|1,2,1,1,1261982,68747,129972,112508,7347,15,0,2264,292,1,1,1134,520,2,1,2121,40,2,1,534
random_v1_152,random_v1,train,B->C|evm|fund:bc,CTLCMultipleEdges,multi-level+multi-option,2,1|2,3,2,1,1446776,71641,133204,112464,8169,22,0,3531,324,1,1,1241,552,2,1,2253,40,2,1,524
random_v1_152,random_v1,train,E->B|evm|fund:eb,CTLCOnly,single-level,1,1,1,1,0,1146811,72874,72874,59561,7155,10,0,1462,388,1,1,1475,388,1,1,1475,4,1,1,229
random_v1_153,random_v1,train,F->D|evm|fund:fd,CTLCOnly,single-level,1,1,1,1,0,1146811,72874,72874,59561,7155,10,0,1462,388,1,1,1475,388,1,1,1475,4,1,1,229
random_v1_153,random_v1,train,G->A|evm|fund:ga,CTLCOnly,single-level,1,1,1,1,0,1100975,64620,64620,59561,7091,8,0,1286,196,1,1,793,196,1,1,793,4,1,1,229
random_v1_153,random_v1,train,E->A|evm|fund:ea,CTLCOnly,single-level,1,1,1,1,0,1100987,64620,64620,59561,7091,8,0,1286,196,1,1,793,196,1,1,793,4,1,1,229
random_v1_153,random_v1,train,C->D|evm|fund:cd,CTLCOnly,multi-level,2,1|1,2,1,1,1307794,72874,134123,112508,7411,17,0,2440,388,1,1,1475,616,2,1,2462,40,2,1,534
random_v1_153,random_v1,train,G->E|evm|fund:ge,CTLCOnly,single-level,1,1,1,1,0,1123887,68747,68747,59561,7123,9,0,1374,292,1,1,1134,292,1,1,1134,4,1,1,229
random_v1_153,random_v1,train,D->E|evm|fund:de,CTLCOnly,multi-level,2,1|1,2,1,1,1261982,68747,129972,112508,7347,15,0,2264,292,1,1,1134,520,2,1,2121,40,2,1,534
random_v1_153,random_v1,train,F->E|evm|fund:fe,CTLCOnly,single-level,1,1,1,1,0,1123887,68747,68747,59561,7123,9,0,1374,292,1,1,1134,292,1,1,1134,4,1,1,229
random_v1_153,random_v1,train,E->F|evm|fund:ef,CTLCOnly,single-level,1,1,1,1,0,1146799,72862,72862,59561,7155,10,0,1462,388,1,1,1475,388,1,1,1475,4,1,1,229
random_v1_153,random_v1,train,B->C|evm|fund:bc,CTLCOnly,multi-level,2,1|1,2,1,1,1353618,77013,138239,112508,7475,19,0,2616,484,1,1,1816,712,2,1,2803,40,2,1,534
random_v1_153,random_v1,train,F->G|evm|fund:fg,CTLCOnly,multi-level,2,1|1,2,1,1,1239070,68747,125833,112508,7315,14,0,2176,292,1,1,1134,424,2,1,1780,40,2,1,534
random_v1_154,random_v1,train,G->B|evm|fund:gb,CTLCOnly,single-level,1,1,1,1,0,1146811,72862,72862,59561,7155,10,0,1462,388,1,1,1475,388,1,1,1475,4,1,1,229
random_v1_154,random_v1,train,E->G|evm|fund:eg,CTLCOnly,multi-level,2,1|1,2,1,1,1261994,68747,129972,112508,7347,15,0,2264,292,1,1,1134,520,2,1,2121,40,2,1,534
random_v1_154,random_v1,train,G->A|evm|fund:ga,CTLCOnly,single-level,1,1,1,1,0,1100975,64620,64620,59561,7091,8,0,1286,196,1,1,793,196,1,1,793,4,1,1,229
random_v1_154,random_v1,train,C->D|evm|fund:cd,CTLCOnly,multi-level,2,1|1,2,1,1,1330706,77013,134123,112508,7443,18,0,2528,484,1,1,1816,616,2,1,2462,40,2,1,534
random_v1_154,random_v1,train,C->A|evm|fund:ca,CTLCOnly,single-level,1,1,1,1,0,1100987,64620,64620,59561,7091,8,0,1286,196,1,1,793,196,1,1,793,4,1,1,229
random_v1_154,random_v1,train,F->E|evm|fund:fe,CTLCMultipleEdges,multi-level+multi-option,2,2|2,4,2,1,1607679,75948,137535,112464,8425,29,0,4364,420,1,1,1597,648,2,1,2609,40,2,1,524
random_v1_154,random_v1,train,D->E|evm|fund:de,CTLCOnly,multi-level,4,1|1|1|1,4,1,3,1629844,72874,209969,184226,7923,31,0,4396,388,1,1,1475,784,4,1,3413,112,4,1,1144
random_v1_154,random_v1,train,C->E|evm|fund:ce,CTLCOnly,multi-level,2,1|1,2,1,1,1284894,72874,129972,112508,7379,16,0,2352,388,1,1,1475,520,2,1,2121,40,2,1,534
random_v1_154,random_v1,train,E->F|evm|fund:ef,CTLCOnly,multi-level,2,1|1,2,1,1,1307806,72862,134123,112508,7411,17,0,2440,388,1,1,1475,616,2,1,2462,40,2,1,534
random_v1_154,random_v1,train,B->C|evm|fund:bc,CTLCMultipleEdges,multi-level+multi-option,4,1|1|2|1,5,2,3,1861488,71641,213517,184138,8873,40,0,6273,324,1,1,1241,816,4,1,3565,112,4,1,1124
random_v1_154,random_v1,train,F->G|evm|fund:fg,CTLCOnly,multi-level,2,1|1,2,1,1,1261982,68747,129972,112508,7347,15,0,2264,292,1,1,1134,520,2,1,2121,40,2,1,534
random_v1_155,random_v1,train,D->E|evm|fund:de,CTLCMultipleEdges,single-level+multi-option,1,2,2,2,0,1285286,75948,75948,59539,7881,15,0,2336,420,1,1,1597,420,1,1,1597,4,1,1,224
random_v1_155,random_v1,train,C->D|evm|fund:cd,CTLCMultipleEdges,single-level+multi-option,1,2,2,2,0,1331110,80267,80267,59539,7945,17,0,2512,516,1,1,1953,516,1,1,1953,4,1,1,224
random_v1_155,random_v1,train,F->A|evm|fund:fa,CTLCMultipleEdges,single-level+multi-option,1,2,2,2,0,1193638,67334,67334,59539,7753,11,0,1984,228,1,1,885,228,1,1,885,4,1,1,224
random_v1_155,random_v1,train,B->C|evm|fund:bc,CTLCMultipleEdges,single-level+multi-option,1,4,4,4,0,1652892,84598,84598,59539,8457,31,0,4178,612,1,1,2309,612,1,1,2309,4,1,1,224
random_v1_155,random_v1,train,E->F|evm|fund:ef,CTLCMultipleEdges,single-level+multi-option,1,2,2,2,0,1239462,71641,71641,59539,7817,13,0,2160,324,1,1,1241,324,1,1,1241,4,1,1,224
random_v1_156,random_v1,train,D->E|evm|fund:de,CTLCMultipleEdges,single-level+multi-option,1,2,2,2,0,1285286,75948,75948,59539,7881,15,0,2336,420,1,1,1597,420,1,1,1597,4,1,1,224
random_v1_156,random_v1,train,C->D|evm|fund:cd,CTLCMultipleEdges,single-level+multi-option,1,4,4,4,0,1561268,80267,80267,59539,8329,27,0,3826,516,1,1,1953,516,1,1,1953,4,1,1,224
random_v1_156,random_v1,train,F->A|evm|fund:fa,CTLCOnly,single-level,1,1,1,1,0,1100987,64620,64620,59561,7091,8,0,1286,196,1,1,793,196,1,1,793,4,1,1,229
random_v1_156,random_v1,train,E->F|evm|fund:ef,CTLCOnly,single-level,1,1,1,1,0,1123899,68735,68735,59561,7123,9,0,1374,292,1,1,1134,292,1,1,1134,4,1,1,229
random_v1_156,random_v1,train,B->C|evm|fund:bc,CTLCMultipleEdges,single-level+multi-option,1,8,8,8,0,2204834,84598,84598,59539,9353,55,0,7158,612,1,1,2309,612,1,1,2309,4,1,1,224
random_v1_157,random_v1,train,C->F|evm|fund:cf,CTLCOnly,single-level,1,1,1,1,0,1146811,72874,72874,59561,7155,10,0,1462,388,1,1,1475,388,1,1,1475,4,1,1,229
random_v1_157,random_v1,train,G->A|evm|fund:ga,CTLCOnly,single-level,1,1,1,1,0,1100975,64620,64620,59561,7091,8,0,1286,196,1,1,793,196,1,1,793,4,1,1,229
random_v1_157,random_v1,train,E->A|evm|fund:ea,CTLCOnly,single-level,1,1,1,1,0,1100987,64620,64620,59561,7091,8,0,1286,196,1,1,793,196,1,1,793,4,1,1,229
random_v1_157,random_v1,train,C->D|evm|fund:cd,CTLCOnly,multi-level,2,1|1,2,1,1,1307806,72874,134123,112508,7411,17,0,2440,388,1,1,1475,616,2,1,2462,40,2,1,534
random_v1_157,random_v1,train,F->C|evm|fund:fc,CTLCOnly,single-level,1,1,1,1,0,1169711,77001,77001,59561,7187,11,0,1550,484,1,1,1816,484,1,1,1816,4,1,1,229
random_v1_157,random_v1,train,D->E|evm|fund:de,CTLCOnly,multi-level,2,1|1,2,1,1,1261982,68747,129972,112508,7347,15,0,2264,292,1,1,1134,520,2,1,2121,40,2,1,534
random_v1_157,random_v1,train,E->F|evm|fund:ef,CTLCOnly,single-level,1,1,1,1,0,1146787,72850,72850,59561,7155,10,0,1462,388,1,1,1475,388,1,1,1475,4,1,1,229
random_v1_157,random_v1,train,B->C|evm|fund:bc,CTLCMultipleEdges,multi-level+multi-option,2,2|1,3,2,1,1538436,80267,141843,112464,8297,26,0,3883,516,1,1,1953,744,2,1,2965,40,2,1,524
random_v1_157,random_v1,train,F->G|evm|fund:fg,CTLCOnly,single-level,1,1,1,1,0,1123899,68747,68747,59561,7123,9,0,1374,292,1,1,1134,292,1,1,1134,4,1,1,229
random_v1_158,random_v1,train,D->A|evm|fund:da,CTLCOnly,single-level,1,1,1,1,0,1100987,64620,64620,59561,7091,8,0,1286,196,1,1,793,196,1,1,793,4,1,1,229
random_v1_158,random_v1,train,C->A|evm|fund:ca,CTLCOnly,single-level,1,1,1,1,0,1100987,64620,64620,59561,7091,8,0,1286,196,1,1,793,196,1,1,793,4,1,1,229
random_v1_158,random_v1,train,C->D|evm|fund:cd,CTLCMultipleEdges,single-level+multi-option,1,2,2,2,0,1239450,71641,71641,59539,7817,13,0,2160,324,1,1,1241,324,1,1,1241,4,1,1,224
random_v1_158,random_v1,train,D->C|evm|fund:dc,CTLCOnly,single-level,1,1,1,1,0,1123887,68747,68747,59561,7123,9,0,1374,292,1,1,1134,292,1,1,1134,4,1,1,229
random_v1_158,random_v1,train,B->C|evm|fund:bc,CTLCMultipleEdges,multi-level+multi-option,2,1|2,3,2,1,1400964,71641,128885,112464,8105,20,0,3355,324,1,1,1241,456,2,1,1897,40,2,1,524
random_v1_159,random_v1,train,D->E|evm|fund:de,CTLCMultipleEdges,single-level+multi-option,1,2,2,2,0,1239462,71641,71641,59539,7817,13,0,2160,324,1,1,1241,324,1,1,1241,4,1,1,224
random_v1_159,random_v1,train,C->D|evm|fund:cd,CTLCMultipleEdges,single-level+multi-option,1,2,2,2,0,1285286,75948,75948,59539,7881,15,0,2336,420,1,1,1597,420,1,1,1597,4,1,1,224
random_v1_159,random_v1,train,E->A|evm|fund:ea,CTLCMultipleEdges,single-level+multi-option,1,2,2,2,0,1193638,67334,67334,59539,7753,11,0,1984,228,1,1,885,228,1,1,885,4,1,1,224
random_v1_159,random_v1,train,B->E|evm|fund:be,CTLCMultipleEdges,single-level+multi-option,1,2,2,2,0,1239462,71641,71641,59539,7817,13,0,2160,324,1,1,1241,324,1,1,1241,4,1,1,224
random_v1_159,random_v1,train,B->C|evm|fund:bc,CTLCMultipleEdges,single-level+multi-option,1,2,2,2,0,1331098,80267,80267,59539,7945,17,0,2512,516,1,1,1953,516,1,1,1953,4,1,1,224
random_v1_16,random_v1,train,C->F|evm|fund:cf,CTLCOnly,single-level,1,1,1,1,0,1123887,68747,68747,59561,7123,9,0,1374,292,1,1,1134,292,1,1,1134,4,1,1,229
random_v1_16,random_v1,train,B->D|evm|fund:bd,CTLCMultipleEdges,single-level+multi-option,1,2,2,2,0,1331074,80243,80243,59539,7945,17,0,2512,516,1,1,1953,516,1,1,1953,4,1,1,224
random_v1_16,random_v1,train,D->E|evm|fund:de,CTLCMultipleEdges,multi-level+multi-option,3,2|2|2,6,2,2,1884272,75948,173372,148301,8905,41,0,6216,420,1,1,1597,684,3,1,2909,76,3,1,824
random_v1_16,random_v1,train,C->D|evm|fund:cd,CTLCMultipleEdges,multi-level+multi-option,2,2|2,4,2,1,1653503,80267,137535,112464,8489,31,0,4540,516,1,1,1953,648,2,1,2609,40,2,1,524
random_v1_16,random_v1,train,F->A|evm|fund:fa,CTLCOnly,single-level,1,1,1,1,0,1100987,64620,64620,59561,7091,8,0,1286,196,1,1,793,196,1,1,793,4,1,1,229
random_v1_16,random_v1,train,B->F|evm|fund:bf,CTLCOnly,single-level,1,1,1,1,0,1123899,68747,68747,59561,7123,9,0,1374,292,1,1,1134,292,1,1,1134,4,1,1,229
random_v1_16,random_v1,train,E->F|evm|fund:ef,CTLCOnly,single-level,1,1,1,1,0,1123899,68735,68735,59561,7123,9,0,1374,292,1,1,1134,292,1,1,1134,4,1,1,229
random_v1_16,random_v1,train,B->C|evm|fund:bc,CTLCMultipleEdges,multi-level+multi-option,2,1|2,3,2,1,1515524,75948,137535,112464,8265,25,0,3795,420,1,1,1597,648,2,1,2609,40,2,1,524
random_v1_16,random_v1,train,E->B|evm|fund:eb,CTLCOnly,multi-level,2,1|1,2,1,1,1284906,72862,129972,112508,7379,16,0,2352,388,1,1,1475,520,2,1,2121,40,2,1,534
random_v1_16,random_v1,train,C->B|evm|fund:cb,CTLCMultipleEdges,multi-level+multi-option,2,1|2,3,2,1,1515512,75948,137535,112464,8265,25,0,3795,420,1,1,1597,648,2,1,2609,40,2,1,524
random_v1_160,random_v1,train,G->A|evm|fund:ga,CTLCOnly,single-level,1,1,1,1,0,1100975,64620,64620,59561,7091,8,0,1286,196,1,1,793,196,1,1,793,4,1,1,229
random_v1_160,random_v1,train,D->E|evm|fund:de,CTLCMultipleEdges,single-level+multi-option,1,2,2,2,0,1331110,80267,80267,59539,7945,17,0,2512,516,1,1,1953,516,1,1,1953,4,1,1,224
random_v1_160,random_v1,train,C->D|evm|fund:cd,CTLCMultipleEdges,single-level+multi-option,1,2,2,2,0,1376922,84598,84598,59539,8009,19,0,2688,612,1,1,2309,612,1,1,2309,4,1,1,224
random_v1_160,random_v1,train,E->F|evm|fund:ef,CTLCOnly,single-level,1,1,1,1,0,1146811,72862,72862,59561,7155,10,0,1462,388,1,1,1475,388,1,1,1475,4,1,1,229
random_v1_160,random_v1,train,B->C|evm|fund:bc,CTLCMultipleEdges,single-level+multi-option,1,2,2,2,0,1422734,88906,88906,59539,8073,21,0,2864,708,1,1,2665,708,1,1,2665,4,1,1,224
random_v1_160,random_v1,train,F->G|evm|fund:fg,CTLCOnly,single-level,1,1,1,1,0,1123899,68747,68747,59561,7123,9,0,1374,292,1,1,1134,292,1,1,1134,4,1,1,229
random_v1_161,random_v1,train,B->D|evm|fund:bd,CTLCMultipleEdges,multi-level+multi-option,4,1|1|2|1,5,2,3,1769828,71641,209197,184138,8745,36,0,5921,324,1,1,1241,720,4,1,3209,112,4,1,1124
random_v1_161,random_v1,train,G->D|evm|fund:gd,CTLCOnly,multi-level,2,1|1,2,1,1,1261982,68747,129972,112508,7347,15,0,2264,292,1,1,1134,520,2,1,2121,40,2,1,534
random_v1_161,random_v1,train,G->A|evm|fund:ga,CTLCOnly,single-level,1,1,1,1,0,1100975,64620,64620,59561,7091,8,0,1286,196,1,1,793,196,1,1,793,4,1,1,229
random_v1_161,random_v1,train,D->A|evm|fund:da,CTLCOnly,single-level,1,1,1,1,0,1100987,64620,64620,59561,7091,8,0,1286,196,1,1,793,196,1,1,793,4,1,1,229
random_v1_161,random_v1,train,C->D|evm|fund:cd,CTLCMultipleEdges,multi-level+multi-option,4,1|1|2|1,5,2,3,1769840,71641,209209,184138,8745,36,0,5921,324,1,1,1241,720,4,1,3209,112,4,1,1124
random_v1_161,random_v1,train,D->G|evm|fund:dg,CTLCOnly,multi-level,2,1|1,2,1,1,1239046,68747,125833,112508,7315,14,0,2176,292,1,1,1134,424,2,1,1780,40,2,1,534
random_v1_161,random_v1,train,F->A|evm|fund:fa,CTLCOnly,single-level,1,1,1,1,0,1100987,64620,64620,59561,7091,8,0,1286,196,1,1,793,196,1,1,793,4,1,1,229
random_v1_161,random_v1,train,D->E|evm|fund:de,CTLCOnly,multi-level,2,1|1,2,1,1,1284870,72874,129972,112508,7379,16,0,2352,388,1,1,1475,520,2,1,2121,40,2,1,534
random_v1_161,random_v1,train,G->F|evm|fund:gf,CTLCOnly,single-level,1,1,1,1,0,1123899,68747,68747,59561,7123,9,0,1374,292,1,1,1134,292,1,1,1134,4,1,1,229
random_v1_161,random_v1,train,E->F|evm|fund:ef,CTLCOnly,multi-level,3,1|1|1,3,1,2,1377177,68747,165819,148367,7539,20,0,3066,292,1,1,1134,556,3,1,2426,76,3,1,839
random_v1_161,random_v1,train,B->C|evm|fund:bc,CTLCMultipleEdges,multi-level+multi-option,4,1|1|2|1,5,2,3,1884400,75948,213517,184138,8905,41,0,6361,420,1,1,1597,816,4,1,3565,112,4,1,1124
random_v1_161,random_v1,train,F->G|evm|fund:fg,CTLCOnly,multi-level,2,1|1,2,1,1,1239082,68747,125833,112508,7315,14,0,2176,292,1,1,1134,424,2,1,1780,40,2,1,534
random_v1_162,random_v1,train,D->E|evm|fund:de,CTLCMultipleEdges,multi-level+multi-option,4,1|1|2|1,5,2,3,1769840,71641,209197,184138,8745,36,0,5921,324,1,1,1241,720,4,1,3209,112,4,1,1124
random_v1_162,random_v1,train,E->A|evm|fund:ea,CTLCOnly,single-level,1,1,1,1,0,1100963,64620,64620,59561,7091,8,0,1286,196,1,1,793,196,1,1,793,4,1,1,229
random_v1_162,random_v1,train,F->B|evm|fund:fb,CTLCMultipleEdges,multi-level+multi-option,3,2|1|2,5,2,2,1700469,71641,173360,148301,8617,33,0,5295,324,1,1,1241,684,3,1,2909,76,3,1,824
random_v1_162,random_v1,train,C->A|evm|fund:ca,CTLCOnly,single-level,1,1,1,1,0,1100975,64620,64620,59561,7091,8,0,1286,196,1,1,793,196,1,1,793,4,1,1,229
random_v1_162,random_v1,train,C->D|evm|fund:cd,CTLCMultipleEdges,multi-level+multi-option,3,2|2|4,8,4,2,2160220,75948,173372,148301,9353,53,0,7706,420,1,1,1597,684,3,1,2909,76,3,1,824
random_v1_162,random_v1,train,B->A|evm|fund:ba,CTLCMultipleEdges,single-level+multi-option,1,2,2,2,0,1193590,67334,67334,59539,7753,11,0,1984,228,1,1,885,228,1,1,885,4,1,1,224
random_v1_162,random_v1,train,F->A|evm|fund:fa,CTLCOnly,single-level,1,1,1,1,0,1100975,64620,64620,59561,7091,8,0,1286,196,1,1,793,196,1,1,793,4,1,1,229
random_v1_162,random_v1,train,D->C|evm|fund:dc,CTLCOnly,single-level,1,1,1,1,0,1123899,68747,68747,59561,7123,9,0,1374,292,1,1,1134,292,1,1,1134,4,1,1,229
random_v1_162,random_v1,train,B->C|evm|fund:bc,CTLCMultipleEdges,multi-level+multi-option,3,1|2|2,5,2,2,1769217,71641,173372,148301,8713,36,0,5559,324,1,1,1241,684,3,1,2909,76,3,1,824
random_v1_162,random_v1,train,E->F|evm|fund:ef,CTLCMultipleEdges,multi-level+multi-option,3,1|2|1,4,2,2,1562490,71617,169029,148301,8393,27,0,4550,324,1,1,1241,588,3,1,2553,76,3,1,824
random_v1_163,random_v1,train,C->B|evm|fund:cb,CTLCOnly,multi-level,3,1|1|1,3,1,2,1377165,68747,165831,148367,7539,20,0,3066,292,1,1,1134,556,3,1,2426,76,3,1,839
random_v1_163,random_v1,train,C->D|evm|fund:cd,CTLCMultipleEdges,multi-level+multi-option,2,2|1,3,2,1,1446776,75948,133204,112464,8169,22,0,3531,420,1,1,1597,552,2,1,2253,40,2,1,524
random_v1_163,random_v1,train,F->A|evm|fund:fa,CTLCOnly,single-level,1,1,1,1,0,1100987,64620,64620,59561,7091,8,0,1286,196,1,1,793,196,1,1,793,4,1,1,229
random_v1_163,random_v1,train,B->A|evm|fund:ba,CTLCOnly,single-level,1,1,1,1,0,1100975,64620,64620,59561,7091,8,0,1286,196,1,1,793,196,1,1,793,4,1,1,229
random_v1_163,random_v1,train,D->E|evm|fund:de,CTLCOnly,single-level,1,1,1,1,0,1146811,72874,72874,59561,7155,10,0,1462,388,1,1,1475,388,1,1,1475,4,1,1,229
random_v1_163,random_v1,train,B->F|evm|fund:bf,CTLCOnly,single-level,1,1,1,1,0,1123899,68747,68747,59561,7123,9,0,1374,292,1,1,1134,292,1,1,1134,4,1,1,229
random_v1_163,random_v1,train,D->F|evm|fund:df,CTLCMultipleEdges,single-level+multi-option,1,2,2,2,0,1239462,71641,71641,59539,7817,13,0,2160,324,1,1,1241,324,1,1,1241,4,1,1,224
random_v1_163,random_v1,train,E->F|evm|fund:ef,CTLCOnly,single-level,1,1,1,1,0,1123899,68735,68735,59561,7123,9,0,1374,292,1,1,1134,292,1,1,1134,4,1,1,229
random_v1_163,random_v1,train,B->C|evm|fund:bc,CTLCMultipleEdges,multi-level+multi-option,2,2|1,3,2,1,1515536,80267,137535,112464,8265,25,0,3795,516,1,1,1953,648,2,1,2609,40,2,1,524
random_v1_163,random_v1,train,B->E|evm|fund:be,CTLCOnly,single-level,1,1,1,1,0,1146811,72874,72874,59561,7155,10,0,1462,388,1,1,1475,388,1,1,1475,4,1,1,229
random_v1_164,random_v1,train,C->D|evm|fund:cd,CTLCMultipleEdges,single-level+multi-option,1,2,2,2,0,1331110,80267,80267,59539,7945,17,0,2512,516,1,1,1953,516,1,1,1953,4,1,1,224
random_v1_164,random_v1,train,F->A|evm|fund:fa,CTLCOnly,single-level,1,1,1,1,0,1100987,64620,64620,59561,7091,8,0,1286,196,1,1,793,196,1,1,793,4,1,1,229
random_v1_164,random_v1,train,D->E|evm|fund:de,CTLCOnly,single-level,1,1,1,1,0,1146799,72874,72874,59561,7155,10,0,1462,388,1,1,1475,388,1,1,1475,4,1,1,229
random_v1_164,random_v1,train,E->F|evm|fund:ef,CTLCOnly,single-level,1,1,1,1,0,1123899,68735,68735,59561,7123,9,0,1374,292,1,1,1134,292,1,1,1134,4,1,1,229
random_v1_164,random_v1,train,B->C|evm|fund:bc,CTLCMultipleEdges,single-level+multi-option,1,2,2,2,0,1376910,84598,84598,59539,8009,19,0,2688,612,1,1,2309,612,1,1,2309,4,1,1,224
random_v1_165,random_v1,train,B->D|evm|fund:bd,CTLCMultipleEdges,single-level+multi-option,1,2,2,2,0,1239462,71617,71617,59539,7817,13,0,2160,324,1,1,1241,324,1,1,1241,4,1,1,224
random_v1_165,random_v1,train,C->D|evm|fund:cd,CTLCMultipleEdges,single-level+multi-option,1,2,2,2,0,1239462,71641,71641,59539,7817,13,0,2160,324,1,1,1241,324,1,1,1241,4,1,1,224
random_v1_165,random_v1,train,D->A|evm|fund:da,CTLCMultipleEdges,single-level+multi-option,1,2,2,2,0,1193638,67334,67334,59539,7753,11,0,1984,228,1,1,885,228,1,1,885,4,1,1,224
random_v1_165,random_v1,train,B->C|evm|fund:bc,CTLCMultipleEdges,single-level+multi-option,1,2,2,2,0,1285274,75948,75948,59539,7881,15,0,2336,420,1,1,1597,420,1,1,1597,4,1,1,224
random_v1_165,random_v1,train,C->B|evm|fund:cb,CTLCMultipleEdges,single-level+multi-option,1,2,2,2,0,1285286,75948,75948,59539,7881,15,0,2336,420,1,1,1597,420,1,1,1597,4,1,1,224
random_v1_166,random_v1,train,G->A|evm|fund:ga,CTLCOnly,single-level,1,1,1,1,0,1100975,64620,64620,59561,7091,8,0,1286,196,1,1,793,196,1,1,793,4,1,1,229
random_v1_166,random_v1,train,D->E|evm|fund:de,CTLCMultipleEdges,single-level+multi-option,1,3,3,3,0,1446177,80267,80267,59539,8137,22,0,3169,516,1,1,1953,516,1,1,1953,4,1,1,224
random_v1_166,random_v1,train,C->D|evm|fund:cd,CTLCMultipleEdges,single-level+multi-option,1,6,6,6,0,1928826,84598,84598,59539,8905,43,0,5668,612,1,1,2309,612,1,1,2309,4,1,1,224
random_v1_166,random_v1,train,C->E|evm|fund:ce,CTLCMultipleEdges,single-level+multi-option,1,3,3,3,0,1446177,80267,80267,59539,8137,22,0,3169,516,1,1,1953,516,1,1,1953,4,1,1,224
random_v1_166,random_v1,train,B->C|evm|fund:bc,CTLCMultipleEdges,multi-level+multi-option,2,3|6,9,6,1,2526870,84598,141843,112464,9865,69,0,8969,612,1,1,2309,744,2,1,2965,40,2,1,524
random_v1_166,random_v1,train,F->G|evm|fund:fg,CTLCOnly,single-level,1,1,1,1,0,1123899,68747,68747,59561,7123,9,0,1374,292,1,1,1134,292,1,1,1134,4,1,1,229
random_v1_166,random_v1,train,E->F|evm|fund:ef,CTLCMultipleEdges,single-level+multi-option,1,3,3,3,0,1377453,75936,75936,59539,8041,19,0,2905,420,1,1,1597,420,1,1,1597,4,1,1,224
random_v1_167,random_v1,train,E->A|evm|fund:ea,CTLCOnly,single-level,1,1,1,1,0,1100987,64620,64620,59561,7091,8,0,1286,196,1,1,793,196,1,1,793,4,1,1,229
random_v1_167,random_v1,train,C->B|evm|fund:cb,CTLCOnly,single-level,1,1,1,1,0,1146811,72874,72874,59561,7155,10,0,1462,388,1,1,1475,388,1,1,1475,4,1,1,229
random_v1_167,random_v1,train,C->D|evm|fund:cd,CTLCOnly,single-level,1,1,1,1,0,1146799,72874,72874,59561,7155,10,0,1462,388,1,1,1475,388,1,1,1475,4,1,1,229
random_v1_167,random_v1,train,D->E|evm|fund:de,CTLCOnly,single-level,1,1,1,1,0,1123899,68747,68747,59561,7123,9,0,1374,292,1,1,1134,292,1,1,1134,4,1,1,229
random_v1_167,random_v1,train,D->C|evm|fund:dc,CTLCOnly,single-level,1,1,1,1,0,1169711,77013,77013,59561,7187,11,0,1550,484,1,1,1816,484,1,1,1816,4,1,1,229
random_v1_167,random_v1,train,B->C|evm|fund:bc,CTLCMultipleEdges,single-level+multi-option,1,3,3,3,0,1446189,80267,80267,59539,8137,22,0,3169,516,1,1,1953,516,1,1,1953,4,1,1,224
random_v1_167,random_v1,train,B->E|evm|fund:be,CTLCOnly,single-level,1,1,1,1,0,1123899,68747,68747,59561,7123,9,0,1374,292,1,1,1134,292,1,1,1134,4,1,1,229
random_v1_168,random_v1,train,G->A|evm|fund:ga,CTLCOnly,single-level,1,1,1,1,0,1100975,64620,64620,59561,7091,8,0,1286,196,1,1,793,196,1,1,793,4,1,1,229
random_v1_168,random_v1,train,D->E|evm|fund:de,CTLCMultipleEdges,single-level+multi-option,1,2,2,2,0,1331110,80255,80255,59539,7945,17,0,2512,516,1,1,1953,516,1,1,1953,4,1,1,224
random_v1_168,random_v1,train,C->D|evm|fund:cd,CTLCMultipleEdges,multi-level+multi-option,2,1|2,3,2,1,1515500,75948,137535,112464,8265,25,0,3795,420,1,1,1597,648,2,1,2609,40,2,1,524
random_v1_168,random_v1,train,D->G|evm|fund:dg,CTLCOnly,single-level,1,1,1,1,0,1123887,68735,68735,59561,7123,9,0,1374,292,1,1,1134,292,1,1,1134,4,1,1,229
random_v1_168,random_v1,train,B->E|evm|fund:be,CTLCMultipleEdges,single-level+multi-option,1,2,2,2,0,1331110,80267,80267,59539,7945,17,0,2512,516,1,1,1953,516,1,1,1953,4,1,1,224
random_v1_168,random_v1,train,B->C|evm|fund:bc,CTLCMultipleEdges,multi-level+multi-option,2,1|2,3,2,1,1584272,80267,141843,112464,8361,28,0,4059,516,1,1,1953,744,2,1,2965,40,2,1,524
random_v1_168,random_v1,train,E->B|evm|fund:eb,CTLCOnly,single-level,1,1,1,1,0,1192635,81164,81164,59561,7219,12,0,1638,580,1,1,2157,580,1,1,2157,4,1,1,229
random_v1_168,random_v1,train,F->G|evm|fund:fg,CTLCOnly,single-level,1,1,1,1,0,1123899,68747,68747,59561,7123,9,0,1374,292,1,1,1134,292,1,1,1134,4,1,1,229
random_v1_168,random_v1,train,E->F|evm|fund:ef,CTLCMultipleEdges,single-level+multi-option,1,2,2,2,0,1285286,75936,75936,59539,7881,15,0,2336,420,1,1,1597,420,1,1,1597,4,1,1,224
random_v1_169,random_v1,train,D->F|evm|fund:df,CTLCOnly,single-level,1,1,1,1,0,1123887,68747,68747,59561,7123,9,0,1374,292,1,1,1134,292,1,1,1134,4,1,1,229
random_v1_169,random_v1,train,D->E|evm|fund:de,CTLCMultipleEdges,single-level+multi-option,1,3,3,3,0,1377441,75948,75948,59539,8041,19,0,2905,420,1,1,1597,420,1,1,1597,4,1,1,224
random_v1_169,random_v1,train,C->D|evm|fund:cd,CTLCMultipleEdges,multi-level+multi-option,2,1|3,4,3,1,1584779,75948,133204,112464,8393,28,0,4276,420,1,1,1597,552,2,1,2253,40,2,1,524
random_v1_169,random_v1,train,F->A|evm|fund:fa,CTLCOnly,single-level,1,1,1,1,0,1100987,64620,64620,59561,7091,8,0,1286,196,1,1,793,196,1,1,793,4,1,1,229
random_v1_169,random_v1,train,C->E|evm|fund:ce,CTLCMultipleEdges,single-level+multi-option,1,3,3,3,0,1377441,75948,75948,59539,8041,19,0,2905,420,1,1,1597,420,1,1,1597,4,1,1,224
random_v1_169,random_v1,train,B->C|evm|fund:bc,CTLCMultipleEdges,multi-level+multi-option,2,4|3,7,4,1,2021664,80267,137535,112464,9097,47,0,6599,516,1,1,1953,648,2,1,2609,40,2,1,524
random_v1_169,random_v1,train,E->B|evm|fund:eb,CTLCOnly,single-level,1,1,1,1,0,1192635,81164,81164,59561,7219,12,0,1638,580,1,1,2157,580,1,1,2157,4,1,1,229
random_v1_169,random_v1,train,E->F|evm|fund:ef,CTLCMultipleEdges,single-level+multi-option,1,3,3,3,0,1308717,71629,71629,59539,7945,16,0,2641,324,1,1,1241,324,1,1,1241,4,1,1,224
random_v1_17,random_v1,train,B->D|evm|fund:bd,CTLCMultipleEdges,single-level+multi-option,1,2,2,2,0,1285274,75948,75948,59539,7881,15,0,2336,420,1,1,1597,420,1,1,1597,4,1,1,224
random_v1_17,random_v1,train,D->E|evm|fund:de,CTLCMultipleEdges,single-level+multi-option,1,2,2,2,0,1239462,71641,71641,59539,7817,13,0,2160,324,1,1,1241,324,1,1,1241,4,1,1,224
random_v1_17,random_v1,train,E->A|evm|fund:ea,CTLCOnly,single-level,1,1,1,1,0,1100975,64620,64620,59561,7091,8,0,1286,196,1,1,793,196,1,1,793,4,1,1,229
random_v1_17,random_v1,train,C->D|evm|fund:cd,CTLCMultipleEdges,single-level+multi-option,1,2,2,2,0,1285286,75948,75948,59539,7881,15,0,2336,420,1,1,1597,420,1,1,1597,4,1,1,224
random_v1_17,random_v1,train,C->E|evm|fund:ce,CTLCOnly,single-level,1,1,1,1,0,1123899,68747,68747,59561,7123,9,0,1374,292,1,1,1134,292,1,1,1134,4,1,1,229
random_v1_17,random_v1,train,B->C|evm|fund:bc,CTLCMultipleEdges,multi-level+multi-option,2,1|2,3,2,1,1469700,75948,133204,112464,8201,23,0,3619,420,1,1,1597,552,2,1,2253,40,2,1,524
random_v1_17,random_v1,train,B->E|evm|fund:be,CTLCOnly,single-level,1,1,1,1,0,1123899,68747,68747,59561,7123,9,0,1374,292,1,1,1134,292,1,1,1134,4,1,1,229
random_v1_170,random_v1,train,E->A|evm|fund:ea,CTLCOnly,single-level,1,1,1,1,0,1100987,64620,64620,59561,7091,8,0,1286,196,1,1,793,196,1,1,793,4,1,1,229
random_v1_170,random_v1,train,C->B|evm|fund:cb,CTLCOnly,single-level,1,1,1,1,0,1123899,68747,68747,59561,7123,9,0,1374,292,1,1,1134,292,1,1,1134,4,1,1,229
random_v1_170,random_v1,train,C->D|evm|fund:cd,CTLCOnly,single-level,1,1,1,1,0,1146811,72874,72874,59561,7155,10,0,1462,388,1,1,1475,388,1,1,1475,4,1,1,229
random_v1_170,random_v1,train,B->A|evm|fund:ba,CTLCOnly,single-level,1,1,1,1,0,1100987,64620,64620,59561,7091,8,0,1286,196,1,1,793,196,1,1,793,4,1,1,229
random_v1_170,random_v1,train,D->E|evm|fund:de,CTLCOnly,single-level,1,1,1,1,0,1123899,68747,68747,59561,7123,9,0,1374,292,1,1,1134,292,1,1,1134,4,1,1,229
random_v1_170,random_v1,train,B->C|evm|fund:bc,CTLCOnly,single-level,1,1,1,1,0,1169723,77013,77013,59561,7187,11,0,1550,484,1,1,1816,484,1,1,1816,4,1,1,229
random_v1_171,random_v1,train,G->A|evm|fund:ga,CTLCOnly,single-level,1,1,1,1,0,1100975,64620,64620,59561,7091,8,0,1286,196,1,1,793,196,1,1,793,4,1,1,229
random_v1_171,random_v1,train,C->D|evm|fund:cd,CTLCMultipleEdges,single-level+multi-option,1,3,3,3,0,1514937,84598,84598,59539,8233,25,0,3433,612,1,1,2309,612,1,1,2309,4,1,1,224
random_v1_171,random_v1,train,D->E|evm|fund:de,CTLCOnly,single-level,1,1,1,1,0,1169723,77013,77013,59561,7187,11,0,1550,484,1,1,1816,484,1,1,1816,4,1,1,229
random_v1_171,random_v1,train,B->F|evm|fund:bf,CTLCOnly,single-level,1,1,1,1,0,1146799,72862,72862,59561,7155,10,0,1462,388,1,1,1475,388,1,1,1475,4,1,1,229
random_v1_171,random_v1,train,C->E|evm|fund:ce,CTLCOnly,single-level,1,1,1,1,0,1169723,77013,77013,59561,7187,11,0,1550,484,1,1,1816,484,1,1,1816,4,1,1,229
random_v1_171,random_v1,train,E->F|evm|fund:ef,CTLCOnly,single-level,1,1,1,1,0,1146811,72862,72862,59561,7155,10,0,1462,388,1,1,1475,388,1,1,1475,4,1,1,229
random_v1_171,random_v1,train,B->C|evm|fund:bc,CTLCMultipleEdges,multi-level+multi-option,2,1|3,4,3,1,1768063,84598,141843,112464,8649,36,0,4980,612,1,1,2309,744,2,1,2965,40,2,1,524
random_v1_171,random_v1,train,F->G|evm|fund:fg,CTLCOnly,single-level,1,1,1,1,0,1123899,68747,68747,59561,7123,9,0,1374,292,1,1,1134,292,1,1,1134,4,1,1,229
random_v1_171,random_v1,train,B->E|evm|fund:be,CTLCOnly,single-level,1,1,1,1,0,1169711,77013,77013,59561,7187,11,0,1550,484,1,1,1816,484,1,1,1816,4,1,1,229
random_v1_172,random_v1,train,D->A|evm|fund:da,CTLCOnly,single-level,1,1,1,1,0,1100987,64620,64620,59561,7091,8,0,1286,196,1,1,793,196,1,1,793,4,1,1,229
random_v1_172,random_v1,train,C->D|evm|fund:cd,CTLCMultipleEdges,single-level+multi-option,1,3,3,3,0,1308717,71641,71641,59539,7945,16,0,2641,324,1,1,1241,324,1,1,1241,4,1,1,224
random_v1_172,random_v1,train,B->A|evm|fund:ba,CTLCOnly,single-level,1,1,1,1,0,1100987,64620,64620,59561,7091,8,0,1286,196,1,1,793,196,1,1,793,4,1,1,229
random_v1_172,random_v1,train,B->D|evm|fund:bd,CTLCOnly,single-level,1,1,1,1,0,1123899,68747,68747,59561,7123,9,0,1374,292,1,1,1134,292,1,1,1134,4,1,1,229
random_v1_172,random_v1,train,B->C|evm|fund:bc,CTLCMultipleEdges,single-level+multi-option,1,3,3,3,0,1377441,75948,75948,59539,8041,19,0,2905,420,1,1,1597,420,1,1,1597,4,1,1,224
random_v1_173,random_v1,train,E->A|evm|fund:ea,CTLCOnly,single-level,1,1,1,1,0,1100987,64620,64620,59561,7091,8,0,1286,196,1,1,793,196,1,1,793,4,1,1,229
random_v1_173,random_v1,train,C->D|evm|fund:cd,CTLCOnly,multi-level,3,1|1|1,3,1,2,1445913,72874,169982,148367,7635,23,0,3330,388,1,1,1475,652,3,1,2767,76,3,1,839
random_v1_173,random_v1,train,E->C|evm|fund:ec,CTLCOnly,single-level,1,1,1,1,0,1169723,77013,77013,59561,7187,11,0,1550,484,1,1,1816,484,1,1,1816,4,1,1,229
random_v1_173,random_v1,train,F->A|evm|fund:fa,CTLCOnly,single-level,1,1,1,1,0,1100987,64620,64620,59561,7091,8,0,1286,196,1,1,793,196,1,1,793,4,1,1,229
random_v1_173,random_v1,train,D->E|evm|fund:de,CTLCOnly,multi-level,4,1|1|1|1,4,1,3,1538184,68747,205841,184226,7795,27,0,4044,292,1,1,1134,688,4,1,3072,112,4,1,1144
random_v1_173,random_v1,train,B->F|evm|fund:bf,CTLCOnly,single-level,1,1,1,1,0,1123899,68747,68747,59561,7123,9,0,1374,292,1,1,1134,292,1,1,1134,4,1,1,229
random_v1_173,random_v1,train,B->E|evm|fund:be,CTLCMultipleEdges,multi-level+multi-option,2,2|2,4,2,1,1470219,71641,128873,112464,8233,23,0,3836,324,1,1,1241,456,2,1,1897,40,2,1,524
random_v1_173,random_v1,train,E->F|evm|fund:ef,CTLCOnly,single-level,1,1,1,1,0,1123887,68735,68735,59561,7123,9,0,1374,292,1,1,1134,292,1,1,1134,4,1,1,229
random_v1_173,random_v1,train,B->C|evm|fund:bc,CTLCOnly,multi-level,2,1|1,2,1,1,1330718,77013,134123,112508,7443,18,0,2528,484,1,1,1816,616,2,1,2462,40,2,1,534
random_v1_173,random_v1,train,E->B|evm|fund:eb,CTLCOnly,single-level,1,1,1,1,0,1146811,72874,72874,59561,7155,10,0,1462,388,1,1,1475,388,1,1,1475,4,1,1,229
random_v1_173,random_v1,train,C->B|evm|fund:cb,CTLCMultipleEdges,multi-level+multi-option,2,3|2,5,3,1,1654046,75948,133204,112464,8521,31,0,4757,420,1,1,1597,552,2,1,2253,40,2,1,524
random_v1_174,random_v1,train,C->D|evm|fund:cd,CTLCOnly,single-level,1,1,1,1,0,1169711,77013,77013,59561,7187,11,0,1550,484,1,1,1816,484,1,1,1816,4,1,1,229
random_v1_174,random_v1,train,F->A|evm|fund:fa,CTLCOnly,single-level,1,1,1,1,0,1100987,64620,64620,59561,7091,8,0,1286,196,1,1,793,196,1,1,793,4,1,1,229
random_v1_174,random_v1,train,D->E|evm|fund:de,CTLCOnly,single-level,1,1,1,1,0,1146811,72874,72874,59561,7155,10,0,1462,388,1,1,1475,388,1,1,1475,4,1,1,229
random_v1_174,random_v1,train,C->E|evm|fund:ce,CTLCOnly,single-level,1,1,1,1,0,1146811,72874,72874,59561,7155,10,0,1462,388,1,1,1475,388,1,1,1475,4,1,1,229
random_v1_174,random_v1,train,D->C|evm|fund:dc,CTLCOnly,single-level,1,1,1,1,0,1169711,77013,77013,59561,7187,11,0,1550,484,1,1,1816,484,1,1,1816,4,1,1,229
random_v1_174,random_v1,train,E->F|evm|fund:ef,CTLCOnly,single-level,1,1,1,1,0,1123887,68735,68735,59561,7123,9,0,1374,292,1,1,1134,292,1,1,1134,4,1,1,229
random_v1_174,random_v1,train,B->C|evm|fund:bc,CTLCMultipleEdges,multi-level+multi-option,2,2|2,4,2,1,1653503,80267,137535,112464,8489,31,0,4540,516,1,1,1953,648,2,1,2609,40,2,1,524
random_v1_175,random_v1,train,C->D|evm|fund:cd,CTLCOnly,single-level,1,1,1,1,0,1169699,77013,77013,59561,7187,11,0,1550,484,1,1,1816,484,1,1,1816,4,1,1,229
random_v1_175,random_v1,train,C->A|evm|fund:ca,CTLCOnly,single-level,1,1,1,1,0,1100987,64620,64620,59561,7091,8,0,1286,196,1,1,793,196,1,1,793,4,1,1,229
random_v1_175,random_v1,train,F->A|evm|fund:fa,CTLCOnly,single-level,1,1,1,1,0,1100987,64620,64620,59561,7091,8,0,1286,196,1,1,793,196,1,1,793,4,1,1,229
random_v1_175,random_v1,train,D->E|evm|fund:de,CTLCOnly,multi-level,2,1|1,2,1,1,1307782,72874,134123,112508,7411,17,0,2440,388,1,1,1475,616,2,1,2462,40,2,1,534
random_v1_175,random_v1,train,F->B|evm|fund:fb,CTLCOnly,single-level,1,1,1,1,0,1146811,72874,72874,59561,7155,10,0,1462,388,1,1,1475,388,1,1,1475,4,1,1,229
random_v1_175,random_v1,train,C->F|evm|fund:cf,CTLCMultipleEdges,single-level+multi-option,1,2,2,2,0,1239462,71641,71641,59539,7817,13,0,2160,324,1,1,1241,324,1,1,1241,4,1,1,224
random_v1_175,random_v1,train,E->F|evm|fund:ef,CTLCOnly,multi-level,2,1|1,2,1,1,1261994,68735,129972,112508,7347,15,0,2264,292,1,1,1134,520,2,1,2121,40,2,1,534
random_v1_175,random_v1,train,B->C|evm|fund:bc,CTLCMultipleEdges,multi-level+multi-option,3,1|2|1,4,2,2,1585402,71641,173360,148301,8425,28,0,4638,324,1,1,1241,684,3,1,2909,76,3,1,824
random_v1_176,random_v1,train,D->E|evm|fund:de,CTLCMultipleEdges,single-level+multi-option,1,2,2,2,0,1239450,71641,71641,59539,7817,13,0,2160,324,1,1,1241,324,1,1,1241,4,1,1,224
random_v1_176,random_v1,train,E->A|evm|fund:ea,CTLCOnly,single-level,1,1,1,1,0,1100987,64620,64620,59561,7091,8,0,1286,196,1,1,793,196,1,1,793,4,1,1,229
random_v1_176,random_v1,train,C->D|evm|fund:cd,CTLCMultipleEdges,single-level+multi-option,1,2,2,2,0,1285274,75948,75948,59539,7881,15,0,2336,420,1,1,1597,420,1,1,1597,4,1,1,224
random_v1_176,random_v1,train,B->C|evm|fund:bc,CTLCMultipleEdges,single-level+multi-option,1,2,2,2,0,1331086,80267,80267,59539,7945,17,0,2512,516,1,1,1953,516,1,1,1953,4,1,1,224
random_v1_177,random_v1,train,F->C|evm|fund:fc,CTLCMultipleEdges,multi-level+multi-option,2,1|2,3,2,1,1515524,75936,137535,112464,8265,25,0,3795,420,1,1,1597,648,2,1,2609,40,2,1,524
random_v1_177,random_v1,train,E->G|evm|fund:eg,CTLCOnly,single-level,1,1,1,1,0,1123899,68747,68747,59561,7123,9,0,1374,292,1,1,1134,292,1,1,1134,4,1,1,229
random_v1_177,random_v1,train,G->A|evm|fund:ga,CTLCOnly,single-level,1,1,1,1,0,1100975,64620,64620,59561,7091,8,0,1286,196,1,1,793,196,1,1,793,4,1,1,229
random_v1_177,random_v1,train,D->E|evm|fund:de,CTLCMultipleEdges,multi-level+multi-option,3,2|2|2,6,2,2,1884248,75948,173360,148301,8905,41,0,6216,420,1,1,1597,684,3,1,2909,76,3,1,824
random_v1_177,random_v1,train,C->D|evm|fund:cd,CTLCMultipleEdges,multi-level+multi-option,2,2|2,4,2,1,1653503,80267,137535,112464,8489,31,0,4540,516,1,1,1953,648,2,1,2609,40,2,1,524
random_v1_177,random_v1,train,B->F|evm|fund:bf,CTLCMultipleEdges,multi-level+multi-option,3,1|1|2,4,2,2,1722886,75948,177680,148301,8617,34,0,5166,420,1,1,1597,780,3,1,3265,76,3,1,824
random_v1_177,random_v1,train,C->G|evm|fund:cg,CTLCOnly,single-level,1,1,1,1,0,1123899,68735,68735,59561,7123,9,0,1374,292,1,1,1134,292,1,1,1134,4,1,1,229
random_v1_177,random_v1,train,E->F|evm|fund:ef,CTLCOnly,multi-level,2,1|1,2,1,1,1284906,72862,129960,112508,7379,16,0,2352,388,1,1,1475,520,2,1,2121,40,2,1,534
random_v1_177,random_v1,train,B->C|evm|fund:bc,CTLCMultipleEdges,multi-level+multi-option,3,1|2|2,5,2,2,1883765,75948,177680,148301,8873,41,0,5999,420,1,1,1597,780,3,1,3265,76,3,1,824
random_v1_177,random_v1,train,F->G|evm|fund:fg,CTLCOnly,single-level,1,1,1,1,0,1123899,68747,68747,59561,7123,9,0,1374,292,1,1,1134,292,1,1,1134,4,1,1,229
random_v1_178,random_v1,train,D->E|evm|fund:de,CTLCMultipleEdges,single-level+multi-option,1,2,2,2,0,1285274,75948,75948,59539,7881,15,0,2336,420,1,1,1597,420,1,1,1597,4,1,1,224
random_v1_178,random_v1,train,C->D|evm|fund:cd,CTLCMultipleEdges,single-level+multi-option,1,2,2,2,0,1331098,80267,80267,59539,7945,17,0,2512,516,1,1,1953,516,1,1,1953,4,1,1,224
random_v1_178,random_v1,train,F->A|evm|fund:fa,CTLCOnly,single-level,1,1,1,1,0,1100987,64620,64620,59561,7091,8,0,1286,196,1,1,793,196,1,1,793,4,1,1,229
random_v1_178,random_v1,train,B->A|evm|fund:ba,CTLCOnly,single-level,1,1,1,1,0,1100987,64620,64620,59561,7091,8,0,1286,196,1,1,793,196,1,1,793,4,1,1,229
random_v1_178,random_v1,train,B->D|evm|fund:bd,CTLCOnly,single-level,1,1,1,1,0,1169723,77013,77013,59561,7187,11,0,1550,484,1,1,1816,484,1,1,1816,4,1,1,229
random_v1_178,random_v1,train,E->F|evm|fund:ef,CTLCOnly,single-level,1,1,1,1,0,1123899,68735,68735,59561,7123,9,0,1374,292,1,1,1134,292,1,1,1134,4,1,1,229
random_v1_178,random_v1,train,B->C|evm|fund:bc,CTLCOnly,single-level,1,1,1,1,0,1192623,81164,81164,59561,7219,12,0,1638,580,1,1,2157,580,1,1,2157,4,1,1,229
random_v1_178,random_v1,train,E->B|evm|fund:eb,CTLCOnly,single-level,1,1,1,1,0,1123887,68747,68747,59561,7123,9,0,1374,292,1,1,1134,292,1,1,1134,4,1,1,229
random_v1_179,random_v1,train,E->A|evm|fund:ea,CTLCOnly,single-level,1,1,1,1,0,1100987,64620,64620,59561,7091,8,0,1286,196,1,1,793,196,1,1,793,4,1,1,229
random_v1_179,random_v1,train,C->D|evm|fund:cd,CTLCOnly,single-level,1,1,1,1,0,1146811,72874,72874,59561,7155,10,0,1462,388,1,1,1475,388,1,1,1475,4,1,1,229
random_v1_179,random_v1,train,D->E|evm|fund:de,CTLCOnly,single-level,1,1,1,1,0,1123899,68747,68747,59561,7123,9,0,1374,292,1,1,1134,292,1,1,1134,4,1,1,229
random_v1_179,random_v1,train,B->C|evm|fund:bc,CTLCOnly,single-level,1,1,1,1,0,1169723,77013,77013,59561,7187,11,0,1550,484,1,1,1816,484,1,1,1816,4,1,1,229
random_v1_179,random_v1,train,B->E|evm|fund:be,CTLCOnly,single-level,1,1,1,1,0,1123899,68747,68747,59561,7123,9,0,1374,292,1,1,1134,292,1,1,1134,4,1,1,229
random_v1_18,random_v1,train,C->F|evm|fund:cf,CTLCOnly,multi-level,2,1|1,2,1,1,1307794,72874,134111,112508,7411,17,0,2440,388,1,1,1475,616,2,1,2462,40,2,1,534
random_v1_18,random_v1,train,G->B|evm|fund:gb,CTLCMultipleEdges,multi-level+multi-option,2,2|1,3,2,1,1446812,75948,133204,112464,8169,22,0,3531,420,1,1,1597,552,2,1,2253,40,2,1,524
random_v1_18,random_v1,train,G->A|evm|fund:ga,CTLCOnly,single-level,1,1,1,1,0,1100963,64620,64620,59561,7091,8,0,1286,196,1,1,793,196,1,1,793,4,1,1,229
random_v1_18,random_v1,train,D->A|evm|fund:da,CTLCOnly,single-level,1,1,1,1,0,1100987,64620,64620,59561,7091,8,0,1286,196,1,1,793,196,1,1,793,4,1,1,229
random_v1_18,random_v1,train,C->B|evm|fund:cb,CTLCOnly,multi-level,4,1|1|1|1,4,1,3,1629820,72874,209969,184226,7923,31,0,4396,388,1,1,1475,784,4,1,3413,112,4,1,1144
random_v1_18,random_v1,train,C->D|evm|fund:cd,CTLCOnly,multi-level,3,1|1|1,3,1,2,1423013,68747,169982,148367,7603,22,0,3242,292,1,1,1134,652,3,1,2767,76,3,1,839
random_v1_18,random_v1,train,C->A|evm|fund:ca,CTLCOnly,single-level,1,1,1,1,0,1100987,64620,64620,59561,7091,8,0,1286,196,1,1,793,196,1,1,793,4,1,1,229
random_v1_18,random_v1,train,D->E|evm|fund:de,CTLCOnly,multi-level,4,1|1|1|1,4,1,3,1629868,72874,209957,184226,7923,31,0,4396,388,1,1,1475,784,4,1,3413,112,4,1,1144
random_v1_18,random_v1,train,B->F|evm|fund:bf,CTLCOnly,single-level,1,1,1,1,0,1146799,72862,72862,59561,7155,10,0,1462,388,1,1,1475,388,1,1,1475,4,1,1,229
random_v1_18,random_v1,train,B->D|evm|fund:bd,CTLCOnly,multi-level,3,1|1|1,3,1,2,1422953,68747,169982,148367,7603,22,0,3242,292,1,1,1134,652,3,1,2767,76,3,1,839
random_v1_18,random_v1,train,F->G|evm|fund:fg,CTLCMultipleEdges,multi-level+multi-option,3,1|2|1,4,2,2,1631238,71641,173372,148301,8489,30,0,4814,324,1,1,1241,684,3,1,2909,76,3,1,824
random_v1_18,random_v1,train,B->C|evm|fund:bc,CTLCOnly,multi-level,5,1|1|1|1|1,5,1,4,1722139,68747,245828,220085,8083,35,0,5110,292,1,1,1134,820,5,1,3718,148,5,1,1449
random_v1_18,random_v1,train,E->F|evm|fund:ef,CTLCMultipleEdges,multi-level+multi-option,3,1|2|1,4,2,2,1722862,75936,177680,148301,8617,34,0,5166,420,1,1,1597,780,3,1,3265,76,3,1,824
random_v1_18,random_v1,train,E->G|evm|fund:eg,CTLCMultipleEdges,multi-level+multi-option,3,1|2|1,4,2,2,1631190,71641,173372,148301,8489,30,0,4814,324,1,1,1241,684,3,1,2909,76,3,1,824
random_v1_180,random_v1,train,D->A|evm|fund:da,CTLCOnly,single-level,1,1,1,1,0,1100987,64620,64620,59561,7091,8,0,1286,196,1,1,793,196,1,1,793,4,1,1,229
random_v1_180,random_v1,train,C->D|evm|fund:cd,CTLCMultipleEdges,multi-level+multi-option,2,3|3,6,3,1,1700353,71641,133204,112464,8617,33,0,5150,324,1,1,1241,552,2,1,2253,40,2,1,524
random_v1_180,random_v1,train,F->A|evm|fund:fa,CTLCOnly,single-level,1,1,1,1,0,1100987,64620,64620,59561,7091,8,0,1286,196,1,1,793,196,1,1,793,4,1,1,229
random_v1_180,random_v1,train,D->E|evm|fund:de,CTLCOnly,single-level,1,1,1,1,0,1146787,72862,72862,59561,7155,10,0,1462,388,1,1,1475,388,1,1,1475,4,1,1,229
random_v1_180,random_v1,train,E->F|evm|fund:ef,CTLCOnly,single-level,1,1,1,1,0,1123899,68735,68735,59561,7123,9,0,1374,292,1,1,1134,292,1,1,1134,4,1,1,229
random_v1_180,random_v1,train,B->C|evm|fund:bc,CTLCMultipleEdges,multi-level+multi-option,2,3|3,6,3,1,1837849,75948,137523,112464,8809,39,0,5678,420,1,1,1597,648,2,1,2609,40,2,1,524
random_v1_180,random_v1,train,B->E|evm|fund:be,CTLCOnly,single-level,1,1,1,1,0,1146799,72874,72874,59561,7155,10,0,1462,388,1,1,1475,388,1,1,1475,4,1,1,229
random_v1_181,random_v1,train,E->A|evm|fund:ea,CTLCOnly,single-level,1,1,1,1,0,1100987,64620,64620,59561,7091,8,0,1286,196,1,1,793,196,1,1,793,4,1,1,229
random_v1_181,random_v1,train,C->D|evm|fund:cd,CTLCOnly,single-level,1,1,1,1,0,1146811,72874,72874,59561,7155,10,0,1462,388,1,1,1475,388,1,1,1475,4,1,1,229
random_v1_181,random_v1,train,B->A|evm|fund:ba,CTLCOnly,single-level,1,1,1,1,0,1100987,64620,64620,59561,7091,8,0,1286,196,1,1,793,196,1,1,793,4,1,1,229
random_v1_181,random_v1,train,D->E|evm|fund:de,CTLCOnly,single-level,1,1,1,1,0,1123899,68747,68747,59561,7123,9,0,1374,292,1,1,1134,292,1,1,1134,4,1,1,229
random_v1_181,random_v1,train,B->C|evm|fund:bc,CTLCOnly,single-level,1,1,1,1,0,1169711,77013,77013,59561,7187,11,0,1550,484,1,1,1816,484,1,1,1816,4,1,1,229
random_v1_182,random_v1,train,D->E|evm|fund:de,CTLCMultipleEdges,single-level+multi-option,1,2,2,2,0,1285274,75948,75948,59539,7881,15,0,2336,420,1,1,1597,420,1,1,1597,4,1,1,224
random_v1_182,random_v1,train,C->D|evm|fund:cd,CTLCMultipleEdges,single-level+multi-option,1,2,2,2,0,1331074,80267,80267,59539,7945,17,0,2512,516,1,1,1953,516,1,1,1953,4,1,1,224
random_v1_182,random_v1,train,F->A|evm|fund:fa,CTLCOnly,single-level,1,1,1,1,0,1100987,64620,64620,59561,7091,8,0,1286,196,1,1,793,196,1,1,793,4,1,1,229
random_v1_182,random_v1,train,E->D|evm|fund:ed,CTLCMultipleEdges,single-level+multi-option,1,2,2,2,0,1285262,75948,75948,59539,7881,15,0,2336,420,1,1,1597,420,1,1,1597,4,1,1,224
random_v1_182,random_v1,train,C->A|evm|fund:ca,CTLCMultipleEdges,single-level+multi-option,1,2,2,2,0,1193638,67334,67334,59539,7753,11,0,1984,228,1,1,885,228,1,1,885,4,1,1,224
random_v1_182,random_v1,train,B->C|evm|fund:bc,CTLCMultipleEdges,multi-level+multi-option,2,2|2,4,2,1,1561855,71641,137523,112464,8361,27,0,4188,324,1,1,1241,648,2,1,2609,40,2,1,524
random_v1_182,random_v1,train,D->C|evm|fund:dc,CTLCMultipleEdges,single-level+multi-option,1,2,2,2,0,1239438,71641,71641,59539,7817,13,0,2160,324,1,1,1241,324,1,1,1241,4,1,1,224
random_v1_182,random_v1,train,E->F|evm|fund:ef,CTLCMultipleEdges,single-level+multi-option,1,2,2,2,0,1239450,71629,71629,59539,7817,13,0,2160,324,1,1,1241,324,1,1,1241,4,1,1,224
random_v1_183,random_v1,train,F->D|evm|fund:fd,CTLCOnly,single-level,1,1,1,1,0,1146811,72874,72874,59561,7155,10,0,1462,388,1,1,1475,388,1,1,1475,4,1,1,229
random_v1_183,random_v1,train,E->A|evm|fund:ea,CTLCOnly,single-level,1,1,1,1,0,1100987,64620,64620,59561,7091,8,0,1286,196,1,1,793,196,1,1,793,4,1,1,229
random_v1_183,random_v1,train,C->D|evm|fund:cd,CTLCOnly,multi-level,2,1|1,2,1,1,1284906,72874,129972,112508,7379,16,0,2352,388,1,1,1475,520,2,1,2121,40,2,1,534
random_v1_183,random_v1,train,C->A|evm|fund:ca,CTLCOnly,single-level,1,1,1,1,0,1100987,64620,64620,59561,7091,8,0,1286,196,1,1,793,196,1,1,793,4,1,1,229
random_v1_183,random_v1,train,F->A|evm|fund:fa,CTLCOnly,single-level,1,1,1,1,0,1100987,64620,64620,59561,7091,8,0,1286,196,1,1,793,196,1,1,793,4,1,1,229
random_v1_183,random_v1,train,D->E|evm|fund:de,CTLCOnly,multi-level,2,1|1,2,1,1,1239082,68747,125833,112508,7315,14,0,2176,292,1,1,1134,424,2,1,1780,40,2,1,534
random_v1_183,random_v1,train,C->E|evm|fund:ce,CTLCOnly,multi-level,2,1|1,2,1,1,1239082,68747,125833,112508,7315,14,0,2176,292,1,1,1134,424,2,1,1780,40,2,1,534
random_v1_183,random_v1,train,E->F|evm|fund:ef,CTLCOnly,single-level,1,1,1,1,0,1123899,68735,68735,59561,7123,9,0,1374,292,1,1,1134,292,1,1,1134,4,1,1,229
random_v1_183,random_v1,train,B->C|evm|fund:bc,CTLCMultipleEdges,multi-level+multi-option,4,1|1|2|1,5,2,3,1769828,71641,209209,184138,8745,36,0,5921,324,1,1,1241,720,4,1,3209,112,4,1,1124
random_v1_184,random_v1,train,B->D|evm|fund:bd,CTLCMultipleEdges,multi-level+multi-option,2,1|2,3,2,1,1446800,71617,133192,112464,8169,22,0,3531,324,1,1,1241,552,2,1,2253,40,2,1,524
random_v1_184,random_v1,train,D->E|evm|fund:de,CTLCMultipleEdges,single-level+multi-option,1,2,2,2,0,1285286,75936,75936,59539,7881,15,0,2336,420,1,1,1597,420,1,1,1597,4,1,1,224
random_v1_184,random_v1,train,D->A|evm|fund:da,CTLCOnly,single-level,1,1,1,1,0,1100987,64620,64620,59561,7091,8,0,1286,196,1,1,793,196,1,1,793,4,1,1,229
random_v1_184,random_v1,train,C->D|evm|fund:cd,CTLCMultipleEdges,multi-level+multi-option,2,1|2,3,2,1,1446800,71641,133204,112464,8169,22,0,3531,324,1,1,1241,552,2,1,2253,40,2,1,524
random_v1_184,random_v1,train,E->C|evm|fund:ec,CTLCOnly,multi-level,2,1|1,2,1,1,1284906,72874,129960,112508,7379,16,0,2352,388,1,1,1475,520,2,1,2121,40,2,1,534
random_v1_184,random_v1,train,F->C|evm|fund:fc,CTLCOnly,multi-level,2,1|1,2,1,1,1284906,72874,129960,112508,7379,16,0,2352,388,1,1,1475,520,2,1,2121,40,2,1,534
random_v1_184,random_v1,train,F->A|evm|fund:fa,CTLCOnly,single-level,1,1,1,1,0,1100987,64620,64620,59561,7091,8,0,1286,196,1,1,793,196,1,1,793,4,1,1,229
random_v1_184,random_v1,train,F->B|evm|fund:fb,CTLCOnly,multi-level,2,1|1,2,1,1,1284882,72874,129972,112508,7379,16,0,2352,388,1,1,1475,520,2,1,2121,40,2,1,534
random_v1_184,random_v1,train,B->C|evm|fund:bc,CTLCMultipleEdges,multi-level+multi-option,2,1|2,3,2,1,1515512,75948,137535,112464,8265,25,0,3795,420,1,1,1597,648,2,1,2609,40,2,1,524
random_v1_184,random_v1,train,C->B|evm|fund:cb,CTLCMultipleEdges,multi-level+multi-option,2,1|2,3,2,1,1515524,75948,137535,112464,8265,25,0,3795,420,1,1,1597,648,2,1,2609,40,2,1,524
random_v1_184,random_v1,train,E->F|evm|fund:ef,CTLCMultipleEdges,multi-level+multi-option,3,1|2|2,5,2,2,1769193,71629,173360,148301,8713,36,0,5559,324,1,1,1241,684,3,1,2909,76,3,1,824
random_v1_185,random_v1,train,D->A|evm|fund:da,CTLCOnly,single-level,1,1,1,1,0,1100987,64620,64620,59561,7091,8,0,1286,196,1,1,793,196,1,1,793,4,1,1,229
random_v1_185,random_v1,train,C->D|evm|fund:cd,CTLCMultipleEdges,single-level+multi-option,1,3,3,3,0,1308705,71641,71641,59539,7945,16,0,2641,324,1,1,1241,324,1,1,1241,4,1,1,224
random_v1_185,random_v1,train,B->C|evm|fund:bc,CTLCMultipleEdges,single-level+multi-option,1,3,3,3,0,1377441,75948,75948,59539,8041,19,0,2905,420,1,1,1597,420,1,1,1597,4,1,1,224
random_v1_186,random_v1,train,D->E|evm|fund:de,CTLCMultipleEdges,single-level+multi-option,1,4,4,4,0,1469608,75948,75948,59539,8201,23,0,3474,420,1,1,1597,420,1,1,1597,4,1,1,224
random_v1_186,random_v1,train,C->D|evm|fund:cd,CTLCMultipleEdges,single-level+multi-option,1,8,8,8,0,2021584,80267,80267,59539,9097,47,0,6454,516,1,1,1953,516,1,1,1953,4,1,1,224
random_v1_186,random_v1,train,F->A|evm|fund:fa,CTLCOnly,single-level,1,1,1,1,0,1100963,64620,64620,59561,7091,8,0,1286,196,1,1,793,196,1,1,793,4,1,1,229
random_v1_186,random_v1,train,C->E|evm|fund:ce,CTLCMultipleEdges,single-level+multi-option,1,2,2,2,0,1285286,75948,75948,59539,7881,15,0,2336,420,1,1,1597,420,1,1,1597,4,1,1,224
random_v1_186,random_v1,train,B->C|evm|fund:bc,CTLCMultipleEdges,multi-level+multi-option,2,4|16,20,16,1,3816053,80267,137535,112464,12009,125,0,16284,516,1,1,1953,648,2,1,2609,40,2,1,524
random_v1_186,random_v1,train,E->F|evm|fund:ef,CTLCMultipleEdges,single-level+multi-option,1,2,2,2,0,1239462,71629,71629,59539,7817,13,0,2160,324,1,1,1241,324,1,1,1241,4,1,1,224
random_v1_187,random_v1,train,B->D|evm|fund:bd,CTLCMultipleEdges,single-level+multi-option,1,2,2,2,0,1239462,71641,71641,59539,7817,13,0,2160,324,1,1,1241,324,1,1,1241,4,1,1,224
random_v1_187,random_v1,train,D->A|evm|fund:da,CTLCOnly,single-level,1,1,1,1,0,1100987,64620,64620,59561,7091,8,0,1286,196,1,1,793,196,1,1,793,4,1,1,229
random_v1_187,random_v1,train,C->D|evm|fund:cd,CTLCOnly,single-level,1,1,1,1,0,1123899,68747,68747,59561,7123,9,0,1374,292,1,1,1134,292,1,1,1134,4,1,1,229
random_v1_187,random_v1,train,B->C|evm|fund:bc,CTLCOnly,single-level,1,1,1,1,0,1146811,72874,72874,59561,7155,10,0,1462,388,1,1,1475,388,1,1,1475,4,1,1,229
random_v1_188,random_v1,train,D->B|evm|fund:db,CTLCMultipleEdges,single-level+multi-option,1,3,3,3,0,1514937,84586,84586,59539,8233,25,0,3433,612,1,1,2309,612,1,1,2309,4,1,1,224
random_v1_188,random_v1,train,C->D|evm|fund:cd,CTLCOnly,single-level,1,1,1,1,0,1169723,77013,77013,59561,7187,11,0,1550,484,1,1,1816,484,1,1,1816,4,1,1,229
random_v1_188,random_v1,train,F->A|evm|fund:fa,CTLCOnly,single-level,1,1,1,1,0,1100975,64620,64620,59561,7091,8,0,1286,196,1,1,793,196,1,1,793,4,1,1,229
random_v1_188,random_v1,train,D->E|evm|fund:de,CTLCOnly,single-level,1,1,1,1,0,1146811,72874,72874,59561,7155,10,0,1462,388,1,1,1475,388,1,1,1475,4,1,1,229
random_v1_188,random_v1,train,C->E|evm|fund:ce,CTLCOnly,single-level,1,1,1,1,0,1146799,72874,72874,59561,7155,10,0,1462,388,1,1,1475,388,1,1,1475,4,1,1,229
random_v1_188,random_v1,train,E->F|evm|fund:ef,CTLCOnly,single-level,1,1,1,1,0,1123887,68735,68735,59561,7123,9,0,1374,292,1,1,1134,292,1,1,1134,4,1,1,229
random_v1_188,random_v1,train,B->C|evm|fund:bc,CTLCMultipleEdges,multi-level+multi-option,2,3|3,6,3,1,1906573,80267,137535,112464,8905,42,0,5942,516,1,1,1953,648,2,1,2609,40,2,1,524
random_v1_189,random_v1,train,D->B|evm|fund:db,CTLCMultipleEdges,single-level+multi-option,1,2,2,2,0,1239450,71641,71641,59539,7817,13,0,2160,324,1,1,1241,324,1,1,1241,4,1,1,224
random_v1_189,random_v1,train,D->A|evm|fund:da,CTLCOnly,single-level,1,1,1,1,0,1100987,64620,64620,59561,7091,8,0,1286,196,1,1,793,196,1,1,793,4,1,1,229
random_v1_189,random_v1,train,C->D|evm|fund:cd,CTLCMultipleEdges,multi-level+multi-option,2,1|2,3,2,1,1400952,71641,128885,112464,8105,20,0,3355,324,1,1,1241,456,2,1,1897,40,2,1,524
random_v1_189,random_v1,train,B->A|evm|fund:ba,CTLCOnly,single-level,1,1,1,1,0,1100987,64620,64620,59561,7091,8,0,1286,196,1,1,793,196,1,1,793,4,1,1,229
random_v1_189,random_v1,train,B->C|evm|fund:bc,CTLCOnly,single-level,1,1,1,1,0,1146811,72874,72874,59561,7155,10,0,1462,388,1,1,1475,388,1,1,1475,4,1,1,229
random_v1_19,random_v1,train,B->D|evm|fund:bd,CTLCMultipleEdges,multi-level+multi-option,2,1|6,7,6,1,1930016,75948,133204,112464,8969,43,0,6247,420,1,1,1597,552,2,1,2253,40,2,1,524
random_v1_19,random_v1,train,D->F|evm|fund:df,CTLCOnly,single-level,1,1,1,1,0,1123899,68747,68747,59561,7123,9,0,1374,292,1,1,1134,292,1,1,1134,4,1,1,229
random_v1_19,random_v1,train,D->E|evm|fund:de,CTLCMultipleEdges,single-level+multi-option,1,6,6,6,0,1653966,75948,75948,59539,8521,31,0,4612,420,1,1,1597,420,1,1,1597,4,1,1,224
random_v1_19,random_v1,train,C->D|evm|fund:cd,CTLCMultipleEdges,multi-level+multi-option,2,1|6,7,6,1,1930004,75948,133204,112464,8969,43,0,6247,420,1,1,1597,552,2,1,2253,40,2,1,524
random_v1_19,random_v1,train,E->D|evm|fund:ed,CTLCOnly,single-level,1,1,1,1,0,1146811,72862,72862,59561,7155,10,0,1462,388,1,1,1475,388,1,1,1475,4,1,1,229
random_v1_19,random_v1,train,F->A|evm|fund:fa,CTLCOnly,single-level,1,1,1,1,0,1100987,64620,64620,59561,7091,8,0,1286,196,1,1,793,196,1,1,793,4,1,1,229
random_v1_19,random_v1,train,B->E|evm|fund:be,CTLCMultipleEdges,multi-level+multi-option,2,2|1,3,2,1,1446812,75948,133192,112464,8169,22,0,3531,420,1,1,1597,552,2,1,2253,40,2,1,524
random_v1_19,random_v1,train,B->C|evm|fund:bc,CTLCMultipleEdges,multi-level+multi-option,2,1|6,7,6,1,2090412,80267,137535,112464,9193,50,0,6863,516,1,1,1953,648,2,1,2609,40,2,1,524
random_v1_19,random_v1,train,E->F|evm|fund:ef,CTLCMultipleEdges,single-level+multi-option,1,2,2,2,0,1239450,71629,71629,59539,7817,13,0,2160,324,1,1,1241,324,1,1,1241,4,1,1,224
random_v1_190,random_v1,train,D->B|evm|fund:db,CTLCMultipleEdges,single-level+multi-option,1,2,2,2,0,1239450,71641,71641,59539,7817,13,0,2160,324,1,1,1241,324,1,1,1241,4,1,1,224
random_v1_190,random_v1,train,D->E|evm|fund:de,CTLCMultipleEdges,multi-level+multi-option,2,4|8,12,8,1,2436700,75936,133204,112464,9833,65,0,9268,420,1,1,1597,552,2,1,2253,40,2,1,524
random_v1_190,random_v1,train,F->B|evm|fund:fb,CTLCMultipleEdges,multi-level+multi-option,2,2|2,4,2,1,1607679,71629,141843,112464,8425,29,0,4364,324,1,1,1241,744,2,1,2965,40,2,1,524
random_v1_190,random_v1,train,C->D|evm|fund:cd,CTLCMultipleEdges,multi-level+multi-option,3,2|4|8,14,8,2,2942623,75948,173372,148301,10633,87,0,12000,420,1,1,1597,684,3,1,2909,76,3,1,824
random_v1_190,random_v1,train,B->A|evm|fund:ba,CTLCMultipleEdges,single-level+multi-option,1,2,2,2,0,1193638,67334,67334,59539,7753,11,0,1984,228,1,1,885,228,1,1,885,4,1,1,224
random_v1_190,random_v1,train,F->A|evm|fund:fa,CTLCOnly,single-level,1,1,1,1,0,1100975,64620,64620,59561,7091,8,0,1286,196,1,1,793,196,1,1,793,4,1,1,229
random_v1_190,random_v1,train,F->G|evm|fund:fg,CTLCMultipleEdges,single-level+multi-option,1,2,2,2,0,1239462,71641,71641,59539,7817,13,0,2160,324,1,1,1241,324,1,1,1241,4,1,1,224
random_v1_190,random_v1,train,G->A|evm|fund:ga,CTLCMultipleEdges,single-level+multi-option,1,2,2,2,0,1193626,67334,67334,59539,7753,11,0,1984,228,1,1,885,228,1,1,885,4,1,1,224
random_v1_190,random_v1,train,B->C|evm|fund:bc,CTLCMultipleEdges,multi-level+multi-option,2,4|4,8,4,1,2342954,84598,141843,112464,9577,61,0,8048,612,1,1,2309,744,2,1,2965,40,2,1,524
random_v1_190,random_v1,train,E->F|evm|fund:ef,CTLCMultipleEdges,multi-level+multi-option,2,2|8,10,8,1,2023185,71641,128885,112464,9193,47,0,7250,324,1,1,1241,456,2,1,1897,40,2,1,524
random_v1_190,random_v1,train,E->G|evm|fund:eg,CTLCMultipleEdges,single-level+multi-option,1,2,2,2,0,1239450,71641,71641,59539,7817,13,0,2160,324,1,1,1241,324,1,1,1241,4,1,1,224
random_v1_191,random_v1,train,E->A|evm|fund:ea,CTLCOnly,single-level,1,1,1,1,0,1100987,64620,64620,59561,7091,8,0,1286,196,1,1,793,196,1,1,793,4,1,1,229
random_v1_191,random_v1,train,C->D|evm|fund:cd,CTLCMultipleEdges,single-level+multi-option,1,2,2,2,0,1285286,75948,75948,59539,7881,15,0,2336,420,1,1,1597,420,1,1,1597,4,1,1,224
random_v1_191,random_v1,train,D->E|evm|fund:de,CTLCOnly,single-level,1,1,1,1,0,1123899,68747,68747,59561,7123,9,0,1374,292,1,1,1134,292,1,1,1134,4,1,1,229
random_v1_191,random_v1,train,B->D|evm|fund:bd,CTLCOnly,single-level,1,1,1,1,0,1146811,72850,72850,59561,7155,10,0,1462,388,1,1,1475,388,1,1,1475,4,1,1,229
random_v1_191,random_v1,train,B->C|evm|fund:bc,CTLCMultipleEdges,single-level+multi-option,1,2,2,2,0,1331098,80267,80267,59539,7945,17,0,2512,516,1,1,1953,516,1,1,1953,4,1,1,224
random_v1_192,random_v1,train,E->A|evm|fund:ea,CTLCOnly,single-level,1,1,1,1,0,1100987,64620,64620,59561,7091,8,0,1286,196,1,1,793,196,1,1,793,4,1,1,229
random_v1_192,random_v1,train,C->D|evm|fund:cd,CTLCOnly,single-level,1,1,1,1,0,1146799,72874,72874,59561,7155,10,0,1462,388,1,1,1475,388,1,1,1475,4,1,1,229
random_v1_192,random_v1,train,D->E|evm|fund:de,CTLCOnly,single-level,1,1,1,1,0,1123899,68747,68747,59561,7123,9,0,1374,292,1,1,1134,292,1,1,1134,4,1,1,229
random_v1_192,random_v1,train,B->C|evm|fund:bc,CTLCMultipleEdges,single-level+multi-option,1,2,2,2,0,1331086,80267,80267,59539,7945,17,0,2512,516,1,1,1953,516,1,1,1953,4,1,1,224
random_v1_193,random_v1,train,B->D|evm|fund:bd,CTLCMultipleEdges,multi-level+multi-option,3,1|2|1,4,2,2,1631226,71617,173372,148301,8489,30,0,4814,324,1,1,1241,684,3,1,2909,76,3,1,824
random_v1_193,random_v1,train,G->D|evm|fund:gd,CTLCOnly,multi-level,2,1|1,2,1,1,1261994,68747,129972,112508,7347,15,0,2264,292,1,1,1134,520,2,1,2121,40,2,1,534
random_v1_193,random_v1,train,E->G|evm|fund:eg,CTLCOnly,multi-level,2,1|1,2,1,1,1239070,68747,125833,112508,7315,14,0,2176,292,1,1,1134,424,2,1,1780,40,2,1,534
random_v1_193,random_v1,train,F->D|evm|fund:fd,CTLCOnly,multi-level,2,1|1,2,1,1,1261994,68747,129972,112508,7347,15,0,2264,292,1,1,1134,520,2,1,2121,40,2,1,534
random_v1_193,random_v1,train,G->A|evm|fund:ga,CTLCOnly,single-level,1,1,1,1,0,1100975,64620,64620,59561,7091,8,0,1286,196,1,1,793,196,1,1,793,4,1,1,229
random_v1_193,random_v1,train,D->E|evm|fund:de,CTLCMultipleEdges,multi-level+multi-option,2,2|1,3,2,1,1446800,75948,133204,112464,8169,22,0,3531,420,1,1,1597,552,2,1,2253,40,2,1,524
random_v1_193,random_v1,train,D->A|evm|fund:da,CTLCOnly,single-level,1,1,1,1,0,1100987,64620,64620,59561,7091,8,0,1286,196,1,1,793,196,1,1,793,4,1,1,229
random_v1_193,random_v1,train,C->D|evm|fund:cd,CTLCMultipleEdges,multi-level+multi-option,3,1|2|1,4,2,2,1631214,71641,173372,148301,8489,30,0,4814,324,1,1,1241,684,3,1,2909,76,3,1,824
random_v1_193,random_v1,train,F->A|evm|fund:fa,CTLCOnly,single-level,1,1,1,1,0,1100987,64620,64620,59561,7091,8,0,1286,196,1,1,793,196,1,1,793,4,1,1,229
random_v1_193,random_v1,train,B->C|evm|fund:bc,CTLCMultipleEdges,multi-level+multi-option,3,1|2|1,4,2,2,1722874,75948,177680,148301,8617,34,0,5166,420,1,1,1597,780,3,1,3265,76,3,1,824
random_v1_193,random_v1,train,F->G|evm|fund:fg,CTLCOnly,multi-level,2,1|1,2,1,1,1239082,68747,125833,112508,7315,14,0,2176,292,1,1,1134,424,2,1,1780,40,2,1,534
random_v1_193,random_v1,train,E->F|evm|fund:ef,CTLCMultipleEdges,multi-level+multi-option,3,1|2|1,4,2,2,1562502,71641,169041,148301,8393,27,0,4550,324,1,1,1241,588,3,1,2553,76,3,1,824
random_v1_194,random_v1,train,D->E|evm|fund:de,CTLCMultipleEdges,single-level+multi-option,1,2,2,2,0,1239462,71641,71641,59539,7817,13,0,2160,324,1,1,1241,324,1,1,1241,4,1,1,224
random_v1_194,random_v1,train,E->A|evm|fund:ea,CTLCOnly,single-level,1,1,1,1,0,1100975,64620,64620,59561,7091,8,0,1286,196,1,1,793,196,1,1,793,4,1,1,229
random_v1_194,random_v1,train,C->D|evm|fund:cd,CTLCMultipleEdges,single-level+multi-option,1,2,2,2,0,1285286,75948,75948,59539,7881,15,0,2336,420,1,1,1597,420,1,1,1597,4,1,1,224
random_v1_194,random_v1,train,B->C|evm|fund:bc,CTLCMultipleEdges,single-level+multi-option,1,4,4,4,0,1561244,80267,80267,59539,8329,27,0,3826,516,1,1,1953,516,1,1,1953,4,1,1,224
random_v1_195,random_v1,train,D->A|evm|fund:da,CTLCOnly,single-level,1,1,1,1,0,1100987,64620,64620,59561,7091,8,0,1286,196,1,1,793,196,1,1,793,4,1,1,229
random_v1_195,random_v1,train,C->D|evm|fund:cd,CTLCOnly,single-level,1,1,1,1,0,1123887,68747,68747,59561,7123,9,0,1374,292,1,1,1134,292,1,1,1134,4,1,1,229
random_v1_195,random_v1,train,C->A|evm|fund:ca,CTLCOnly,single-level,1,1,1,1,0,1100987,64620,64620,59561,7091,8,0,1286,196,1,1,793,196,1,1,793,4,1,1,229
random_v1_195,random_v1,train,B->C|evm|fund:bc,CTLCOnly,multi-level,2,1|1,2,1,1,1239046,68747,125833,112508,7315,14,0,2176,292,1,1,1134,424,2,1,1780,40,2,1,534
random_v1_195,random_v1,train,D->C|evm|fund:dc,CTLCMultipleEdges,single-level+multi-option,1,2,2,2,0,1239438,71641,71641,59539,7817,13,0,2160,324,1,1,1241,324,1,1,1241,4,1,1,224
random_v1_196,random_v1,train,G->A|evm|fund:ga,CTLCOnly,single-level,1,1,1,1,0,1100963,64620,64620,59561,7091,8,0,1286,196,1,1,793,196,1,1,793,4,1,1,229
random_v1_196,random_v1,train,D->E|evm|fund:de,CTLCMultipleEdges,single-level+multi-option,1,2,2,2,0,1331098,80267,80267,59539,7945,17,0,2512,516,1,1,1953,516,1,1,1953,4,1,1,224
random_v1_196,random_v1,train,C->D|evm|fund:cd,CTLCMultipleEdges,single-level+multi-option,1,4,4,4,0,1652880,84598,84598,59539,8457,31,0,4178,612,1,1,2309,612,1,1,2309,4,1,1,224
random_v1_196,random_v1,train,F->G|evm|fund:fg,CTLCMultipleEdges,single-level+multi-option,1,2,2,2,0,1239462,71641,71641,59539,7817,13,0,2160,324,1,1,1241,324,1,1,1241,4,1,1,224
random_v1_196,random_v1,train,B->C|evm|fund:bc,CTLCMultipleEdges,single-level+multi-option,1,4,4,4,0,1744552,88906,88906,59539,8585,35,0,4530,708,1,1,2665,708,1,1,2665,4,1,1,224
random_v1_196,random_v1,train,E->F|evm|fund:ef,CTLCMultipleEdges,single-level+multi-option,1,2,2,2,0,1285274,75936,75936,59539,7881,15,0,2336,420,1,1,1597,420,1,1,1597,4,1,1,224
random_v1_197,random_v1,train,D->F|evm|fund:df,CTLCOnly,single-level,1,1,1,1,0,1123887,68747,68747,59561,7123,9,0,1374,292,1,1,1134,292,1,1,1134,4,1,1,229
random_v1_197,random_v1,train,C->D|evm|fund:cd,CTLCOnly,multi-level,2,1|1,2,1,1,1284906,72874,129972,112508,7379,16,0,2352,388,1,1,1475,520,2,1,2121,40,2,1,534
random_v1_197,random_v1,train,F->A|evm|fund:fa,CTLCOnly,single-level,1,1,1,1,0,1100987,64620,64620,59561,7091,8,0,1286,196,1,1,793,196,1,1,793,4,1,1,229
random_v1_197,random_v1,train,D->E|evm|fund:de,CTLCOnly,single-level,1,1,1,1,0,1146799,72874,72874,59561,7155,10,0,1462,388,1,1,1475,388,1,1,1475,4,1,1,229
random_v1_197,random_v1,train,E->B|evm|fund:eb,CTLCMultipleEdges,single-level+multi-option,1,4,4,4,0,1652916,84598,84598,59539,8457,31,0,4178,612,1,1,2309,612,1,1,2309,4,1,1,224
random_v1_197,random_v1,train,E->F|evm|fund:ef,CTLCOnly,single-level,1,1,1,1,0,1123899,68735,68735,59561,7123,9,0,1374,292,1,1,1134,292,1,1,1134,4,1,1,229
random_v1_197,random_v1,train,B->C|evm|fund:bc,CTLCMultipleEdges,multi-level+multi-option,2,2|2,4,2,1,1653503,80267,137535,112464,8489,31,0,4540,516,1,1,1953,648,2,1,2609,40,2,1,524
random_v1_198,random_v1,train,D->B|evm|fund:db,CTLCOnly,single-level,1,1,1,1,0,1146811,72874,72874,59561,7155,10,0,1462,388,1,1,1475,388,1,1,1475,4,1,1,229
random_v1_198,random_v1,train,E->A|evm|fund:ea,CTLCOnly,single-level,1,1,1,1,0,1100987,64620,64620,59561,7091,8,0,1286,196,1,1,793,196,1,1,793,4,1,1,229
random_v1_198,random_v1,train,C->D|evm|fund:cd,CTLCOnly,single-level,1,1,1,1,0,1146811,72874,72874,59561,7155,10,0,1462,388,1,1,1475,388,1,1,1475,4,1,1,229
random_v1_198,random_v1,train,C->A|evm|fund:ca,CTLCOnly,single-level,1,1,1,1,0,1100987,64620,64620,59561,7091,8,0,1286,196,1,1,793,196,1,1,793,4,1,1,229
random_v1_198,random_v1,train,D->E|evm|fund:de,CTLCOnly,single-level,1,1,1,1,0,1123899,68747,68747,59561,7123,9,0,1374,292,1,1,1134,292,1,1,1134,4,1,1,229
random_v1_198,random_v1,train,B->C|evm|fund:bc,CTLCOnly,multi-level,2,1|1,2,1,1,1261982,68747,129972,112508,7347,15,0,2264,292,1,1,1134,520,2,1,2121,40,2,1,534
random_v1_198,random_v1,train,D->C|evm|fund:dc,CTLCMultipleEdges,single-level+multi-option,1,2,2,2,0,1239438,71641,71641,59539,7817,13,0,2160,324,1,1,1241,324,1,1,1241,4,1,1,224
random_v1_199,random_v1,train,D->E|evm|fund:de,CTLCMultipleEdges,multi-level+multi-option,2,1|2,3,2,1,1446788,71641,133204,112464,8169,22,0,3531,324,1,1,1241,552,2,1,2253,40,2,1,524
random_v1_199,random_v1,train,E->A|evm|fund:ea,CTLCOnly,single-level,1,1,1,1,0,1100987,64620,64620,59561,7091,8,0,1286,196,1,1,793,196,1,1,793,4,1,1,229
random_v1_199,random_v1,train,C->D|evm|fund:cd,CTLCOnly,single-level,1,1,1,1,0,1146811,72874,72874,59561,7155,10,0,1462,388,1,1,1475,388,1,1,1475,4,1,1,229
random_v1_199,random_v1,train,C->A|evm|fund:ca,CTLCOnly,single-level,1,1,1,1,0,1100987,64620,64620,59561,7091,8,0,1286,196,1,1,793,196,1,1,793,4,1,1,229
random_v1_199,random_v1,train,E->B|evm|fund:eb,CTLCMultipleEdges,single-level+multi-option,1,2,2,2,0,1285274,75948,75948,59539,7881,15,0,2336,420,1,1,1597,420,1,1,1597,4,1,1,224
random_v1_199,random_v1,train,B->C|evm|fund:bc,CTLCOnly,multi-level,2,1|1,2,1,1,1261982,68747,129972,112508,7347,15,0,2264,292,1,1,1134,520,2,1,2121,40,2,1,534
random_v1_2,random_v1,train,E->G|evm|fund:eg,CTLCOnly,single-level,1,1,1,1,0,1123887,68747,68747,59561,7123,9,0,1374,292,1,1,1134,292,1,1,1134,4,1,1,229
random_v1_2,random_v1,train,G->A|evm|fund:ga,CTLCOnly,single-level,1,1,1,1,0,1100975,64620,64620,59561,7091,8,0,1286,196,1,1,793,196,1,1,793,4,1,1,229
random_v1_2,random_v1,train,D->E|evm|fund:de,CTLCMultipleEdges,multi-level+multi-option,2,2|16,18,16,1,3173284,75948,133192,112464,11049,97,0,13386,420,1,1,1597,552,2,1,2253,40,2,1,524
random_v1_2,random_v1,train,C->D|evm|fund:cd,CTLCMultipleEdges,multi-level+multi-option,2,2|16,18,16,1,3585736,80267,137535,112464,11625,115,0,14970,516,1,1,1953,648,2,1,2609,40,2,1,524
random_v1_2,random_v1,train,F->G|evm|fund:fg,CTLCMultipleEdges,single-level+multi-option,1,4,4,4,0,1377972,71641,71641,59539,8073,19,0,3122,324,1,1,1241,324,1,1,1241,4,1,1,224
random_v1_2,random_v1,train,B->C|evm|fund:bc,CTLCMultipleEdges,multi-level+multi-option,2,2|16,18,16,1,3998385,84598,141843,112464,12201,133,0,16554,612,1,1,2309,744,2,1,2965,40,2,1,524
random_v1_2,random_v1,train,E->F|evm|fund:ef,CTLCMultipleEdges,single-level+multi-option,1,8,8,8,0,1838252,75936,75936,59539,8841,39,0,5750,420,1,1,1597,420,1,1,1597,4,1,1,224
random_v1_20,random_v1,train,D->B|evm|fund:db,CTLCMultipleEdges,single-level+multi-option,1,2,2,2,0,1285286,75948,75948,59539,7881,15,0,2336,420,1,1,1597,420,1,1,1597,4,1,1,224
random_v1_20,random_v1,train,D->A|evm|fund:da,CTLCOnly,single-level,1,1,1,1,0,1100987,64620,64620,59561,7091,8,0,1286,196,1,1,793,196,1,1,793,4,1,1,229
random_v1_20,random_v1,train,C->D|evm|fund:cd,CTLCOnly,single-level,1,1,1,1,0,1123875,68747,68747,59561,7123,9,0,1374,292,1,1,1134,292,1,1,1134,4,1,1,229
random_v1_20,random_v1,train,C->A|evm|fund:ca,CTLCOnly,single-level,1,1,1,1,0,1100975,64620,64620,59561,7091,8,0,1286,196,1,1,793,196,1,1,793,4,1,1,229
random_v1_20,random_v1,train,B->D|evm|fund:bd,CTLCOnly,single-level,1,1,1,1,0,1123899,68747,68747,59561,7123,9,0,1374,292,1,1,1134,292,1,1,1134,4,1,1,229
random_v1_20,random_v1,train,B->C|evm|fund:bc,CTLCOnly,multi-level,2,1|1,2,1,1,1239070,68747,125833,112508,7315,14,0,2176,292,1,1,1134,424,2,1,1780,40,2,1,534
random_v1_200,random_v1,train,G->D|evm|fund:gd,CTLCOnly,multi-level,2,1|1,2,1,1,1330718,77013,134123,112508,7443,18,0,2528,484,1,1,1816,616,2,1,2462,40,2,1,534
random_v1_200,random_v1,train,G->A|evm|fund:ga,CTLCOnly,single-level,1,1,1,1,0,1100963,64620,64620,59561,7091,8,0,1286,196,1,1,793,196,1,1,793,4,1,1,229
random_v1_200,random_v1,train,D->E|evm|fund:de,CTLCMultipleEdges,multi-level+multi-option,3,1|2|1,4,2,2,1654138,75948,173360,148301,8521,31,0,4902,420,1,1,1597,684,3,1,2909,76,3,1,824
random_v1_200,random_v1,train,C->D|evm|fund:cd,CTLCOnly,multi-level,2,1|1,2,1,1,1330706,77013,134123,112508,7443,18,0,2528,484,1,1,1816,616,2,1,2462,40,2,1,534
random_v1_200,random_v1,train,C->A|evm|fund:ca,CTLCOnly,single-level,1,1,1,1,0,1100987,64620,64620,59561,7091,8,0,1286,196,1,1,793,196,1,1,793,4,1,1,229
random_v1_200,random_v1,train,G->C|evm|fund:gc,CTLCOnly,multi-level,2,1|1,2,1,1,1284894,68747,134099,112508,7379,16,0,2352,292,1,1,1134,616,2,1,2462,40,2,1,534
random_v1_200,random_v1,train,F->C|evm|fund:fc,CTLCOnly,single-level,1,1,1,1,0,1123899,68747,68747,59561,7123,9,0,1374,292,1,1,1134,292,1,1,1134,4,1,1,229
random_v1_200,random_v1,train,F->A|evm|fund:fa,CTLCOnly,single-level,1,1,1,1,0,1100987,64620,64620,59561,7091,8,0,1286,196,1,1,793,196,1,1,793,4,1,1,229
random_v1_200,random_v1,train,B->C|evm|fund:bc,CTLCOnly,multi-level,3,1|1|1,3,1,2,1468825,68747,174110,148367,7667,24,0,3418,292,1,1,1134,748,3,1,3108,76,3,1,839
random_v1_200,random_v1,train,F->G|evm|fund:fg,CTLCOnly,multi-level,2,1|1,2,1,1,1239082,68747,125833,112508,7315,14,0,2176,292,1,1,1134,424,2,1,1780,40,2,1,534
random_v1_200,random_v1,train,E->F|evm|fund:ef,CTLCMultipleEdges,multi-level+multi-option,3,1|2|1,4,2,2,1562490,71641,169029,148301,8393,27,0,4550,324,1,1,1241,588,3,1,2553,76,3,1,824
random_v1_201,random_v1,train,D->E|evm|fund:de,CTLCMultipleEdges,single-level+multi-option,1,2,2,2,0,1239462,71641,71641,59539,7817,13,0,2160,324,1,1,1241,324,1,1,1241,4,1,1,224
random_v1_201,random_v1,train,E->A|evm|fund:ea,CTLCOnly,single-level,1,1,1,1,0,1100987,64620,64620,59561,7091,8,0,1286,196,1,1,793,196,1,1,793,4,1,1,229
random_v1_201,random_v1,train,C->D|evm|fund:cd,CTLCMultipleEdges,single-level+multi-option,1,2,2,2,0,1285274,75948,75948,59539,7881,15,0,2336,420,1,1,1597,420,1,1,1597,4,1,1,224
random_v1_201,random_v1,train,B->C|evm|fund:bc,CTLCMultipleEdges,single-level+multi-option,1,2,2,2,0,1331098,80267,80267,59539,7945,17,0,2512,516,1,1,1953,516,1,1,1953,4,1,1,224
random_v1_202,random_v1,train,D->E|evm|fund:de,CTLCMultipleEdges,multi-level+multi-option,2,2|1,3,2,1,1378064,71641,128885,112464,8073,19,0,3267,324,1,1,1241,456,2,1,1897,40,2,1,524
random_v1_202,random_v1,train,C->B|evm|fund:cb,CTLCOnly,single-level,1,1,1,1,0,1123899,68747,68747,59561,7123,9,0,1374,292,1,1,1134,292,1,1,1134,4,1,1,229
random_v1_202,random_v1,train,C->D|evm|fund:cd,CTLCMultipleEdges,multi-level+multi-option,2,2|1,3,2,1,1446788,75948,133204,112464,8169,22,0,3531,420,1,1,1597,552,2,1,2253,40,2,1,524
random_v1_202,random_v1,train,B->A|evm|fund:ba,CTLCOnly,single-level,1,1,1,1,0,1100987,64620,64620,59561,7091,8,0,1286,196,1,1,793,196,1,1,793,4,1,1,229
random_v1_202,random_v1,train,E->A|evm|fund:ea,CTLCMultipleEdges,single-level+multi-option,1,2,2,2,0,1193638,67334,67334,59539,7753,11,0,1984,228,1,1,885,228,1,1,885,4,1,1,224
random_v1_202,random_v1,train,D->C|evm|fund:dc,CTLCOnly,single-level,1,1,1,1,0,1146775,72874,72874,59561,7155,10,0,1462,388,1,1,1475,388,1,1,1475,4,1,1,229
random_v1_202,random_v1,train,B->C|evm|fund:bc,CTLCMultipleEdges,single-level+multi-option,1,2,2,2,0,1331098,80267,80267,59539,7945,17,0,2512,516,1,1,1953,516,1,1,1953,4,1,1,224
random_v1_202,random_v1,train,E->B|evm|fund:eb,CTLCOnly,single-level,1,1,1,1,0,1123899,68747,68747,59561,7123,9,0,1374,292,1,1,1134,292,1,1,1134,4,1,1,229
random_v1_203,random_v1,train,D->E|evm|fund:de,CTLCMultipleEdges,single-level+multi-option,1,2,2,2,0,1239462,71641,71641,59539,7817,13,0,2160,324,1,1,1241,324,1,1,1241,4,1,1,224
random_v1_203,random_v1,train,C->D|evm|fund:cd,CTLCMultipleEdges,single-level+multi-option,1,2,2,2,0,1285286,75948,75948,59539,7881,15,0,2336,420,1,1,1597,420,1,1,1597,4,1,1,224
random_v1_203,random_v1,train,E->A|evm|fund:ea,CTLCMultipleEdges,single-level+multi-option,1,2,2,2,0,1193638,67334,67334,59539,7753,11,0,1984,228,1,1,885,228,1,1,885,4,1,1,224
random_v1_203,random_v1,train,B->E|evm|fund:be,CTLCMultipleEdges,single-level+multi-option,1,2,2,2,0,1239462,71641,71641,59539,7817,13,0,2160,324,1,1,1241,324,1,1,1241,4,1,1,224
random_v1_203,random_v1,train,B->C|evm|fund:bc,CTLCMultipleEdges,single-level+multi-option,1,2,2,2,0,1331098,80267,80267,59539,7945,17,0,2512,516,1,1,1953,516,1,1,1953,4,1,1,224
random_v1_204,random_v1,train,D->A|evm|fund:da,CTLCOnly,single-level,1,1,1,1,0,1100987,64620,64620,59561,7091,8,0,1286,196,1,1,793,196,1,1,793,4,1,1,229
random_v1_204,random_v1,train,C->D|evm|fund:cd,CTLCOnly,single-level,1,1,1,1,0,1123887,68747,68747,59561,7123,9,0,1374,292,1,1,1134,292,1,1,1134,4,1,1,229
random_v1_204,random_v1,train,B->A|evm|fund:ba,CTLCOnly,single-level,1,1,1,1,0,1100987,64620,64620,59561,7091,8,0,1286,196,1,1,793,196,1,1,793,4,1,1,229
random_v1_204,random_v1,train,B->C|evm|fund:bc,CTLCOnly,single-level,1,1,1,1,0,1146799,72874,72874,59561,7155,10,0,1462,388,1,1,1475,388,1,1,1475,4,1,1,229
random_v1_205,random_v1,train,D->A|evm|fund:da,CTLCOnly,single-level,1,1,1,1,0,1100987,64620,64620,59561,7091,8,0,1286,196,1,1,793,196,1,1,793,4,1,1,229
random_v1_205,random_v1,train,C->B|evm|fund:cb,CTLCOnly,single-level,1,1,1,1,0,1123887,68747,68747,59561,7123,9,0,1374,292,1,1,1134,292,1,1,1134,4,1,1,229
random_v1_205,random_v1,train,C->D|evm|fund:cd,CTLCOnly,single-level,1,1,1,1,0,1123899,68747,68747,59561,7123,9,0,1374,292,1,1,1134,292,1,1,1134,4,1,1,229
random_v1_205,random_v1,train,B->A|evm|fund:ba,CTLCOnly,single-level,1,1,1,1,0,1100975,64620,64620,59561,7091,8,0,1286,196,1,1,793,196,1,1,793,4,1,1,229
random_v1_205,random_v1,train,B->C|evm|fund:bc,CTLCMultipleEdges,single-level+multi-option,1,3,3,3,0,1377453,75948,75948,59539,8041,19,0,2905,420,1,1,1597,420,1,1,1597,4,1,1,224
random_v1_206,random_v1,train,D->B|evm|fund:db,CTLCOnly,single-level,1,1,1,1,0,1146811,72874,72874,59561,7155,10,0,1462,388,1,1,1475,388,1,1,1475,4,1,1,229
random_v1_206,random_v1,train,D->A|evm|fund:da,CTLCOnly,single-level,1,1,1,1,0,1100987,64620,64620,59561,7091,8,0,1286,196,1,1,793,196,1,1,793,4,1,1,229
random_v1_206,random_v1,train,C->D|evm|fund:cd,CTLCOnly,single-level,1,1,1,1,0,1123899,68747,68747,59561,7123,9,0,1374,292,1,1,1134,292,1,1,1134,4,1,1,229
random_v1_206,random_v1,train,C->A|evm|fund:ca,CTLCOnly,single-level,1,1,1,1,0,1100987,64620,64620,59561,7091,8,0,1286,196,1,1,793,196,1,1,793,4,1,1,229
random_v1_206,random_v1,train,B->C|evm|fund:bc,CTLCOnly,multi-level,2,1|1,2,1,1,1239070,68747,125833,112508,7315,14,0,2176,292,1,1,1134,424,2,1,1780,40,2,1,534
random_v1_207,random_v1,train,C->D|evm|fund:cd,CTLCOnly,single-level,1,1,1,1,0,1169723,77013,77013,59561,7187,11,0,1550,484,1,1,1816,484,1,1,1816,4,1,1,229
random_v1_207,random_v1,train,F->A|evm|fund:fa,CTLCOnly,single-level,1,1,1,1,0,1100987,64620,64620,59561,7091,8,0,1286,196,1,1,793,196,1,1,793,4,1,1,229
random_v1_207,random_v1,train,D->E|evm|fund:de,CTLCOnly,single-level,1,1,1,1,0,1146811,72874,72874,59561,7155,10,0,1462,388,1,1,1475,388,1,1,1475,4,1,1,229
random_v1_207,random_v1,train,E->F|evm|fund:ef,CTLCOnly,single-level,1,1,1,1,0,1123899,68735,68735,59561,7123,9,0,1374,292,1,1,1134,292,1,1,1134,4,1,1,229
random_v1_207,random_v1,train,B->C|evm|fund:bc,CTLCOnly,single-level,1,1,1,1,0,1192623,81164,81164,59561,7219,12,0,1638,580,1,1,2157,580,1,1,2157,4,1,1,229
random_v1_208,random_v1,train,D->B|evm|fund:db,CTLCOnly,single-level,1,1,1,1,0,1123899,68747,68747,59561,7123,9,0,1374,292,1,1,1134,292,1,1,1134,4,1,1,229
random_v1_208,random_v1,train,E->A|evm|fund:ea,CTLCOnly,single-level,1,1,1,1,0,1100987,64620,64620,59561,7091,8,0,1286,196,1,1,793,196,1,1,793,4,1,1,229
random_v1_208,random_v1,train,C->D|evm|fund:cd,CTLCMultipleEdges,single-level+multi-option,1,2,2,2,0,1285274,75948,75948,59539,7881,15,0,2336,420,1,1,1597,420,1,1,1597,4,1,1,224
random_v1_208,random_v1,train,B->A|evm|fund:ba,CTLCOnly,single-level,1,1,1,1,0,1100987,64620,64620,59561,7091,8,0,1286,196,1,1,793,196,1,1,793,4,1,1,229
random_v1_208,random_v1,train,D->E|evm|fund:de,CTLCOnly,single-level,1,1,1,1,0,1123899,68747,68747,59561,7123,9,0,1374,292,1,1,1134,292,1,1,1134,4,1,1,229
random_v1_208,random_v1,train,B->C|evm|fund:bc,CTLCMultipleEdges,single-level+multi-option,1,2,2,2,0,1331098,80267,80267,59539,7945,17,0,2512,516,1,1,1953,516,1,1,1953,4,1,1,224
random_v1_209,random_v1,train,G->A|evm|fund:ga,CTLCOnly,single-level,1,1,1,1,0,1100975,64620,64620,59561,7091,8,0,1286,196,1,1,793,196,1,1,793,4,1,1,229
random_v1_209,random_v1,train,C->D|evm|fund:cd,CTLCMultipleEdges,multi-level+multi-option,3,2|1|1,4,2,2,1585414,71641,173372,148301,8425,28,0,4638,324,1,1,1241,684,3,1,2909,76,3,1,824
random_v1_209,random_v1,train,F->A|evm|fund:fa,CTLCOnly,single-level,1,1,1,1,0,1100987,64620,64620,59561,7091,8,0,1286,196,1,1,793,196,1,1,793,4,1,1,229
random_v1_209,random_v1,train,D->E|evm|fund:de,CTLCOnly,multi-level,2,1|1,2,1,1,1284882,72874,129960,112508,7379,16,0,2352,388,1,1,1475,520,2,1,2121,40,2,1,534
random_v1_209,random_v1,train,D->A|evm|fund:da,CTLCMultipleEdges,single-level+multi-option,1,2,2,2,0,1193638,67334,67334,59539,7753,11,0,1984,228,1,1,885,228,1,1,885,4,1,1,224
random_v1_209,random_v1,train,E->B|evm|fund:eb,CTLCMultipleEdges,single-level+multi-option,1,2,2,2,0,1331110,80255,80255,59539,7945,17,0,2512,516,1,1,1953,516,1,1,1953,4,1,1,224
random_v1_209,random_v1,train,E->F|evm|fund:ef,CTLCOnly,multi-level,2,1|1,2,1,1,1239070,68747,125821,112508,7315,14,0,2176,292,1,1,1134,424,2,1,1780,40,2,1,534
random_v1_209,random_v1,train,B->C|evm|fund:bc,CTLCMultipleEdges,multi-level+multi-option,3,2|1|1,4,2,2,1677050,75948,177680,148301,8553,32,0,4990,420,1,1,1597,780,3,1,3265,76,3,1,824
random_v1_209,random_v1,train,F->G|evm|fund:fg,CTLCOnly,single-level,1,1,1,1,0,1123899,68747,68747,59561,7123,9,0,1374,292,1,1,1134,292,1,1,1134,4,1,1,229
random_v1_21,random_v1,train,D->B|evm|fund:db,CTLCOnly,multi-level,2,1|1,2,1,1,1239082,68747,125821,112508,7315,14,0,2176,292,1,1,1134,424,2,1,1780,40,2,1,534
random_v1_21,random_v1,train,D->A|evm|fund:da,CTLCOnly,single-level,1,1,1,1,0,1100975,64620,64620,59561,7091,8,0,1286,196,1,1,793,196,1,1,793,4,1,1,229
random_v1_21,random_v1,train,C->B|evm|fund:cb,CTLCOnly,single-level,1,1,1,1,0,1123899,68747,68747,59561,7123,9,0,1374,292,1,1,1134,292,1,1,1134,4,1,1,229
random_v1_21,random_v1,train,C->D|evm|fund:cd,CTLCOnly,multi-level,2,1|1,2,1,1,1239070,68747,125833,112508,7315,14,0,2176,292,1,1,1134,424,2,1,1780,40,2,1,534
random_v1_21,random_v1,train,C->A|evm|fund:ca,CTLCOnly,single-level,1,1,1,1,0,1100987,64620,64620,59561,7091,8,0,1286,196,1,1,793,196,1,1,793,4,1,1,229
random_v1_21,random_v1,train,B->A|evm|fund:ba,CTLCOnly,single-level,1,1,1,1,0,1100975,64620,64620,59561,7091,8,0,1286,196,1,1,793,196,1,1,793,4,1,1,229
random_v1_21,random_v1,train,B->C|evm|fund:bc,CTLCOnly,multi-level,2,1|1,2,1,1,1239082,68747,125833,112508,7315,14,0,2176,292,1,1,1134,424,2,1,1780,40,2,1,534
random_v1_210,random_v1,train,D->F|evm|fund:df,CTLCOnly,single-level,1,1,1,1,0,1123899,68747,68747,59561,7123,9,0,1374,292,1,1,1134,292,1,1,1134,4,1,1,229
random_v1_210,random_v1,train,C->D|evm|fund:cd,CTLCMultipleEdges,multi-level+multi-option,2,2|2,4,2,1,1561879,75948,133204,112464,8361,27,0,4188,420,1,1,1597,552,2,1,2253,40,2,1,524
random_v1_210,random_v1,train,F->A|evm|fund:fa,CTLCOnly,single-level,1,1,1,1,0,1100987,64620,64620,59561,7091,8,0,1286,196,1,1,793,196,1,1,793,4,1,1,229
random_v1_210,random_v1,train,D->E|evm|fund:de,CTLCOnly,single-level,1,1,1,1,0,1146811,72874,72874,59561,7155,10,0,1462,388,1,1,1475,388,1,1,1475,4,1,1,229
random_v1_210,random_v1,train,E->B|evm|fund:eb,CTLCMultipleEdges,single-level+multi-option,1,4,4,4,0,1652916,84598,84598,59539,8457,31,0,4178,612,1,1,2309,612,1,1,2309,4,1,1,224
random_v1_210,random_v1,train,E->F|evm|fund:ef,CTLCOnly,single-level,1,1,1,1,0,1123899,68735,68735,59561,7123,9,0,1374,292,1,1,1134,292,1,1,1134,4,1,1,229
random_v1_210,random_v1,train,B->C|evm|fund:bc,CTLCMultipleEdges,multi-level+multi-option,2,4|4,8,4,1,2159602,80267,137523,112464,9321,53,0,7344,516,1,1,1953,648,2,1,2609,40,2,1,524
random_v1_210,random_v1,train,B->E|evm|fund:be,CTLCOnly,single-level,1,1,1,1,0,1146811,72874,72874,59561,7155,10,0,1462,388,1,1,1475,388,1,1,1475,4,1,1,229
random_v1_211,random_v1,train,E->A|evm|fund:ea,CTLCOnly,single-level,1,1,1,1,0,1100987,64620,64620,59561,7091,8,0,1286,196,1,1,793,196,1,1,793,4,1,1,229
random_v1_211,random_v1,train,C->D|evm|fund:cd,CTLCOnly,single-level,1,1,1,1,0,1146811,72874,72874,59561,7155,10,0,1462,388,1,1,1475,388,1,1,1475,4,1,1,229
random_v1_211,random_v1,train,D->E|evm|fund:de,CTLCOnly,single-level,1,1,1,1,0,1123899,68747,68747,59561,7123,9,0,1374,292,1,1,1134,292,1,1,1134,4,1,1,229
random_v1_211,random_v1,train,C->E|evm|fund:ce,CTLCOnly,single-level,1,1,1,1,0,1123899,68747,68747,59561,7123,9,0,1374,292,1,1,1134,292,1,1,1134,4,1,1,229
random_v1_211,random_v1,train,B->C|evm|fund:bc,CTLCOnly,multi-level,2,1|1,2,1,1,1284894,72874,129972,112508,7379,16,0,2352,388,1,1,1475,520,2,1,2121,40,2,1,534
random_v1_212,random_v1,train,C->D|evm|fund:cd,CTLCMultipleEdges,single-level+multi-option,1,4,4,4,0,1377972,71641,71641,59539,8073,19,0,3122,324,1,1,1241,324,1,1,1241,4,1,1,224
random_v1_212,random_v1,train,D->A|evm|fund:da,CTLCMultipleEdges,single-level+multi-option,1,2,2,2,0,1193626,67334,67334,59539,7753,11,0,1984,228,1,1,885,228,1,1,885,4,1,1,224
random_v1_212,random_v1,train,B->C|evm|fund:bc,CTLCMultipleEdges,single-level+multi-option,1,8,8,8,0,1838240,75948,75948,59539,8841,39,0,5750,420,1,1,1597,420,1,1,1597,4,1,1,224
random_v1_213,random_v1,train,D->E|evm|fund:de,CTLCMultipleEdges,single-level+multi-option,1,4,4,4,0,1469584,75948,75948,59539,8201,23,0,3474,420,1,1,1597,420,1,1,1597,4,1,1,224
random_v1_213,random_v1,train,C->A|evm|fund:ca,CTLCOnly,single-level,1,1,1,1,0,1100987,64620,64620,59561,7091,8,0,1286,196,1,1,793,196,1,1,793,4,1,1,229
random_v1_213,random_v1,train,C->D|evm|fund:cd,CTLCMultipleEdges,multi-level+multi-option,2,2|4,6,4,1,1746189,71641,133204,112464,8681,35,0,5326,324,1,1,1241,552,2,1,2253,40,2,1,524
random_v1_213,random_v1,train,F->A|evm|fund:fa,CTLCOnly,single-level,1,1,1,1,0,1100987,64620,64620,59561,7091,8,0,1286,196,1,1,793,196,1,1,793,4,1,1,229
random_v1_213,random_v1,train,D->A|evm|fund:da,CTLCMultipleEdges,single-level+multi-option,1,2,2,2,0,1193614,67334,67334,59539,7753,11,0,1984,228,1,1,885,228,1,1,885,4,1,1,224
random_v1_213,random_v1,train,B->C|evm|fund:bc,CTLCMultipleEdges,multi-level+multi-option,3,1|2|4,7,4,2,1999351,71641,173360,148301,9097,46,0,6873,324,1,1,1241,684,3,1,2909,76,3,1,824
random_v1_213,random_v1,train,E->F|evm|fund:ef,CTLCMultipleEdges,single-level+multi-option,1,2,2,2,0,1239450,71629,71629,59539,7817,13,0,2160,324,1,1,1241,324,1,1,1241,4,1,1,224
random_v1_214,random_v1,train,E->A|evm|fund:ea,CTLCOnly,single-level,1,1,1,1,0,1100987,64620,64620,59561,7091,8,0,1286,196,1,1,793,196,1,1,793,4,1,1,229
random_v1_214,random_v1,train,C->D|evm|fund:cd,CTLCMultipleEdges,single-level+multi-option,1,2,2,2,0,1285262,75948,75948,59539,7881,15,0,2336,420,1,1,1597,420,1,1,1597,4,1,1,224
random_v1_214,random_v1,train,B->A|evm|fund:ba,CTLCMultipleEdges,single-level+multi-option,1,2,2,2,0,1193626,67334,67334,59539,7753,11,0,1984,228,1,1,885,228,1,1,885,4,1,1,224
random_v1_214,random_v1,train,D->E|evm|fund:de,CTLCOnly,single-level,1,1,1,1,0,1123899,68747,68747,59561,7123,9,0,1374,292,1,1,1134,292,1,1,1134,4,1,1,229
random_v1_214,random_v1,train,B->D|evm|fund:bd,CTLCOnly,single-level,1,1,1,1,0,1146811,72874,72874,59561,7155,10,0,1462,388,1,1,1475,388,1,1,1475,4,1,1,229
random_v1_214,random_v1,train,B->C|evm|fund:bc,CTLCMultipleEdges,single-level+multi-option,1,2,2,2,0,1331098,80267,80267,59539,7945,17,0,2512,516,1,1,1953,516,1,1,1953,4,1,1,224
random_v1_215,random_v1,train,D->A|evm|fund:da,CTLCOnly,single-level,1,1,1,1,0,1100987,64620,64620,59561,7091,8,0,1286,196,1,1,793,196,1,1,793,4,1,1,229
random_v1_215,random_v1,train,C->D|evm|fund:cd,CTLCOnly,single-level,1,1,1,1,0,1123899,68747,68747,59561,7123,9,0,1374,292,1,1,1134,292,1,1,1134,4,1,1,229
random_v1_215,random_v1,train,B->A|evm|fund:ba,CTLCOnly,single-level,1,1,1,1,0,1100987,64620,64620,59561,7091,8,0,1286,196,1,1,793,196,1,1,793,4,1,1,229
random_v1_215,random_v1,train,B->C|evm|fund:bc,CTLCMultipleEdges,single-level+multi-option,1,2,2,2,0,1285286,75948,75948,59539,7881,15,0,2336,420,1,1,1597,420,1,1,1597,4,1,1,224
random_v1_215,random_v1,train,C->B|evm|fund:cb,CTLCMultipleEdges,single-level+multi-option,1,2,2,2,0,1239462,71641,71641,59539,7817,13,0,2160,324,1,1,1241,324,1,1,1241,4,1,1,224
random_v1_216,random_v1,train,B->G|evm|fund:bg,CTLCMultipleEdges,single-level+multi-option,1,3,3,3,0,1308681,71641,71641,59539,7945,16,0,2641,324,1,1,1241,324,1,1,1241,4,1,1,224
random_v1_216,random_v1,train,D->E|evm|fund:de,CTLCMultipleEdges,multi-level+multi-option,2,6|6,12,6,1,2665869,80267,137535,112464,10153,75,0,10148,516,1,1,1953,648,2,1,2609,40,2,1,524
random_v1_216,random_v1,train,F->B|evm|fund:fb,CTLCMultipleEdges,single-level+multi-option,1,3,3,3,0,1377429,75936,75936,59539,8041,19,0,2905,420,1,1,1597,420,1,1,1597,4,1,1,224
random_v1_216,random_v1,train,C->D|evm|fund:cd,CTLCMultipleEdges,multi-level+multi-option,3,3|9|6,18,9,2,3746869,80267,177680,148301,11881,122,0,15948,516,1,1,1953,780,3,1,3265,76,3,1,824
random_v1_216,random_v1,train,F->G|evm|fund:fg,CTLCMultipleEdges,single-level+multi-option,1,3,3,3,0,1308705,71641,71641,59539,7945,16,0,2641,324,1,1,1241,324,1,1,1241,4,1,1,224
random_v1_216,random_v1,train,D->F|evm|fund:df,CTLCMultipleEdges,multi-level+multi-option,2,3|3,6,3,1,1769101,75948,133204,112464,8713,36,0,5414,420,1,1,1597,552,2,1,2253,40,2,1,524
random_v1_216,random_v1,train,G->A|evm|fund:ga,CTLCMultipleEdges,single-level+multi-option,1,3,3,3,0,1239957,67334,67334,59539,7849,13,0,2377,228,1,1,885,228,1,1,885,4,1,1,224
random_v1_216,random_v1,train,B->E|evm|fund:be,CTLCMultipleEdges,single-level+multi-option,1,3,3,3,0,1446189,80267,80267,59539,8137,22,0,3169,516,1,1,1953,516,1,1,1953,4,1,1,224
random_v1_216,random_v1,train,B->C|evm|fund:bc,CTLCMultipleEdges,multi-level+multi-option,2,3|6,9,6,1,2526846,84598,141831,112464,9865,69,0,8969,612,1,1,2309,744,2,1,2965,40,2,1,524
random_v1_216,random_v1,train,E->F|evm|fund:ef,CTLCMultipleEdges,multi-level+multi-option,2,3|3,6,3,1,1769113,75948,133204,112464,8713,36,0,5414,420,1,1,1597,552,2,1,2253,40,2,1,524
random_v1_217,random_v1,train,B->D|evm|fund:bd,CTLCMultipleEdges,multi-level+multi-option,2,1|2,3,2,1,1538448,80267,137511,112464,8297,26,0,3883,516,1,1,1953,648,2,1,2609,40,2,1,524
random_v1_217,random_v1,train,E->G|evm|fund:eg,CTLCOnly,single-level,1,1,1,1,0,1123899,68747,68747,59561,7123,9,0,1374,292,1,1,1134,292,1,1,1134,4,1,1,229
random_v1_217,random_v1,train,G->A|evm|fund:ga,CTLCOnly,single-level,1,1,1,1,0,1100963,64620,64620,59561,7091,8,0,1286,196,1,1,793,196,1,1,793,4,1,1,229
random_v1_217,random_v1,train,D->E|evm|fund:de,CTLCMultipleEdges,multi-level+multi-option,2,1|2,3,2,1,1469688,75948,133204,112464,8201,23,0,3619,420,1,1,1597,552,2,1,2253,40,2,1,524
random_v1_217,random_v1,train,C->D|evm|fund:cd,CTLCMultipleEdges,multi-level+multi-option,2,2|4,6,4,1,1929485,80267,137535,112464,8937,43,0,6030,516,1,1,1953,648,2,1,2609,40,2,1,524
random_v1_217,random_v1,train,B->F|evm|fund:bf,CTLCOnly,single-level,1,1,1,1,0,1146799,72874,72874,59561,7155,10,0,1462,388,1,1,1475,388,1,1,1475,4,1,1,229
random_v1_217,random_v1,train,C->G|evm|fund:cg,CTLCOnly,single-level,1,1,1,1,0,1123887,68735,68735,59561,7123,9,0,1374,292,1,1,1134,292,1,1,1134,4,1,1,229
random_v1_217,random_v1,train,B->C|evm|fund:bc,CTLCMultipleEdges,multi-level+multi-option,3,1|2|4,7,4,2,2205580,75948,177668,148301,9385,55,0,7665,420,1,1,1597,780,3,1,3265,76,3,1,824
random_v1_217,random_v1,train,F->G|evm|fund:fg,CTLCOnly,single-level,1,1,1,1,0,1123899,68747,68747,59561,7123,9,0,1374,292,1,1,1134,292,1,1,1134,4,1,1,229
random_v1_217,random_v1,train,E->F|evm|fund:ef,CTLCMultipleEdges,single-level+multi-option,1,2,2,2,0,1285286,75936,75936,59539,7881,15,0,2336,420,1,1,1597,420,1,1,1597,4,1,1,224
random_v1_218,random_v1,train,B->D|evm|fund:bd,CTLCMultipleEdges,multi-level+multi-option,2,2|2,4,2,1,1561867,75924,133204,112464,8361,27,0,4188,420,1,1,1597,552,2,1,2253,40,2,1,524
random_v1_218,random_v1,train,E->A|evm|fund:ea,CTLCOnly,single-level,1,1,1,1,0,1100987,64620,64620,59561,7091,8,0,1286,196,1,1,793,196,1,1,793,4,1,1,229
random_v1_218,random_v1,train,C->D|evm|fund:cd,CTLCMultipleEdges,single-level+multi-option,1,2,2,2,0,1285274,75948,75948,59539,7881,15,0,2336,420,1,1,1597,420,1,1,1597,4,1,1,224
random_v1_218,random_v1,train,D->E|evm|fund:de,CTLCOnly,single-level,1,1,1,1,0,1123899,68747,68747,59561,7123,9,0,1374,292,1,1,1134,292,1,1,1134,4,1,1,229
random_v1_218,random_v1,train,C->E|evm|fund:ce,CTLCOnly,single-level,1,1,1,1,0,1123899,68747,68747,59561,7123,9,0,1374,292,1,1,1134,292,1,1,1134,4,1,1,229
random_v1_218,random_v1,train,D->C|evm|fund:dc,CTLCOnly,single-level,1,1,1,1,0,1146811,72874,72874,59561,7155,10,0,1462,388,1,1,1475,388,1,1,1475,4,1,1,229
random_v1_218,random_v1,train,B->C|evm|fund:bc,CTLCMultipleEdges,multi-level+multi-option,2,2|4,6,4,1,1792013,75948,133204,112464,8745,37,0,5502,420,1,1,1597,552,2,1,2253,40,2,1,524
random_v1_219,random_v1,train,D->B|evm|fund:db,CTLCMultipleEdges,single-level+multi-option,1,2,2,2,0,1285286,75948,75948,59539,7881,15,0,2336,420,1,1,1597,420,1,1,1597,4,1,1,224
random_v1_219,random_v1,train,E->A|evm|fund:ea,CTLCOnly,single-level,1,1,1,1,0,1100987,64620,64620,59561,7091,8,0,1286,196,1,1,793,196,1,1,793,4,1,1,229
random_v1_219,random_v1,train,C->B|evm|fund:cb,CTLCOnly,single-level,1,1,1,1,0,1146811,72874,72874,59561,7155,10,0,1462,388,1,1,1475,388,1,1,1475,4,1,1,229
random_v1_219,random_v1,train,C->A|evm|fund:ca,CTLCOnly,single-level,1,1,1,1,0,1100987,64620,64620,59561,7091,8,0,1286,196,1,1,793,196,1,1,793,4,1,1,229
random_v1_219,random_v1,train,C->D|evm|fund:cd,CTLCMultipleEdges,multi-level+multi-option,2,2|2,4,2,1,1561831,75948,133204,112464,8361,27,0,4188,420,1,1,1597,552,2,1,2253,40,2,1,524
random_v1_219,random_v1,train,D->E|evm|fund:de,CTLCOnly,single-level,1,1,1,1,0,1123887,68747,68747,59561,7123,9,0,1374,292,1,1,1134,292,1,1,1134,4,1,1,229
random_v1_219,random_v1,train,D->C|evm|fund:dc,CTLCOnly,multi-level,2,1|1,2,1,1,1261982,68747,129972,112508,7347,15,0,2264,292,1,1,1134,520,2,1,2121,40,2,1,534
random_v1_219,random_v1,train,B->C|evm|fund:bc,CTLCMultipleEdges,multi-level+multi-option,2,1|2,3,2,1,1446776,71641,133192,112464,8169,22,0,3531,324,1,1,1241,552,2,1,2253,40,2,1,524
random_v1_219,random_v1,train,B->E|evm|fund:be,CTLCOnly,single-level,1,1,1,1,0,1123899,68747,68747,59561,7123,9,0,1374,292,1,1,1134,292,1,1,1134,4,1,1,229
random_v1_22,random_v1,train,B->D|evm|fund:bd,CTLCMultipleEdges,single-level+multi-option,1,2,2,2,0,1285286,75924,75924,59539,7881,15,0,2336,420,1,1,1597,420,1,1,1597,4,1,1,224
random_v1_22,random_v1,train,E->A|evm|fund:ea,CTLCOnly,single-level,1,1,1,1,0,1100975,64620,64620,59561,7091,8,0,1286,196,1,1,793,196,1,1,793,4,1,1,229
random_v1_22,random_v1,train,C->D|evm|fund:cd,CTLCMultipleEdges,single-level+multi-option,1,2,2,2,0,1285274,75948,75948,59539,7881,15,0,2336,420,1,1,1597,420,1,1,1597,4,1,1,224
random_v1_22,random_v1,train,D->E|evm|fund:de,CTLCOnly,single-level,1,1,1,1,0,1123887,68747,68747,59561,7123,9,0,1374,292,1,1,1134,292,1,1,1134,4,1,1,229
random_v1_22,random_v1,train,B->C|evm|fund:bc,CTLCMultipleEdges,single-level+multi-option,1,2,2,2,0,1331098,80267,80267,59539,7945,17,0,2512,516,1,1,1953,516,1,1,1953,4,1,1,224
random_v1_22,random_v1,train,C->B|evm|fund:cb,CTLCMultipleEdges,single-level+multi-option,1,2,2,2,0,1331110,80267,80267,59539,7945,17,0,2512,516,1,1,1953,516,1,1,1953,4,1,1,224
random_v1_220,random_v1,train,E->A|evm|fund:ea,CTLCOnly,single-level,1,1,1,1,0,1100987,64620,64620,59561,7091,8,0,1286,196,1,1,793,196,1,1,793,4,1,1,229
random_v1_220,random_v1,train,C->D|evm|fund:cd,CTLCMultipleEdges,multi-level+multi-option,2,2|2,4,2,1,1561867,75948,133204,112464,8361,27,0,4188,420,1,1,1597,552,2,1,2253,40,2,1,524
random_v1_220,random_v1,train,B->A|evm|fund:ba,CTLCOnly,single-level,1,1,1,1,0,1100987,64620,64620,59561,7091,8,0,1286,196,1,1,793,196,1,1,793,4,1,1,229
random_v1_220,random_v1,train,D->E|evm|fund:de,CTLCOnly,multi-level,2,1|1,2,1,1,1239082,68747,125833,112508,7315,14,0,2176,292,1,1,1134,424,2,1,1780,40,2,1,534
random_v1_220,random_v1,train,B->C|evm|fund:bc,CTLCMultipleEdges,single-level+multi-option,1,4,4,4,0,1561280,80267,80267,59539,8329,27,0,3826,516,1,1,1953,516,1,1,1953,4,1,1,224
random_v1_220,random_v1,train,E->B|evm|fund:eb,CTLCOnly,single-level,1,1,1,1,0,1123899,68747,68747,59561,7123,9,0,1374,292,1,1,1134,292,1,1,1134,4,1,1,229
random_v1_221,random_v1,train,D->A|evm|fund:da,CTLCOnly,single-level,1,1,1,1,0,1100987,64620,64620,59561,7091,8,0,1286,196,1,1,793,196,1,1,793,4,1,1,229
random_v1_221,random_v1,train,C->B|evm|fund:cb,CTLCOnly,single-level,1,1,1,1,0,1146811,72874,72874,59561,7155,10,0,1462,388,1,1,1475,388,1,1,1475,4,1,1,229
random_v1_221,random_v1,train,C->D|evm|fund:cd,CTLCOnly,single-level,1,1,1,1,0,1123899,68747,68747,59561,7123,9,0,1374,292,1,1,1134,292,1,1,1134,4,1,1,229
random_v1_221,random_v1,train,B->D|evm|fund:bd,CTLCOnly,single-level,1,1,1,1,0,1123875,68747,68747,59561,7123,9,0,1374,292,1,1,1134,292,1,1,1134,4,1,1,229
random_v1_221,random_v1,train,B->C|evm|fund:bc,CTLCOnly,single-level,1,1,1,1,0,1146811,72874,72874,59561,7155,10,0,1462,388,1,1,1475,388,1,1,1475,4,1,1,229
random_v1_222,random_v1,train,G->A|evm|fund:ga,CTLCOnly,single-level,1,1,1,1,0,1100975,64620,64620,59561,7091,8,0,1286,196,1,1,793,196,1,1,793,4,1,1,229
random_v1_222,random_v1,train,C->D|evm|fund:cd,CTLCOnly,single-level,1,1,1,1,0,1192635,81164,81164,59561,7219,12,0,1638,580,1,1,2157,580,1,1,2157,4,1,1,229
random_v1_222,random_v1,train,D->E|evm|fund:de,CTLCOnly,single-level,1,1,1,1,0,1169723,77013,77013,59561,7187,11,0,1550,484,1,1,1816,484,1,1,1816,4,1,1,229
random_v1_222,random_v1,train,E->F|evm|fund:ef,CTLCOnly,single-level,1,1,1,1,0,1146811,72862,72862,59561,7155,10,0,1462,388,1,1,1475,388,1,1,1475,4,1,1,229
random_v1_222,random_v1,train,B->C|evm|fund:bc,CTLCOnly,single-level,1,1,1,1,0,1215535,85292,85292,59561,7251,13,0,1726,676,1,1,2498,676,1,1,2498,4,1,1,229
random_v1_222,random_v1,train,F->G|evm|fund:fg,CTLCOnly,single-level,1,1,1,1,0,1123899,68747,68747,59561,7123,9,0,1374,292,1,1,1134,292,1,1,1134,4,1,1,229
random_v1_223,random_v1,train,D->A|evm|fund:da,CTLCOnly,single-level,1,1,1,1,0,1100987,64620,64620,59561,7091,8,0,1286,196,1,1,793,196,1,1,793,4,1,1,229
random_v1_223,random_v1,train,C->D|evm|fund:cd,CTLCMultipleEdges,single-level+multi-option,1,2,2,2,0,1239462,71641,71641,59539,7817,13,0,2160,324,1,1,1241,324,1,1,1241,4,1,1,224
random_v1_223,random_v1,train,B->A|evm|fund:ba,CTLCOnly,single-level,1,1,1,1,0,1100987,64620,64620,59561,7091,8,0,1286,196,1,1,793,196,1,1,793,4,1,1,229
random_v1_223,random_v1,train,B->C|evm|fund:bc,CTLCMultipleEdges,single-level+multi-option,1,2,2,2,0,1285274,75948,75948,59539,7881,15,0,2336,420,1,1,1597,420,1,1,1597,4,1,1,224
random_v1_224,random_v1,train,B->D|evm|fund:bd,CTLCMultipleEdges,single-level+multi-option,1,2,2,2,0,1285274,75924,75924,59539,7881,15,0,2336,420,1,1,1597,420,1,1,1597,4,1,1,224
random_v1_224,random_v1,train,D->E|evm|fund:de,CTLCMultipleEdges,single-level+multi-option,1,2,2,2,0,1239462,71641,71641,59539,7817,13,0,2160,324,1,1,1241,324,1,1,1241,4,1,1,224
random_v1_224,random_v1,train,C->D|evm|fund:cd,CTLCMultipleEdges,single-level+multi-option,1,4,4,4,0,1469596,75948,75948,59539,8201,23,0,3474,420,1,1,1597,420,1,1,1597,4,1,1,224
random_v1_224,random_v1,train,E->A|evm|fund:ea,CTLCMultipleEdges,single-level+multi-option,1,2,2,2,0,1193626,67334,67334,59539,7753,11,0,1984,228,1,1,885,228,1,1,885,4,1,1,224
random_v1_224,random_v1,train,B->C|evm|fund:bc,CTLCMultipleEdges,single-level+multi-option,1,4,4,4,0,1561256,80267,80267,59539,8329,27,0,3826,516,1,1,1953,516,1,1,1953,4,1,1,224
random_v1_225,random_v1,train,C->F|evm|fund:cf,CTLCOnly,single-level,1,1,1,1,0,1146811,72874,72874,59561,7155,10,0,1462,388,1,1,1475,388,1,1,1475,4,1,1,229
random_v1_225,random_v1,train,G->A|evm|fund:ga,CTLCOnly,single-level,1,1,1,1,0,1100975,64620,64620,59561,7091,8,0,1286,196,1,1,793,196,1,1,793,4,1,1,229
random_v1_225,random_v1,train,C->D|evm|fund:cd,CTLCOnly,multi-level,2,1|1,2,1,1,1307818,72874,134123,112508,7411,17,0,2440,388,1,1,1475,616,2,1,2462,40,2,1,534
random_v1_225,random_v1,train,D->G|evm|fund:dg,CTLCOnly,single-level,1,1,1,1,0,1123899,68735,68735,59561,7123,9,0,1374,292,1,1,1134,292,1,1,1134,4,1,1,229
random_v1_225,random_v1,train,D->E|evm|fund:de,CTLCOnly,multi-level,2,1|1,2,1,1,1353630,77013,138239,112508,7475,19,0,2616,484,1,1,1816,712,2,1,2803,40,2,1,534
random_v1_225,random_v1,train,E->B|evm|fund:eb,CTLCMultipleEdges,single-level+multi-option,1,2,2,2,0,1376934,84598,84598,59539,8009,19,0,2688,612,1,1,2309,612,1,1,2309,4,1,1,224
random_v1_225,random_v1,train,E->F|evm|fund:ef,CTLCOnly,single-level,1,1,1,1,0,1146811,72862,72862,59561,7155,10,0,1462,388,1,1,1475,388,1,1,1475,4,1,1,229
random_v1_225,random_v1,train,B->C|evm|fund:bc,CTLCMultipleEdges,multi-level+multi-option,2,2|1,3,2,1,1538448,80267,141831,112464,8297,26,0,3883,516,1,1,1953,744,2,1,2965,40,2,1,524
random_v1_225,random_v1,train,F->G|evm|fund:fg,CTLCOnly,single-level,1,1,1,1,0,1123899,68747,68747,59561,7123,9,0,1374,292,1,1,1134,292,1,1,1134,4,1,1,229
random_v1_225,random_v1,train,B->E|evm|fund:be,CTLCOnly,single-level,1,1,1,1,0,1169723,77001,77001,59561,7187,11,0,1550,484,1,1,1816,484,1,1,1816,4,1,1,229
random_v1_226,random_v1,train,D->F|evm|fund:df,CTLCOnly,single-level,1,1,1,1,0,1146811,72874,72874,59561,7155,10,0,1462,388,1,1,1475,388,1,1,1475,4,1,1,229
random_v1_226,random_v1,train,G->B|evm|fund:gb,CTLCOnly,single-level,1,1,1,1,0,1192623,81152,81152,59561,7219,12,0,1638,580,1,1,2157,580,1,1,2157,4,1,1,229
random_v1_226,random_v1,train,E->G|evm|fund:eg,CTLCOnly,single-level,1,1,1,1,0,1123887,68747,68747,59561,7123,9,0,1374,292,1,1,1134,292,1,1,1134,4,1,1,229
random_v1_226,random_v1,train,G->A|evm|fund:ga,CTLCOnly,single-level,1,1,1,1,0,1100975,64620,64620,59561,7091,8,0,1286,196,1,1,793,196,1,1,793,4,1,1,229
random_v1_226,random_v1,train,E->A|evm|fund:ea,CTLCOnly,single-level,1,1,1,1,0,1100987,64620,64620,59561,7091,8,0,1286,196,1,1,793,196,1,1,793,4,1,1,229
random_v1_226,random_v1,train,C->D|evm|fund:cd,CTLCMultipleEdges,multi-level+multi-option,3,1|2|1,4,2,2,1654138,75948,173372,148301,8521,31,0,4902,420,1,1,1597,684,3,1,2909,76,3,1,824
random_v1_226,random_v1,train,D->E|evm|fund:de,CTLCOnly,multi-level,3,1|1|1,3,1,2,1377177,68747,165819,148367,7539,20,0,3066,292,1,1,1134,556,3,1,2426,76,3,1,839
random_v1_226,random_v1,train,E->F|evm|fund:ef,CTLCOnly,single-level,1,1,1,1,0,1146811,72850,72850,59561,7155,10,0,1462,388,1,1,1475,388,1,1,1475,4,1,1,229
random_v1_226,random_v1,train,B->C|evm|fund:bc,CTLCMultipleEdges,multi-level+multi-option,3,1|2|1,4,2,2,1745786,80267,177680,148301,8649,35,0,5254,516,1,1,1953,780,3,1,3265,76,3,1,824
random_v1_226,random_v1,train,F->G|evm|fund:fg,CTLCOnly,multi-level,2,1|1,2,1,1,1307818,68747,138251,112508,7411,17,0,2440,292,1,1,1134,712,2,1,2803,40,2,1,534
random_v1_227,random_v1,train,G->B|evm|fund:gb,CTLCMultipleEdges,multi-level+multi-option,2,1|2,3,2,1,1538460,80267,137535,112464,8297,26,0,3883,516,1,1,1953,648,2,1,2609,40,2,1,524
random_v1_227,random_v1,train,B->G|evm|fund:bg,CTLCMultipleEdges,single-level+multi-option,1,3,3,3,0,1308657,71641,71641,59539,7945,16,0,2641,324,1,1,1241,324,1,1,1241,4,1,1,224
random_v1_227,random_v1,train,D->E|evm|fund:de,CTLCMultipleEdges,multi-level+multi-option,3,2|6|6,14,6,2,2850944,71641,173360,148301,10505,83,0,11648,324,1,1,1241,684,3,1,2909,76,3,1,824
random_v1_227,random_v1,train,D->A|evm|fund:da,CTLCOnly,single-level,1,1,1,1,0,1100987,64620,64620,59561,7091,8,0,1286,196,1,1,793,196,1,1,793,4,1,1,229
random_v1_227,random_v1,train,E->A|evm|fund:ea,CTLCOnly,single-level,1,1,1,1,0,1100987,64620,64620,59561,7091,8,0,1286,196,1,1,793,196,1,1,793,4,1,1,229
random_v1_227,random_v1,train,F->B|evm|fund:fb,CTLCMultipleEdges,multi-level+multi-option,3,3|1|2,6,3,2,1861360,75936,173372,148301,8873,40,0,6128,420,1,1,1597,684,3,1,2909,76,3,1,824
random_v1_227,random_v1,train,C->D|evm|fund:cd,CTLCMultipleEdges,multi-level+multi-option,4,1|2|6|6,15,6,3,3287589,71641,213517,184138,11177,102,0,13899,324,1,1,1241,816,4,1,3565,112,4,1,1124
random_v1_227,random_v1,train,G->F|evm|fund:gf,CTLCMultipleEdges,multi-level+multi-option,2,1|2,3,2,1,1607184,84586,141843,112464,8393,29,0,4147,612,1,1,2309,744,2,1,2965,40,2,1,524
random_v1_227,random_v1,train,F->G|evm|fund:fg,CTLCMultipleEdges,multi-level+multi-option,3,3|1|2,6,3,2,1861372,71641,177668,148301,8873,40,0,6128,324,1,1,1241,780,3,1,3265,76,3,1,824
random_v1_227,random_v1,train,G->A|evm|fund:ga,CTLCMultipleEdges,single-level+multi-option,1,3,3,3,0,1239945,67334,67334,59539,7849,13,0,2377,228,1,1,885,228,1,1,885,4,1,1,224
random_v1_227,random_v1,train,B->C|evm|fund:bc,CTLCMultipleEdges,multi-level+multi-option,3,1|2|6,9,6,2,2481650,75948,177668,148301,9833,67,0,9155,420,1,1,1597,780,3,1,3265,76,3,1,824
random_v1_227,random_v1,train,E->F|evm|fund:ef,CTLCMultipleEdges,multi-level+multi-option,4,3|3|1|1,8,3,3,2160934,75948,213493,184138,9385,53,0,8068,420,1,1,1597,816,4,1,3565,112,4,1,1124
random_v1_228,random_v1,train,D->F|evm|fund:df,CTLCOnly,single-level,1,1,1,1,0,1123899,68747,68747,59561,7123,9,0,1374,292,1,1,1134,292,1,1,1134,4,1,1,229
random_v1_228,random_v1,train,D->B|evm|fund:db,CTLCOnly,single-level,1,1,1,1,0,1169723,77013,77013,59561,7187,11,0,1550,484,1,1,1816,484,1,1,1816,4,1,1,229
random_v1_228,random_v1,train,C->D|evm|fund:cd,CTLCOnly,multi-level,3,1|1|1,3,1,2,1445925,72874,169982,148367,7635,23,0,3330,388,1,1,1475,652,3,1,2767,76,3,1,839
random_v1_228,random_v1,train,F->A|evm|fund:fa,CTLCOnly,single-level,1,1,1,1,0,1100987,64620,64620,59561,7091,8,0,1286,196,1,1,793,196,1,1,793,4,1,1,229
random_v1_228,random_v1,train,D->E|evm|fund:de,CTLCOnly,single-level,1,1,1,1,0,1146811,72874,72874,59561,7155,10,0,1462,388,1,1,1475,388,1,1,1475,4,1,1,229
random_v1_228,random_v1,train,B->D|evm|fund:bd,CTLCOnly,multi-level,2,1|1,2,1,1,1284906,72874,129948,112508,7379,16,0,2352,388,1,1,1475,520,2,1,2121,40,2,1,534
random_v1_228,random_v1,train,E->F|evm|fund:ef,CTLCOnly,single-level,1,1,1,1,0,1123899,68735,68735,59561,7123,9,0,1374,292,1,1,1134,292,1,1,1134,4,1,1,229
random_v1_228,random_v1,train,B->C|evm|fund:bc,CTLCMultipleEdges,multi-level+multi-option,2,2|2,4,2,1,1653503,80267,137523,112464,8489,31,0,4540,516,1,1,1953,648,2,1,2609,40,2,1,524
random_v1_228,random_v1,train,B->E|evm|fund:be,CTLCOnly,single-level,1,1,1,1,0,1146811,72874,72874,59561,7155,10,0,1462,388,1,1,1475,388,1,1,1475,4,1,1,229
random_v1_229,random_v1,train,F->D|evm|fund:fd,CTLCOnly,single-level,1,1,1,1,0,1146811,72874,72874,59561,7155,10,0,1462,388,1,1,1475,388,1,1,1475,4,1,1,229
random_v1_229,random_v1,train,G->A|evm|fund:ga,CTLCOnly,single-level,1,1,1,1,0,1100975,64620,64620,59561,7091,8,0,1286,196,1,1,793,196,1,1,793,4,1,1,229
random_v1_229,random_v1,train,E->A|evm|fund:ea,CTLCOnly,single-level,1,1,1,1,0,1100987,64620,64620,59561,7091,8,0,1286,196,1,1,793,196,1,1,793,4,1,1,229
random_v1_229,random_v1,train,C->D|evm|fund:cd,CTLCOnly,multi-level,2,1|1,2,1,1,1307818,72874,134123,112508,7411,17,0,2440,388,1,1,1475,616,2,1,2462,40,2,1,534
random_v1_229,random_v1,train,G->F|evm|fund:gf,CTLCMultipleEdges,multi-level+multi-option,2,2|1,3,2,1,1538448,80267,141843,112464,8297,26,0,3883,516,1,1,1953,744,2,1,2965,40,2,1,524
random_v1_229,random_v1,train,D->E|evm|fund:de,CTLCOnly,multi-level,2,1|1,2,1,1,1261994,68747,129972,112508,7347,15,0,2264,292,1,1,1134,520,2,1,2121,40,2,1,534
random_v1_229,random_v1,train,F->B|evm|fund:fb,CTLCOnly,multi-level,2,1|1,2,1,1,1307818,72862,134123,112508,7411,17,0,2440,388,1,1,1475,616,2,1,2462,40,2,1,534
random_v1_229,random_v1,train,B->F|evm|fund:bf,CTLCMultipleEdges,multi-level+multi-option,2,2|2,4,2,1,1561879,75948,133192,112464,8361,27,0,4188,420,1,1,1597,552,2,1,2253,40,2,1,524
random_v1_229,random_v1,train,E->F|evm|fund:ef,CTLCOnly,single-level,1,1,1,1,0,1146811,72862,72862,59561,7155,10,0,1462,388,1,1,1475,388,1,1,1475,4,1,1,229
random_v1_229,random_v1,train,B->C|evm|fund:bc,CTLCOnly,multi-level,2,1|1,2,1,1,1353618,77013,138251,112508,7475,19,0,2616,484,1,1,1816,712,2,1,2803,40,2,1,534
random_v1_229,random_v1,train,F->G|evm|fund:fg,CTLCOnly,single-level,1,1,1,1,0,1123899,68747,68747,59561,7123,9,0,1374,292,1,1,1134,292,1,1,1134,4,1,1,229
random_v1_229,random_v1,train,B->E|evm|fund:be,CTLCOnly,multi-level,2,1|1,2,1,1,1261982,68747,129972,112508,7347,15,0,2264,292,1,1,1134,520,2,1,2121,40,2,1,534
random_v1_23,random_v1,train,G->B|evm|fund:gb,CTLCOnly,single-level,1,1,1,1,0,1192635,81152,81152,59561,7219,12,0,1638,580,1,1,2157,580,1,1,2157,4,1,1,229
random_v1_23,random_v1,train,E->G|evm|fund:eg,CTLCOnly,single-level,1,1,1,1,0,1123899,68747,68747,59561,7123,9,0,1374,292,1,1,1134,292,1,1,1134,4,1,1,229
random_v1_23,random_v1,train,G->A|evm|fund:ga,CTLCOnly,single-level,1,1,1,1,0,1100975,64620,64620,59561,7091,8,0,1286,196,1,1,793,196,1,1,793,4,1,1,229
random_v1_23,random_v1,train,E->A|evm|fund:ea,CTLCOnly,single-level,1,1,1,1,0,1100987,64620,64620,59561,7091,8,0,1286,196,1,1,793,196,1,1,793,4,1,1,229
random_v1_23,random_v1,train,C->D|evm|fund:cd,CTLCOnly,multi-level,3,1|1|1,3,1,2,1445901,72874,169982,148367,7635,23,0,3330,388,1,1,1475,652,3,1,2767,76,3,1,839
random_v1_23,random_v1,train,D->E|evm|fund:de,CTLCOnly,multi-level,3,1|1|1,3,1,2,1377177,68747,165819,148367,7539,20,0,3066,292,1,1,1134,556,3,1,2426,76,3,1,839
random_v1_23,random_v1,train,G->F|evm|fund:gf,CTLCOnly,single-level,1,1,1,1,0,1215535,85292,85292,59561,7251,13,0,1726,676,1,1,2498,676,1,1,2498,4,1,1,229
random_v1_23,random_v1,train,F->B|evm|fund:fb,CTLCOnly,multi-level,2,1|1,2,1,1,1376518,81152,138251,112508,7507,20,0,2704,580,1,1,2157,712,2,1,2803,40,2,1,534
random_v1_23,random_v1,train,E->F|evm|fund:ef,CTLCOnly,single-level,1,1,1,1,0,1146799,72862,72862,59561,7155,10,0,1462,388,1,1,1475,388,1,1,1475,4,1,1,229
random_v1_23,random_v1,train,B->C|evm|fund:bc,CTLCOnly,multi-level,3,1|1|1,3,1,2,1514637,77013,174110,148367,7731,26,0,3594,484,1,1,1816,748,3,1,3108,76,3,1,839
random_v1_23,random_v1,train,F->G|evm|fund:fg,CTLCOnly,multi-level,2,1|1,2,1,1,1307806,68747,138251,112508,7411,17,0,2440,292,1,1,1134,712,2,1,2803,40,2,1,534
random_v1_230,random_v1,train,E->A|evm|fund:ea,CTLCOnly,single-level,1,1,1,1,0,1100987,64620,64620,59561,7091,8,0,1286,196,1,1,793,196,1,1,793,4,1,1,229
random_v1_230,random_v1,train,C->D|evm|fund:cd,CTLCOnly,single-level,1,1,1,1,0,1146811,72874,72874,59561,7155,10,0,1462,388,1,1,1475,388,1,1,1475,4,1,1,229
random_v1_230,random_v1,train,D->E|evm|fund:de,CTLCOnly,single-level,1,1,1,1,0,1123887,68747,68747,59561,7123,9,0,1374,292,1,1,1134,292,1,1,1134,4,1,1,229
random_v1_230,random_v1,train,C->E|evm|fund:ce,CTLCOnly,single-level,1,1,1,1,0,1123899,68747,68747,59561,7123,9,0,1374,292,1,1,1134,292,1,1,1134,4,1,1,229
random_v1_230,random_v1,train,B->D|evm|fund:bd,CTLCOnly,single-level,1,1,1,1,0,1146811,72850,72850,59561,7155,10,0,1462,388,1,1,1475,388,1,1,1475,4,1,1,229
random_v1_230,random_v1,train,B->C|evm|fund:bc,CTLCOnly,multi-level,2,1|1,2,1,1,1284894,72874,129972,112508,7379,16,0,2352,388,1,1,1475,520,2,1,2121,40,2,1,534
random_v1_231,random_v1,train,D->B|evm|fund:db,CTLCOnly,single-level,1,1,1,1,0,1169711,77001,77001,59561,7187,11,0,1550,484,1,1,1816,484,1,1,1816,4,1,1,229
random_v1_231,random_v1,train,D->A|evm|fund:da,CTLCOnly,single-level,1,1,1,1,0,1100987,64620,64620,59561,7091,8,0,1286,196,1,1,793,196,1,1,793,4,1,1,229
random_v1_231,random_v1,train,E->A|evm|fund:ea,CTLCOnly,single-level,1,1,1,1,0,1100987,64620,64620,59561,7091,8,0,1286,196,1,1,793,196,1,1,793,4,1,1,229
random_v1_231,random_v1,train,C->D|evm|fund:cd,CTLCMultipleEdges,multi-level+multi-option,2,2|2,4,2,1,1470231,71641,128885,112464,8233,23,0,3836,324,1,1,1241,456,2,1,1897,40,2,1,524
random_v1_231,random_v1,train,D->E|evm|fund:de,CTLCOnly,single-level,1,1,1,1,0,1123887,68747,68747,59561,7123,9,0,1374,292,1,1,1134,292,1,1,1134,4,1,1,229
random_v1_231,random_v1,train,C->E|evm|fund:ce,CTLCOnly,single-level,1,1,1,1,0,1123899,68747,68747,59561,7123,9,0,1374,292,1,1,1134,292,1,1,1134,4,1,1,229
random_v1_231,random_v1,train,B->C|evm|fund:bc,CTLCMultipleEdges,multi-level+multi-option,2,3|2,5,3,1,1654034,75948,133204,112464,8521,31,0,4757,420,1,1,1597,552,2,1,2253,40,2,1,524
random_v1_232,random_v1,train,D->E|evm|fund:de,CTLCMultipleEdges,multi-level+multi-option,2,2|1,3,2,1,1400988,71641,133192,112464,8105,20,0,3355,324,1,1,1241,552,2,1,2253,40,2,1,524
random_v1_232,random_v1,train,D->A|evm|fund:da,CTLCOnly,single-level,1,1,1,1,0,1100987,64620,64620,59561,7091,8,0,1286,196,1,1,793,196,1,1,793,4,1,1,229
random_v1_232,random_v1,train,C->A|evm|fund:ca,CTLCOnly,single-level,1,1,1,1,0,1100987,64620,64620,59561,7091,8,0,1286,196,1,1,793,196,1,1,793,4,1,1,229
random_v1_232,random_v1,train,C->D|evm|fund:cd,CTLCMultipleEdges,multi-level+multi-option,2,1|2,3,2,1,1400976,71641,128885,112464,8105,20,0,3355,324,1,1,1241,456,2,1,1897,40,2,1,524
random_v1_232,random_v1,train,E->D|evm|fund:ed,CTLCOnly,single-level,1,1,1,1,0,1123887,68747,68747,59561,7123,9,0,1374,292,1,1,1134,292,1,1,1134,4,1,1,229
random_v1_232,random_v1,train,E->A|evm|fund:ea,CTLCMultipleEdges,single-level+multi-option,1,2,2,2,0,1193638,67334,67334,59539,7753,11,0,1984,228,1,1,885,228,1,1,885,4,1,1,224
random_v1_232,random_v1,train,C->E|evm|fund:ce,CTLCMultipleEdges,multi-level+multi-option,2,2|1,3,2,1,1378076,71641,128885,112464,8073,19,0,3267,324,1,1,1241,456,2,1,1897,40,2,1,524
random_v1_232,random_v1,train,B->C|evm|fund:bc,CTLCMultipleEdges,multi-level+multi-option,3,1|3|3,7,3,2,1884767,71641,169041,148301,8937,41,0,6433,324,1,1,1241,588,3,1,2553,76,3,1,824
random_v1_232,random_v1,train,E->B|evm|fund:eb,CTLCOnly,multi-level,2,1|1,2,1,1,1284906,72874,129960,112508,7379,16,0,2352,388,1,1,1475,520,2,1,2121,40,2,1,534
random_v1_233,random_v1,train,G->A|evm|fund:ga,CTLCOnly,single-level,1,1,1,1,0,1100963,64620,64620,59561,7091,8,0,1286,196,1,1,793,196,1,1,793,4,1,1,229
random_v1_233,random_v1,train,D->E|evm|fund:de,CTLCMultipleEdges,multi-level+multi-option,2,2|2,4,2,1,1699363,80255,141843,112464,8553,33,0,4716,516,1,1,1953,744,2,1,2965,40,2,1,524
random_v1_233,random_v1,train,C->D|evm|fund:cd,CTLCMultipleEdges,multi-level+multi-option,2,1|2,3,2,1,1515536,75948,137535,112464,8265,25,0,3795,420,1,1,1597,648,2,1,2609,40,2,1,524
random_v1_233,random_v1,train,D->G|evm|fund:dg,CTLCOnly,single-level,1,1,1,1,0,1123899,68747,68747,59561,7123,9,0,1374,292,1,1,1134,292,1,1,1134,4,1,1,229
random_v1_233,random_v1,train,E->B|evm|fund:eb,CTLCMultipleEdges,multi-level+multi-option,2,1|3,4,3,1,1653539,75948,137535,112464,8489,31,0,4540,420,1,1,1597,648,2,1,2609,40,2,1,524
random_v1_233,random_v1,train,C->F|evm|fund:cf,CTLCMultipleEdges,single-level+multi-option,1,2,2,2,0,1285286,75948,75948,59539,7881,15,0,2336,420,1,1,1597,420,1,1,1597,4,1,1,224
random_v1_233,random_v1,train,E->F|evm|fund:ef,CTLCOnly,single-level,1,1,1,1,0,1146811,72862,72862,59561,7155,10,0,1462,388,1,1,1475,388,1,1,1475,4,1,1,229
random_v1_233,random_v1,train,B->C|evm|fund:bc,CTLCMultipleEdges,multi-level+multi-option,2,3|1,4,3,1,1653539,80267,141843,112464,8489,31,0,4540,516,1,1,1953,744,2,1,2965,40,2,1,524
random_v1_233,random_v1,train,F->G|evm|fund:fg,CTLCOnly,single-level,1,1,1,1,0,1123899,68747,68747,59561,7123,9,0,1374,292,1,1,1134,292,1,1,1134,4,1,1,229
random_v1_233,random_v1,train,B->G|evm|fund:bg,CTLCOnly,single-level,1,1,1,1,0,1123887,68747,68747,59561,7123,9,0,1374,292,1,1,1134,292,1,1,1134,4,1,1,229
random_v1_234,random_v1,train,D->E|evm|fund:de,CTLCMultipleEdges,multi-level+multi-option,2,5|2,7,5,1,1838344,75948,133192,112464,8841,39,0,5895,420,1,1,1597,552,2,1,2253,40,2,1,524
random_v1_234,random_v1,train,C->D|evm|fund:cd,CTLCMultipleEdges,multi-level+multi-option,3,1|7|2,10,7,2,2367580,75948,173372,148301,9705,62,0,8932,420,1,1,1597,684,3,1,2909,76,3,1,824
random_v1_234,random_v1,train,F->A|evm|fund:fa,CTLCOnly,single-level,1,1,1,1,0,1100987,64620,64620,59561,7091,8,0,1286,196,1,1,793,196,1,1,793,4,1,1,229
random_v1_234,random_v1,train,F->G|evm|fund:fg,CTLCMultipleEdges,single-level+multi-option,1,2,2,2,0,1239462,71641,71641,59539,7817,13,0,2160,324,1,1,1241,324,1,1,1241,4,1,1,224
random_v1_234,random_v1,train,C->E|evm|fund:ce,CTLCMultipleEdges,multi-level+multi-option,2,5|2,7,5,1,1838392,75948,133204,112464,8841,39,0,5895,420,1,1,1597,552,2,1,2253,40,2,1,524
random_v1_234,random_v1,train,D->F|evm|fund:df,CTLCMultipleEdges,multi-level+multi-option,2,1|2,3,2,1,1400940,71641,128885,112464,8105,20,0,3355,324,1,1,1241,456,2,1,1897,40,2,1,524
random_v1_234,random_v1,train,G->A|evm|fund:ga,CTLCMultipleEdges,single-level+multi-option,1,2,2,2,0,1193626,67334,67334,59539,7753,11,0,1984,228,1,1,885,228,1,1,885,4,1,1,224
random_v1_234,random_v1,train,B->C|evm|fund:bc,CTLCMultipleEdges,multi-level+multi-option,3,6|9|2,17,9,2,3448380,80267,177680,148301,11433,109,0,14587,516,1,1,1953,780,3,1,3265,76,3,1,824
random_v1_234,random_v1,train,E->F|evm|fund:ef,CTLCMultipleEdges,multi-level+multi-option,2,1|2,3,2,1,1400976,71641,128885,112464,8105,20,0,3355,324,1,1,1241,456,2,1,1897,40,2,1,524
random_v1_234,random_v1,train,E->G|evm|fund:eg,CTLCMultipleEdges,single-level+multi-option,1,4,4,4,0,1377960,71641,71641,59539,8073,19,0,3122,324,1,1,1241,324,1,1,1241,4,1,1,224
random_v1_235,random_v1,train,E->A|evm|fund:ea,CTLCOnly,single-level,1,1,1,1,0,1100987,64620,64620,59561,7091,8,0,1286,196,1,1,793,196,1,1,793,4,1,1,229
random_v1_235,random_v1,train,C->B|evm|fund:cb,CTLCOnly,single-level,1,1,1,1,0,1123899,68747,68747,59561,7123,9,0,1374,292,1,1,1134,292,1,1,1134,4,1,1,229
random_v1_235,random_v1,train,C->D|evm|fund:cd,CTLCOnly,multi-level,2,1|1,2,1,1,1284894,72874,129972,112508,7379,16,0,2352,388,1,1,1475,520,2,1,2121,40,2,1,534
random_v1_235,random_v1,train,B->A|evm|fund:ba,CTLCOnly,single-level,1,1,1,1,0,1100987,64620,64620,59561,7091,8,0,1286,196,1,1,793,196,1,1,793,4,1,1,229
random_v1_235,random_v1,train,D->E|evm|fund:de,CTLCOnly,multi-level,2,1|1,2,1,1,1239082,68735,125833,112508,7315,14,0,2176,292,1,1,1134,424,2,1,1780,40,2,1,534
random_v1_235,random_v1,train,B->C|evm|fund:bc,CTLCOnly,single-level,1,1,1,1,0,1169723,77013,77013,59561,7187,11,0,1550,484,1,1,1816,484,1,1,1816,4,1,1,229
random_v1_235,random_v1,train,E->B|evm|fund:eb,CTLCOnly,single-level,1,1,1,1,0,1123899,68747,68747,59561,7123,9,0,1374,292,1,1,1134,292,1,1,1134,4,1,1,229
random_v1_235,random_v1,train,D->C|evm|fund:dc,CTLCMultipleEdges,single-level+multi-option,1,2,2,2,0,1285250,75948,75948,59539,7881,15,0,2336,420,1,1,1597,420,1,1,1597,4,1,1,224
random_v1_236,random_v1,train,G->A|evm|fund:ga,CTLCOnly,single-level,1,1,1,1,0,1100975,64620,64620,59561,7091,8,0,1286,196,1,1,793,196,1,1,793,4,1,1,229
random_v1_236,random_v1,train,D->A|evm|fund:da,CTLCOnly,single-level,1,1,1,1,0,1100987,64620,64620,59561,7091,8,0,1286,196,1,1,793,196,1,1,793,4,1,1,229
random_v1_236,random_v1,train,C->B|evm|fund:cb,CTLCOnly,multi-level,2,1|1,2,1,1,1284906,68747,134123,112508,7379,16,0,2352,292,1,1,1134,616,2,1,2462,40,2,1,534
random_v1_236,random_v1,train,C->D|evm|fund:cd,CTLCOnly,multi-level,2,1|1,2,1,1,1284882,68747,134123,112508,7379,16,0,2352,292,1,1,1134,616,2,1,2462,40,2,1,534
random_v1_236,random_v1,train,B->A|evm|fund:ba,CTLCOnly,single-level,1,1,1,1,0,1100987,64620,64620,59561,7091,8,0,1286,196,1,1,793,196,1,1,793,4,1,1,229
random_v1_236,random_v1,train,D->E|evm|fund:de,CTLCOnly,single-level,1,1,1,1,0,1169711,77001,77001,59561,7187,11,0,1550,484,1,1,1816,484,1,1,1816,4,1,1,229
random_v1_236,random_v1,train,E->F|evm|fund:ef,CTLCOnly,single-level,1,1,1,1,0,1146811,72850,72850,59561,7155,10,0,1462,388,1,1,1475,388,1,1,1475,4,1,1,229
random_v1_236,random_v1,train,B->C|evm|fund:bc,CTLCMultipleEdges,multi-level+multi-option,2,2|2,4,2,1,1653515,75948,141831,112464,8489,31,0,4540,420,1,1,1597,744,2,1,2965,40,2,1,524
random_v1_236,random_v1,train,F->G|evm|fund:fg,CTLCOnly,single-level,1,1,1,1,0,1123899,68747,68747,59561,7123,9,0,1374,292,1,1,1134,292,1,1,1134,4,1,1,229
random_v1_236,random_v1,train,B->E|evm|fund:be,CTLCOnly,single-level,1,1,1,1,0,1169699,77013,77013,59561,7187,11,0,1550,484,1,1,1816,484,1,1,1816,4,1,1,229
random_v1_237,random_v1,train,D->E|evm|fund:de,CTLCMultipleEdges,single-level+multi-option,1,2,2,2,0,1239450,71641,71641,59539,7817,13,0,2160,324,1,1,1241,324,1,1,1241,4,1,1,224
random_v1_237,random_v1,train,E->A|evm|fund:ea,CTLCOnly,single-level,1,1,1,1,0,1100987,64620,64620,59561,7091,8,0,1286,196,1,1,793,196,1,1,793,4,1,1,229
random_v1_237,random_v1,train,C->D|evm|fund:cd,CTLCMultipleEdges,single-level+multi-option,1,6,6,6,0,1653954,75948,75948,59539,8521,31,0,4612,420,1,1,1597,420,1,1,1597,4,1,1,224
random_v1_237,random_v1,train,B->C|evm|fund:bc,CTLCMultipleEdges,single-level+multi-option,1,6,6,6,0,1791390,80267,80267,59539,8713,37,0,5140,516,1,1,1953,516,1,1,1953,4,1,1,224
random_v1_238,random_v1,train,B->D|evm|fund:bd,CTLCMultipleEdges,single-level+multi-option,1,2,2,2,0,1331110,80243,80243,59539,7945,17,0,2512,516,1,1,1953,516,1,1,1953,4,1,1,224
random_v1_238,random_v1,train,D->E|evm|fund:de,CTLCMultipleEdges,single-level+multi-option,1,2,2,2,0,1285262,75948,75948,59539,7881,15,0,2336,420,1,1,1597,420,1,1,1597,4,1,1,224
random_v1_238,random_v1,train,C->D|evm|fund:cd,CTLCMultipleEdges,single-level+multi-option,1,2,2,2,0,1331098,80267,80267,59539,7945,17,0,2512,516,1,1,1953,516,1,1,1953,4,1,1,224
random_v1_238,random_v1,train,F->A|evm|fund:fa,CTLCOnly,single-level,1,1,1,1,0,1100987,64620,64620,59561,7091,8,0,1286,196,1,1,793,196,1,1,793,4,1,1,229
random_v1_238,random_v1,train,C->E|evm|fund:ce,CTLCOnly,single-level,1,1,1,1,0,1146811,72874,72874,59561,7155,10,0,1462,388,1,1,1475,388,1,1,1475,4,1,1,229
random_v1_238,random_v1,train,E->F|evm|fund:ef,CTLCOnly,single-level,1,1,1,1,0,1123899,68735,68735,59561,7123,9,0,1374,292,1,1,1134,292,1,1,1134,4,1,1,229
random_v1_238,random_v1,train,B->C|evm|fund:bc,CTLCMultipleEdges,multi-level+multi-option,2,1|2,3,2,1,1538448,80267,137535,112464,8297,26,0,3883,516,1,1,1953,648,2,1,2609,40,2,1,524
random_v1_238,random_v1,train,C->B|evm|fund:cb,CTLCMultipleEdges,single-level+multi-option,1,2,2,2,0,1376934,84598,84598,59539,8009,19,0,2688,612,1,1,2309,612,1,1,2309,4,1,1,224
random_v1_239,random_v1,train,D->B|evm|fund:db,CTLCOnly,single-level,1,1,1,1,0,1146811,72874,72874,59561,7155,10,0,1462,388,1,1,1475,388,1,1,1475,4,1,1,229
random_v1_239,random_v1,train,D->A|evm|fund:da,CTLCOnly,single-level,1,1,1,1,0,1100987,64620,64620,59561,7091,8,0,1286,196,1,1,793,196,1,1,793,4,1,1,229
random_v1_239,random_v1,train,C->D|evm|fund:cd,CTLCOnly,single-level,1,1,1,1,0,1123899,68747,68747,59561,7123,9,0,1374,292,1,1,1134,292,1,1,1134,4,1,1,229
random_v1_239,random_v1,train,C->A|evm|fund:ca,CTLCOnly,single-level,1,1,1,1,0,1100987,64620,64620,59561,7091,8,0,1286,196,1,1,793,196,1,1,793,4,1,1,229
random_v1_239,random_v1,train,B->C|evm|fund:bc,CTLCOnly,multi-level,2,1|1,2,1,1,1239070,68747,125833,112508,7315,14,0,2176,292,1,1,1134,424,2,1,1780,40,2,1,534
random_v1_24,random_v1,train,D->A|evm|fund:da,CTLCOnly,single-level,1,1,1,1,0,1100987,64620,64620,59561,7091,8,0,1286,196,1,1,793,196,1,1,793,4,1,1,229
random_v1_24,random_v1,train,C->D|evm|fund:cd,CTLCOnly,single-level,1,1,1,1,0,1123899,68747,68747,59561,7123,9,0,1374,292,1,1,1134,292,1,1,1134,4,1,1,229
random_v1_24,random_v1,train,C->A|evm|fund:ca,CTLCMultipleEdges,single-level+multi-option,1,2,2,2,0,1193638,67334,67334,59539,7753,11,0,1984,228,1,1,885,228,1,1,885,4,1,1,224
random_v1_24,random_v1,train,B->C|evm|fund:bc,CTLCMultipleEdges,multi-level+multi-option,2,4|2,6,4,1,1608717,71641,128885,112464,8489,29,0,4798,324,1,1,1241,456,2,1,1897,40,2,1,524
random_v1_240,random_v1,train,D->A|evm|fund:da,CTLCOnly,single-level,1,1,1,1,0,1100987,64620,64620,59561,7091,8,0,1286,196,1,1,793,196,1,1,793,4,1,1,229
random_v1_240,random_v1,train,C->D|evm|fund:cd,CTLCOnly,single-level,1,1,1,1,0,1123899,68747,68747,59561,7123,9,0,1374,292,1,1,1134,292,1,1,1134,4,1,1,229
random_v1_240,random_v1,train,B->C|evm|fund:bc,CTLCMultipleEdges,single-level+multi-option,1,2,2,2,0,1285274,75948,75948,59539,7881,15,0,2336,420,1,1,1597,420,1,1,1597,4,1,1,224
random_v1_241,random_v1,train,F->D|evm|fund:fd,CTLCOnly,multi-level,2,1|1,2,1,1,1239082,68747,125833,112508,7315,14,0,2176,292,1,1,1134,424,2,1,1780,40,2,1,534
random_v1_241,random_v1,train,D->A|evm|fund:da,CTLCOnly,single-level,1,1,1,1,0,1100987,64620,64620,59561,7091,8,0,1286,196,1,1,793,196,1,1,793,4,1,1,229
random_v1_241,random_v1,train,E->A|evm|fund:ea,CTLCOnly,single-level,1,1,1,1,0,1100987,64620,64620,59561,7091,8,0,1286,196,1,1,793,196,1,1,793,4,1,1,229
random_v1_241,random_v1,train,C->D|evm|fund:cd,CTLCOnly,multi-level,3,1|1|1,3,1,2,1377165,68747,165831,148367,7539,20,0,3066,292,1,1,1134,556,3,1,2426,76,3,1,839
random_v1_241,random_v1,train,F->A|evm|fund:fa,CTLCOnly,single-level,1,1,1,1,0,1100987,64620,64620,59561,7091,8,0,1286,196,1,1,793,196,1,1,793,4,1,1,229
random_v1_241,random_v1,train,D->E|evm|fund:de,CTLCOnly,multi-level,2,1|1,2,1,1,1239082,68747,125833,112508,7315,14,0,2176,292,1,1,1134,424,2,1,1780,40,2,1,534
random_v1_241,random_v1,train,E->F|evm|fund:ef,CTLCOnly,multi-level,2,1|1,2,1,1,1239082,68735,125833,112508,7315,14,0,2176,292,1,1,1134,424,2,1,1780,40,2,1,534
random_v1_241,random_v1,train,B->C|evm|fund:bc,CTLCOnly,multi-level,3,1|1|1,3,1,2,1445901,72874,169970,148367,7635,23,0,3330,388,1,1,1475,652,3,1,2767,76,3,1,839
random_v1_242,random_v1,train,G->A|evm|fund:ga,CTLCOnly,single-level,1,1,1,1,0,1100963,64620,64620,59561,7091,8,0,1286,196,1,1,793,196,1,1,793,4,1,1,229
random_v1_242,random_v1,train,C->D|evm|fund:cd,CTLCOnly,single-level,1,1,1,1,0,1192635,81164,81164,59561,7219,12,0,1638,580,1,1,2157,580,1,1,2157,4,1,1,229
random_v1_242,random_v1,train,D->E|evm|fund:de,CTLCOnly,single-level,1,1,1,1,0,1169723,77013,77013,59561,7187,11,0,1550,484,1,1,1816,484,1,1,1816,4,1,1,229
random_v1_242,random_v1,train,E->F|evm|fund:ef,CTLCOnly,single-level,1,1,1,1,0,1146811,72862,72862,59561,7155,10,0,1462,388,1,1,1475,388,1,1,1475,4,1,1,229
random_v1_242,random_v1,train,B->C|evm|fund:bc,CTLCOnly,single-level,1,1,1,1,0,1215535,85292,85292,59561,7251,13,0,1726,676,1,1,2498,676,1,1,2498,4,1,1,229
random_v1_242,random_v1,train,F->G|evm|fund:fg,CTLCOnly,single-level,1,1,1,1,0,1123899,68747,68747,59561,7123,9,0,1374,292,1,1,1134,292,1,1,1134,4,1,1,229
random_v1_243,random_v1,train,D->B|evm|fund:db,CTLCMultipleEdges,single-level+multi-option,1,2,2,2,0,1285286,75948,75948,59539,7881,15,0,2336,420,1,1,1597,420,1,1,1597,4,1,1,224
random_v1_243,random_v1,train,D->A|evm|fund:da,CTLCOnly,single-level,1,1,1,1,0,1100987,64620,64620,59561,7091,8,0,1286,196,1,1,793,196,1,1,793,4,1,1,229
random_v1_243,random_v1,train,C->D|evm|fund:cd,CTLCOnly,single-level,1,1,1,1,0,1123899,68747,68747,59561,7123,9,0,1374,292,1,1,1134,292,1,1,1134,4,1,1,229
random_v1_243,random_v1,train,C->A|evm|fund:ca,CTLCOnly,single-level,1,1,1,1,0,1100975,64620,64620,59561,7091,8,0,1286,196,1,1,793,196,1,1,793,4,1,1,229
random_v1_243,random_v1,train,B->C|evm|fund:bc,CTLCMultipleEdges,multi-level+multi-option,2,2|2,4,2,1,1470219,71641,128885,112464,8233,23,0,3836,324,1,1,1241,456,2,1,1897,40,2,1,524
random_v1_243,random_v1,train,D->C|evm|fund:dc,CTLCMultipleEdges,single-level+multi-option,1,2,2,2,0,1239438,71641,71641,59539,7817,13,0,2160,324,1,1,1241,324,1,1,1241,4,1,1,224
random_v1_244,random_v1,train,C->F|evm|fund:cf,CTLCOnly,single-level,1,1,1,1,0,1123875,68747,68747,59561,7123,9,0,1374,292,1,1,1134,292,1,1,1134,4,1,1,229
random_v1_244,random_v1,train,C->D|evm|fund:cd,CTLCOnly,single-level,1,1,1,1,0,1169711,77013,77013,59561,7187,11,0,1550,484,1,1,1816,484,1,1,1816,4,1,1,229
random_v1_244,random_v1,train,F->A|evm|fund:fa,CTLCOnly,single-level,1,1,1,1,0,1100987,64620,64620,59561,7091,8,0,1286,196,1,1,793,196,1,1,793,4,1,1,229
random_v1_244,random_v1,train,D->E|evm|fund:de,CTLCOnly,single-level,1,1,1,1,0,1146787,72874,72874,59561,7155,10,0,1462,388,1,1,1475,388,1,1,1475,4,1,1,229
random_v1_244,random_v1,train,E->F|evm|fund:ef,CTLCOnly,single-level,1,1,1,1,0,1123899,68735,68735,59561,7123,9,0,1374,292,1,1,1134,292,1,1,1134,4,1,1,229
random_v1_244,random_v1,train,B->C|evm|fund:bc,CTLCOnly,multi-level,2,1|1,2,1,1,1307806,72874,134123,112508,7411,17,0,2440,388,1,1,1475,616,2,1,2462,40,2,1,534
random_v1_244,random_v1,train,B->E|evm|fund:be,CTLCOnly,single-level,1,1,1,1,0,1146811,72874,72874,59561,7155,10,0,1462,388,1,1,1475,388,1,1,1475,4,1,1,229
random_v1_245,random_v1,train,E->A|evm|fund:ea,CTLCOnly,single-level,1,1,1,1,0,1100987,64620,64620,59561,7091,8,0,1286,196,1,1,793,196,1,1,793,4,1,1,229
random_v1_245,random_v1,train,C->D|evm|fund:cd,CTLCOnly,single-level,1,1,1,1,0,1146811,72874,72874,59561,7155,10,0,1462,388,1,1,1475,388,1,1,1475,4,1,1,229
random_v1_245,random_v1,train,B->A|evm|fund:ba,CTLCOnly,single-level,1,1,1,1,0,1100987,64620,64620,59561,7091,8,0,1286,196,1,1,793,196,1,1,793,4,1,1,229
random_v1_245,random_v1,train,D->E|evm|fund:de,CTLCOnly,single-level,1,1,1,1,0,1123899,68747,68747,59561,7123,9,0,1374,292,1,1,1134,292,1,1,1134,4,1,1,229
random_v1_245,random_v1,train,B->C|evm|fund:bc,CTLCMultipleEdges,single-level+multi-option,1,2,2,2,0,1331086,80267,80267,59539,7945,17,0,2512,516,1,1,1953,516,1,1,1953,4,1,1,224
random_v1_245,random_v1,train,B->E|evm|fund:be,CTLCOnly,single-level,1,1,1,1,0,1123899,68747,68747,59561,7123,9,0,1374,292,1,1,1134,292,1,1,1134,4,1,1,229
random_v1_246,random_v1,train,C->F|evm|fund:cf,CTLCOnly,single-level,1,1,1,1,0,1123899,68735,68735,59561,7123,9,0,1374,292,1,1,1134,292,1,1,1134,4,1,1,229
random_v1_246,random_v1,train,D->B|evm|fund:db,CTLCMultipleEdges,multi-level+multi-option,2,3|2,5,3,1,1654046,75948,133204,112464,8521,31,0,4757,420,1,1,1597,552,2,1,2253,40,2,1,524
random_v1_246,random_v1,train,D->E|evm|fund:de,CTLCMultipleEdges,multi-level+multi-option,4,1|1|3|4,9,4,3,2298926,71641,209197,184138,9609,59,0,8813,324,1,1,1241,720,4,1,3209,112,4,1,1124
random_v1_246,random_v1,train,E->A|evm|fund:ea,CTLCOnly,single-level,1,1,1,1,0,1100987,64620,64620,59561,7091,8,0,1286,196,1,1,793,196,1,1,793,4,1,1,229
random_v1_246,random_v1,train,F->B|evm|fund:fb,CTLCMultipleEdges,multi-level+multi-option,2,2|2,4,2,1,1607667,75936,137535,112464,8425,29,0,4364,420,1,1,1597,648,2,1,2609,40,2,1,524
random_v1_246,random_v1,train,C->A|evm|fund:ca,CTLCOnly,single-level,1,1,1,1,0,1100987,64620,64620,59561,7091,8,0,1286,196,1,1,793,196,1,1,793,4,1,1,229
random_v1_246,random_v1,train,C->D|evm|fund:cd,CTLCMultipleEdges,multi-level+multi-option,3,1|2|1,4,2,2,1654138,75948,173372,148301,8521,31,0,4902,420,1,1,1597,684,3,1,2909,76,3,1,824
random_v1_246,random_v1,train,F->A|evm|fund:fa,CTLCOnly,single-level,1,1,1,1,0,1100987,64620,64620,59561,7091,8,0,1286,196,1,1,793,196,1,1,793,4,1,1,229
random_v1_246,random_v1,train,B->F|evm|fund:bf,CTLCOnly,single-level,1,1,1,1,0,1123899,68735,68735,59561,7123,9,0,1374,292,1,1,1134,292,1,1,1134,4,1,1,229
random_v1_246,random_v1,train,E->B|evm|fund:eb,CTLCMultipleEdges,multi-level+multi-option,2,3|2,5,3,1,1654046,75948,133204,112464,8521,31,0,4757,420,1,1,1597,552,2,1,2253,40,2,1,524
random_v1_246,random_v1,train,B->C|evm|fund:bc,CTLCMultipleEdges,multi-level+multi-option,4,2|2|2|2,8,2,3,2069205,71641,209209,184138,9257,49,0,7716,324,1,1,1241,720,4,1,3209,112,4,1,1124
random_v1_246,random_v1,train,E->F|evm|fund:ef,CTLCMultipleEdges,multi-level+multi-option,2,1|2,3,2,1,1446800,71629,133192,112464,8169,22,0,3531,324,1,1,1241,552,2,1,2253,40,2,1,524
random_v1_247,random_v1,train,D->E|evm|fund:de,CTLCMultipleEdges,single-level+multi-option,1,2,2,2,0,1239450,71641,71641,59539,7817,13,0,2160,324,1,1,1241,324,1,1,1241,4,1,1,224
random_v1_247,random_v1,train,D->A|evm|fund:da,CTLCOnly,single-level,1,1,1,1,0,1100987,64620,64620,59561,7091,8,0,1286,196,1,1,793,196,1,1,793,4,1,1,229
random_v1_247,random_v1,train,C->D|evm|fund:cd,CTLCMultipleEdges,multi-level+multi-option,2,1|2,3,2,1,1400976,71641,128885,112464,8105,20,0,3355,324,1,1,1241,456,2,1,1897,40,2,1,524
random_v1_247,random_v1,train,E->D|evm|fund:ed,CTLCOnly,single-level,1,1,1,1,0,1123887,68747,68747,59561,7123,9,0,1374,292,1,1,1134,292,1,1,1134,4,1,1,229
random_v1_247,random_v1,train,E->A|evm|fund:ea,CTLCMultipleEdges,single-level+multi-option,1,2,2,2,0,1193626,67334,67334,59539,7753,11,0,1984,228,1,1,885,228,1,1,885,4,1,1,224
random_v1_247,random_v1,train,B->C|evm|fund:bc,CTLCMultipleEdges,multi-level+multi-option,2,1|2,3,2,1,1469700,75948,133204,112464,8201,23,0,3619,420,1,1,1597,552,2,1,2253,40,2,1,524
random_v1_248,random_v1,train,D->B|evm|fund:db,CTLCMultipleEdges,multi-level+multi-option,3,1|1|2,4,2,2,1654150,71641,173360,148301,8521,31,0,4902,324,1,1,1241,684,3,1,2909,76,3,1,824
random_v1_248,random_v1,train,D->E|evm|fund:de,CTLCMultipleEdges,multi-level+multi-option,2,1|2,3,2,1,1469688,75948,133204,112464,8201,23,0,3619,420,1,1,1597,552,2,1,2253,40,2,1,524
random_v1_248,random_v1,train,C->D|evm|fund:cd,CTLCMultipleEdges,multi-level+multi-option,3,1|1|2,4,2,2,1677014,75948,173372,148301,8553,32,0,4990,420,1,1,1597,684,3,1,2909,76,3,1,824
random_v1_248,random_v1,train,F->A|evm|fund:fa,CTLCOnly,single-level,1,1,1,1,0,1100975,64620,64620,59561,7091,8,0,1286,196,1,1,793,196,1,1,793,4,1,1,229
random_v1_248,random_v1,train,B->A|evm|fund:ba,CTLCOnly,single-level,1,1,1,1,0,1100975,64620,64620,59561,7091,8,0,1286,196,1,1,793,196,1,1,793,4,1,1,229
random_v1_248,random_v1,train,G->F|evm|fund:gf,CTLCOnly,single-level,1,1,1,1,0,1123887,68747,68747,59561,7123,9,0,1374,292,1,1,1134,292,1,1,1134,4,1,1,229
random_v1_248,random_v1,train,F->G|evm|fund:fg,CTLCMultipleEdges,single-level+multi-option,1,2,2,2,0,1239462,71641,71641,59539,7817,13,0,2160,324,1,1,1241,324,1,1,1241,4,1,1,224
random_v1_248,random_v1,train,G->A|evm|fund:ga,CTLCMultipleEdges,single-level+multi-option,1,2,2,2,0,1193626,67334,67334,59539,7753,11,0,1984,228,1,1,885,228,1,1,885,4,1,1,224
random_v1_248,random_v1,train,C->F|evm|fund:cf,CTLCMultipleEdges,multi-level+multi-option,2,1|2,3,2,1,1400976,71641,128873,112464,8105,20,0,3355,324,1,1,1241,456,2,1,1897,40,2,1,524
random_v1_248,random_v1,train,B->C|evm|fund:bc,CTLCMultipleEdges,multi-level+multi-option,4,1|2|1|2,6,2,3,2022403,75948,213517,184138,9129,47,0,7106,420,1,1,1597,816,4,1,3565,112,4,1,1124
random_v1_248,random_v1,train,E->F|evm|fund:ef,CTLCMultipleEdges,multi-level+multi-option,2,1|2,3,2,1,1400976,71641,128885,112464,8105,20,0,3355,324,1,1,1241,456,2,1,1897,40,2,1,524
random_v1_249,random_v1,train,C->F|evm|fund:cf,CTLCOnly,multi-level,2,1|1,2,1,1,1239046,68747,125833,112508,7315,14,0,2176,292,1,1,1134,424,2,1,1780,40,2,1,534
random_v1_249,random_v1,train,C->D|evm|fund:cd,CTLCOnly,multi-level,2,1|1,2,1,1,1330730,77013,134123,112508,7443,18,0,2528,484,1,1,1816,616,2,1,2462,40,2,1,534
random_v1_249,random_v1,train,C->A|evm|fund:ca,CTLCOnly,single-level,1,1,1,1,0,1100975,64620,64620,59561,7091,8,0,1286,196,1,1,793,196,1,1,793,4,1,1,229
random_v1_249,random_v1,train,F->A|evm|fund:fa,CTLCOnly,single-level,1,1,1,1,0,1100987,64620,64620,59561,7091,8,0,1286,196,1,1,793,196,1,1,793,4,1,1,229
random_v1_249,random_v1,train,B->A|evm|fund:ba,CTLCOnly,single-level,1,1,1,1,0,1100975,64620,64620,59561,7091,8,0,1286,196,1,1,793,196,1,1,793,4,1,1,229
random_v1_249,random_v1,train,D->E|evm|fund:de,CTLCOnly,multi-level,3,1|1|1,3,1,2,1445913,72862,169982,148367,7635,23,0,3330,388,1,1,1475,652,3,1,2767,76,3,1,839
random_v1_249,random_v1,train,C->E|evm|fund:ce,CTLCOnly,multi-level,2,1|1,2,1,1,1284882,72874,129972,112508,7379,16,0,2352,388,1,1,1475,520,2,1,2121,40,2,1,534
random_v1_249,random_v1,train,F->B|evm|fund:fb,CTLCOnly,multi-level,2,1|1,2,1,1,1239082,68747,125833,112508,7315,14,0,2176,292,1,1,1134,424,2,1,1780,40,2,1,534
random_v1_249,random_v1,train,E->F|evm|fund:ef,CTLCOnly,multi-level,3,1|1|1,3,1,2,1377177,68735,165831,148367,7539,20,0,3066,292,1,1,1134,556,3,1,2426,76,3,1,839
random_v1_249,random_v1,train,B->C|evm|fund:bc,CTLCOnly,multi-level,4,1|1|1|1,4,1,3,1538196,68747,205829,184226,7795,27,0,4044,292,1,1,1134,688,4,1,3072,112,4,1,1144
random_v1_25,random_v1,train,D->A|evm|fund:da,CTLCOnly,single-level,1,1,1,1,0,1100987,64620,64620,59561,7091,8,0,1286,196,1,1,793,196,1,1,793,4,1,1,229
random_v1_25,random_v1,train,C->D|evm|fund:cd,CTLCOnly,single-level,1,1,1,1,0,1123899,68747,68747,59561,7123,9,0,1374,292,1,1,1134,292,1,1,1134,4,1,1,229
random_v1_25,random_v1,train,C->A|evm|fund:ca,CTLCOnly,single-level,1,1,1,1,0,1100987,64620,64620,59561,7091,8,0,1286,196,1,1,793,196,1,1,793,4,1,1,229
random_v1_25,random_v1,train,B->D|evm|fund:bd,CTLCOnly,single-level,1,1,1,1,0,1123899,68747,68747,59561,7123,9,0,1374,292,1,1,1134,292,1,1,1134,4,1,1,229
random_v1_25,random_v1,train,B->C|evm|fund:bc,CTLCOnly,multi-level,2,1|1,2,1,1,1239058,68747,125833,112508,7315,14,0,2176,292,1,1,1134,424,2,1,1780,40,2,1,534
random_v1_250,random_v1,train,E->A|evm|fund:ea,CTLCOnly,single-level,1,1,1,1,0,1100987,64620,64620,59561,7091,8,0,1286,196,1,1,793,196,1,1,793,4,1,1,229
random_v1_250,random_v1,train,C->D|evm|fund:cd,CTLCOnly,single-level,1,1,1,1,0,1146799,72874,72874,59561,7155,10,0,1462,388,1,1,1475,388,1,1,1475,4,1,1,229
random_v1_250,random_v1,train,C->A|evm|fund:ca,CTLCOnly,single-level,1,1,1,1,0,1100987,64620,64620,59561,7091,8,0,1286,196,1,1,793,196,1,1,793,4,1,1,229
random_v1_250,random_v1,train,D->E|evm|fund:de,CTLCOnly,single-level,1,1,1,1,0,1123899,68747,68747,59561,7123,9,0,1374,292,1,1,1134,292,1,1,1134,4,1,1,229
random_v1_250,random_v1,train,B->C|evm|fund:bc,CTLCMultipleEdges,multi-level+multi-option,2,2|2,4,2,1,1516043,71641,133204,112464,8297,25,0,4012,324,1,1,1241,552,2,1,2253,40,2,1,524
random_v1_251,random_v1,train,D->F|evm|fund:df,CTLCOnly,single-level,1,1,1,1,0,1146811,72874,72874,59561,7155,10,0,1462,388,1,1,1475,388,1,1,1475,4,1,1,229
random_v1_251,random_v1,train,G->A|evm|fund:ga,CTLCOnly,single-level,1,1,1,1,0,1100975,64620,64620,59561,7091,8,0,1286,196,1,1,793,196,1,1,793,4,1,1,229
random_v1_251,random_v1,train,C->B|evm|fund:cb,CTLCOnly,single-level,1,1,1,1,0,1146811,72874,72874,59561,7155,10,0,1462,388,1,1,1475,388,1,1,1475,4,1,1,229
random_v1_251,random_v1,train,C->D|evm|fund:cd,CTLCOnly,multi-level,2,1|1,2,1,1,1330718,77013,134123,112508,7443,18,0,2528,484,1,1,1816,616,2,1,2462,40,2,1,534
random_v1_251,random_v1,train,D->E|evm|fund:de,CTLCOnly,single-level,1,1,1,1,0,1169711,77013,77013,59561,7187,11,0,1550,484,1,1,1816,484,1,1,1816,4,1,1,229
random_v1_251,random_v1,train,C->E|evm|fund:ce,CTLCOnly,single-level,1,1,1,1,0,1169723,77013,77013,59561,7187,11,0,1550,484,1,1,1816,484,1,1,1816,4,1,1,229
random_v1_251,random_v1,train,E->F|evm|fund:ef,CTLCOnly,single-level,1,1,1,1,0,1146811,72862,72862,59561,7155,10,0,1462,388,1,1,1475,388,1,1,1475,4,1,1,229
random_v1_251,random_v1,train,B->C|evm|fund:bc,CTLCMultipleEdges,multi-level+multi-option,2,4|2,6,4,1,2021157,84598,141831,112464,9065,47,0,6382,612,1,1,2309,744,2,1,2965,40,2,1,524
random_v1_251,random_v1,train,F->G|evm|fund:fg,CTLCOnly,single-level,1,1,1,1,0,1123899,68747,68747,59561,7123,9,0,1374,292,1,1,1134,292,1,1,1134,4,1,1,229
random_v1_251,random_v1,train,B->G|evm|fund:bg,CTLCOnly,single-level,1,1,1,1,0,1123887,68747,68747,59561,7123,9,0,1374,292,1,1,1134,292,1,1,1134,4,1,1,229
random_v1_252,random_v1,train,B->D|evm|fund:bd,CTLCMultipleEdges,multi-level+multi-option,2,2|1,3,2,1,1400952,71641,133204,112464,8105,20,0,3355,324,1,1,1241,552,2,1,2253,40,2,1,524
random_v1_252,random_v1,train,F->D|evm|fund:fd,CTLCMultipleEdges,single-level+multi-option,1,2,2,2,0,1239462,71641,71641,59539,7817,13,0,2160,324,1,1,1241,324,1,1,1241,4,1,1,224
random_v1_252,random_v1,train,C->D|evm|fund:cd,CTLCMultipleEdges,multi-level+multi-option,3,2|1|1,4,2,2,1585390,71641,173372,148301,8425,28,0,4638,324,1,1,1241,684,3,1,2909,76,3,1,824
random_v1_252,random_v1,train,F->A|evm|fund:fa,CTLCOnly,single-level,1,1,1,1,0,1100987,64620,64620,59561,7091,8,0,1286,196,1,1,793,196,1,1,793,4,1,1,229
random_v1_252,random_v1,train,D->E|evm|fund:de,CTLCOnly,multi-level,2,1|1,2,1,1,1284894,72874,129972,112508,7379,16,0,2352,388,1,1,1475,520,2,1,2121,40,2,1,534
random_v1_252,random_v1,train,D->A|evm|fund:da,CTLCMultipleEdges,single-level+multi-option,1,2,2,2,0,1193638,67334,67334,59539,7753,11,0,1984,228,1,1,885,228,1,1,885,4,1,1,224
random_v1_252,random_v1,train,B->F|evm|fund:bf,CTLCMultipleEdges,multi-level+multi-option,2,1|2,3,2,1,1400976,71641,128885,112464,8105,20,0,3355,324,1,1,1241,456,2,1,1897,40,2,1,524
random_v1_252,random_v1,train,E->B|evm|fund:eb,CTLCMultipleEdges,multi-level+multi-option,2,3|4,7,4,1,1884180,75948,133192,112464,8905,41,0,6071,420,1,1,1597,552,2,1,2253,40,2,1,524
random_v1_252,random_v1,train,B->C|evm|fund:bc,CTLCMultipleEdges,multi-level+multi-option,2,2|1,3,2,1,1469712,75948,137535,112464,8201,23,0,3619,420,1,1,1597,648,2,1,2609,40,2,1,524
random_v1_252,random_v1,train,E->F|evm|fund:ef,CTLCMultipleEdges,multi-level+multi-option,2,1|2,3,2,1,1400964,71617,128873,112464,8105,20,0,3355,324,1,1,1241,456,2,1,1897,40,2,1,524
random_v1_253,random_v1,train,B->D|evm|fund:bd,CTLCMultipleEdges,single-level+multi-option,1,2,2,2,0,1239450,71641,71641,59539,7817,13,0,2160,324,1,1,1241,324,1,1,1241,4,1,1,224
random_v1_253,random_v1,train,D->B|evm|fund:db,CTLCOnly,single-level,1,1,1,1,0,1123899,68747,68747,59561,7123,9,0,1374,292,1,1,1134,292,1,1,1134,4,1,1,229
random_v1_253,random_v1,train,C->D|evm|fund:cd,CTLCMultipleEdges,multi-level+multi-option,2,4|2,6,4,1,1608717,71641,128885,112464,8489,29,0,4798,324,1,1,1241,456,2,1,1897,40,2,1,524
random_v1_253,random_v1,train,B->A|evm|fund:ba,CTLCOnly,single-level,1,1,1,1,0,1100987,64620,64620,59561,7091,8,0,1286,196,1,1,793,196,1,1,793,4,1,1,229
random_v1_253,random_v1,train,D->A|evm|fund:da,CTLCMultipleEdges,single-level+multi-option,1,2,2,2,0,1193638,67334,67334,59539,7753,11,0,1984,228,1,1,885,228,1,1,885,4,1,1,224
random_v1_253,random_v1,train,B->C|evm|fund:bc,CTLCMultipleEdges,single-level+multi-option,1,4,4,4,0,1469572,75948,75948,59539,8201,23,0,3474,420,1,1,1597,420,1,1,1597,4,1,1,224
random_v1_254,random_v1,train,B->D|evm|fund:bd,CTLCMultipleEdges,multi-level+multi-option,3,1|2|1,4,2,2,1631226,71617,173372,148301,8489,30,0,4814,324,1,1,1241,684,3,1,2909,76,3,1,824
random_v1_254,random_v1,train,D->E|evm|fund:de,CTLCMultipleEdges,multi-level+multi-option,2,2|1,3,2,1,1446788,75948,133204,112464,8169,22,0,3531,420,1,1,1597,552,2,1,2253,40,2,1,524
random_v1_254,random_v1,train,D->A|evm|fund:da,CTLCOnly,single-level,1,1,1,1,0,1100987,64620,64620,59561,7091,8,0,1286,196,1,1,793,196,1,1,793,4,1,1,229
random_v1_254,random_v1,train,C->A|evm|fund:ca,CTLCOnly,single-level,1,1,1,1,0,1100987,64620,64620,59561,7091,8,0,1286,196,1,1,793,196,1,1,793,4,1,1,229
random_v1_254,random_v1,train,C->D|evm|fund:cd,CTLCMultipleEdges,multi-level+multi-option,2,1|2,3,2,1,1446764,71641,133204,112464,8169,22,0,3531,324,1,1,1241,552,2,1,2253,40,2,1,524
random_v1_254,random_v1,train,E->D|evm|fund:ed,CTLCOnly,single-level,1,1,1,1,0,1123899,68747,68747,59561,7123,9,0,1374,292,1,1,1134,292,1,1,1134,4,1,1,229
random_v1_254,random_v1,train,F->C|evm|fund:fc,CTLCOnly,multi-level,2,1|1,2,1,1,1239070,68735,125833,112508,7315,14,0,2176,292,1,1,1134,424,2,1,1780,40,2,1,534
random_v1_254,random_v1,train,F->A|evm|fund:fa,CTLCMultipleEdges,single-level+multi-option,1,2,2,2,0,1193638,67334,67334,59539,7753,11,0,1984,228,1,1,885,228,1,1,885,4,1,1,224
random_v1_254,random_v1,train,C->F|evm|fund:cf,CTLCMultipleEdges,single-level+multi-option,1,2,2,2,0,1239438,71641,71641,59539,7817,13,0,2160,324,1,1,1241,324,1,1,1241,4,1,1,224
random_v1_254,random_v1,train,B->C|evm|fund:bc,CTLCMultipleEdges,multi-level+multi-option,3,1|3|2,6,3,2,1815512,71641,173360,148301,8809,38,0,5952,324,1,1,1241,684,3,1,2909,76,3,1,824
random_v1_254,random_v1,train,E->F|evm|fund:ef,CTLCMultipleEdges,multi-level+multi-option,3,2|1|1,4,2,2,1539590,71641,169029,148301,8361,26,0,4462,324,1,1,1241,588,3,1,2553,76,3,1,824
random_v1_255,random_v1,train,B->D|evm|fund:bd,CTLCMultipleEdges,multi-level+multi-option,4,1|1|3|2,7,3,3,2022862,71641,209185,184138,9161,47,0,7323,324,1,1,1241,720,4,1,3209,112,4,1,1124
random_v1_255,random_v1,train,G->B|evm|fund:gb,CTLCMultipleEdges,multi-level+multi-option,4,1|2|2|1,6,2,3,1999491,75948,213517,184138,9097,46,0,7018,420,1,1,1597,816,4,1,3565,112,4,1,1124
random_v1_255,random_v1,train,D->E|evm|fund:de,CTLCMultipleEdges,multi-level+multi-option,2,1|2,3,2,1,1469700,75948,133204,112464,8201,23,0,3619,420,1,1,1597,552,2,1,2253,40,2,1,524
random_v1_255,random_v1,train,D->A|evm|fund:da,CTLCOnly,single-level,1,1,1,1,0,1100975,64620,64620,59561,7091,8,0,1286,196,1,1,793,196,1,1,793,4,1,1,229
random_v1_255,random_v1,train,C->D|evm|fund:cd,CTLCMultipleEdges,multi-level+multi-option,4,1|1|3|2,7,3,3,2022838,71641,209209,184138,9161,47,0,7323,324,1,1,1241,720,4,1,3209,112,4,1,1124
random_v1_255,random_v1,train,F->A|evm|fund:fa,CTLCOnly,single-level,1,1,1,1,0,1100987,64620,64620,59561,7091,8,0,1286,196,1,1,793,196,1,1,793,4,1,1,229
random_v1_255,random_v1,train,F->G|evm|fund:fg,CTLCMultipleEdges,multi-level+multi-option,3,2|1|1,4,2,2,1585426,71641,173372,148301,8425,28,0,4638,324,1,1,1241,684,3,1,2909,76,3,1,824
random_v1_255,random_v1,train,E->C|evm|fund:ec,CTLCMultipleEdges,multi-level+multi-option,3,1|1|2,4,2,2,1677050,75948,173372,148301,8553,32,0,4990,420,1,1,1597,684,3,1,2909,76,3,1,824
random_v1_255,random_v1,train,D->F|evm|fund:df,CTLCMultipleEdges,multi-level+multi-option,2,1|2,3,2,1,1400964,71641,128885,112464,8105,20,0,3355,324,1,1,1241,456,2,1,1897,40,2,1,524
random_v1_255,random_v1,train,G->A|evm|fund:ga,CTLCMultipleEdges,single-level+multi-option,1,2,2,2,0,1193626,67334,67334,59539,7753,11,0,1984,228,1,1,885,228,1,1,885,4,1,1,224
random_v1_255,random_v1,train,B->C|evm|fund:bc,CTLCMultipleEdges,multi-level+multi-option,4,1|1|3|2,7,3,3,2183315,75948,213517,184138,9385,54,0,7939,420,1,1,1597,816,4,1,3565,112,4,1,1124
random_v1_255,random_v1,train,E->F|evm|fund:ef,CTLCMultipleEdges,multi-level+multi-option,4,1|2|1|1,5,2,3,1792764,71641,213505,184138,8777,37,0,6009,324,1,1,1241,816,4,1,3565,112,4,1,1124
random_v1_256,random_v1,train,F->D|evm|fund:fd,CTLCMultipleEdges,single-level+multi-option,1,4,4,4,0,1652916,84598,84598,59539,8457,31,0,4178,612,1,1,2309,612,1,1,2309,4,1,1,224
random_v1_256,random_v1,train,C->G|evm|fund:cg,CTLCMultipleEdges,single-level+multi-option,1,2,2,2,0,1239462,71629,71629,59539,7817,13,0,2160,324,1,1,1241,324,1,1,1241,4,1,1,224
random_v1_256,random_v1,train,D->E|evm|fund:de,CTLCMultipleEdges,single-level+multi-option,1,8,8,8,0,2021560,80267,80267,59539,9097,47,0,6454,516,1,1,1953,516,1,1,1953,4,1,1,224
random_v1_256,random_v1,train,C->D|evm|fund:cd,CTLCMultipleEdges,single-level+multi-option,1,4,4,4,0,1652868,84598,84598,59539,8457,31,0,4178,612,1,1,2309,612,1,1,2309,4,1,1,224
random_v1_256,random_v1,train,F->G|evm|fund:fg,CTLCMultipleEdges,single-level+multi-option,1,2,2,2,0,1239462,71641,71641,59539,7817,13,0,2160,324,1,1,1241,324,1,1,1241,4,1,1,224
random_v1_256,random_v1,train,E->C|evm|fund:ec,CTLCMultipleEdges,single-level+multi-option,1,2,2,2,0,1285286,75948,75948,59539,7881,15,0,2336,420,1,1,1597,420,1,1,1597,4,1,1,224
random_v1_256,random_v1,train,G->A|evm|fund:ga,CTLCMultipleEdges,single-level+multi-option,1,2,2,2,0,1193626,67334,67334,59539,7753,11,0,1984,228,1,1,885,228,1,1,885,4,1,1,224
random_v1_256,random_v1,train,B->C|evm|fund:bc,CTLCMultipleEdges,multi-level+multi-option,2,2|4,6,4,1,1975309,75948,141831,112464,9001,45,0,6206,420,1,1,1597,744,2,1,2965,40,2,1,524
random_v1_256,random_v1,train,E->F|evm|fund:ef,CTLCMultipleEdges,single-level+multi-option,1,2,2,2,0,1285286,75948,75948,59539,7881,15,0,2336,420,1,1,1597,420,1,1,1597,4,1,1,224
random_v1_257,random_v1,train,E->A|evm|fund:ea,CTLCOnly,single-level,1,1,1,1,0,1100987,64620,64620,59561,7091,8,0,1286,196,1,1,793,196,1,1,793,4,1,1,229
random_v1_257,random_v1,train,C->D|evm|fund:cd,CTLCOnly,multi-level,2,1|1,2,1,1,1284894,72874,129972,112508,7379,16,0,2352,388,1,1,1475,520,2,1,2121,40,2,1,534
random_v1_257,random_v1,train,F->A|evm|fund:fa,CTLCOnly,single-level,1,1,1,1,0,1100987,64620,64620,59561,7091,8,0,1286,196,1,1,793,196,1,1,793,4,1,1,229
random_v1_257,random_v1,train,D->E|evm|fund:de,CTLCOnly,multi-level,2,1|1,2,1,1,1239058,68747,125833,112508,7315,14,0,2176,292,1,1,1134,424,2,1,1780,40,2,1,534
random_v1_257,random_v1,train,C->E|evm|fund:ce,CTLCOnly,multi-level,2,1|1,2,1,1,1239082,68747,125833,112508,7315,14,0,2176,292,1,1,1134,424,2,1,1780,40,2,1,534
random_v1_257,random_v1,train,F->B|evm|fund:fb,CTLCOnly,multi-level,2,1|1,2,1,1,1330682,77001,134123,112508,7443,18,0,2528,484,1,1,1816,616,2,1,2462,40,2,1,534
random_v1_257,random_v1,train,E->F|evm|fund:ef,CTLCOnly,single-level,1,1,1,1,0,1123887,68735,68735,59561,7123,9,0,1374,292,1,1,1134,292,1,1,1134,4,1,1,229
random_v1_257,random_v1,train,B->C|evm|fund:bc,CTLCMultipleEdges,multi-level+multi-option,3,1|2|1,4,2,2,1654150,75948,173360,148301,8521,31,0,4902,420,1,1,1597,684,3,1,2909,76,3,1,824
random_v1_258,random_v1,train,D->A|evm|fund:da,CTLCOnly,single-level,1,1,1,1,0,1100987,64620,64620,59561,7091,8,0,1286,196,1,1,793,196,1,1,793,4,1,1,229
random_v1_258,random_v1,train,C->B|evm|fund:cb,CTLCOnly,single-level,1,1,1,1,0,1123899,68747,68747,59561,7123,9,0,1374,292,1,1,1134,292,1,1,1134,4,1,1,229
random_v1_258,random_v1,train,C->D|evm|fund:cd,CTLCOnly,single-level,1,1,1,1,0,1123899,68747,68747,59561,7123,9,0,1374,292,1,1,1134,292,1,1,1134,4,1,1,229
random_v1_258,random_v1,train,B->A|evm|fund:ba,CTLCOnly,single-level,1,1,1,1,0,1100987,64620,64620,59561,7091,8,0,1286,196,1,1,793,196,1,1,793,4,1,1,229
random_v1_258,random_v1,train,B->C|evm|fund:bc,CTLCMultipleEdges,single-level+multi-option,1,2,2,2,0,1285274,75948,75948,59539,7881,15,0,2336,420,1,1,1597,420,1,1,1597,4,1,1,224
random_v1_259,random_v1,train,G->A|evm|fund:ga,CTLCOnly,single-level,1,1,1,1,0,1100975,64620,64620,59561,7091,8,0,1286,196,1,1,793,196,1,1,793,4,1,1,229
random_v1_259,random_v1,train,D->E|evm|fund:de,CTLCMultipleEdges,single-level+multi-option,1,5,5,5,0,1676335,80267,80267,59539,8521,32,0,4483,516,1,1,1953,516,1,1,1953,4,1,1,224
random_v1_259,random_v1,train,C->D|evm|fund:cd,CTLCMultipleEdges,single-level+multi-option,1,4,4,4,0,1652892,84598,84598,59539,8457,31,0,4178,612,1,1,2309,612,1,1,2309,4,1,1,224
random_v1_259,random_v1,train,E->C|evm|fund:ec,CTLCOnly,single-level,1,1,1,1,0,1146811,72874,72874,59561,7155,10,0,1462,388,1,1,1475,388,1,1,1475,4,1,1,229
random_v1_259,random_v1,train,F->G|evm|fund:fg,CTLCMultipleEdges,single-level+multi-option,1,2,2,2,0,1239462,71641,71641,59539,7817,13,0,2160,324,1,1,1241,324,1,1,1241,4,1,1,224
random_v1_259,random_v1,train,C->G|evm|fund:cg,CTLCOnly,single-level,1,1,1,1,0,1123899,68735,68735,59561,7123,9,0,1374,292,1,1,1134,292,1,1,1134,4,1,1,229
random_v1_259,random_v1,train,B->C|evm|fund:bc,CTLCMultipleEdges,multi-level+multi-option,2,1|4,5,4,1,1883142,75948,141843,112464,8841,41,0,5637,420,1,1,1597,744,2,1,2965,40,2,1,524
random_v1_259,random_v1,train,E->F|evm|fund:ef,CTLCMultipleEdges,single-level+multi-option,1,4,4,4,0,1469608,75924,75924,59539,8201,23,0,3474,420,1,1,1597,420,1,1,1597,4,1,1,224
random_v1_26,random_v1,train,D->B|evm|fund:db,CTLCOnly,multi-level,2,1|1,2,1,1,1239082,68747,125833,112508,7315,14,0,2176,292,1,1,1134,424,2,1,1780,40,2,1,534
random_v1_26,random_v1,train,C->A|evm|fund:ca,CTLCOnly,single-level,1,1,1,1,0,1100987,64620,64620,59561,7091,8,0,1286,196,1,1,793,196,1,1,793,4,1,1,229
random_v1_26,random_v1,train,C->D|evm|fund:cd,CTLCMultipleEdges,multi-level+multi-option,2,2|1,3,2,1,1378064,71641,128885,112464,8073,19,0,3267,324,1,1,1241,456,2,1,1897,40,2,1,524
random_v1_26,random_v1,train,B->A|evm|fund:ba,CTLCOnly,single-level,1,1,1,1,0,1100975,64620,64620,59561,7091,8,0,1286,196,1,1,793,196,1,1,793,4,1,1,229
random_v1_26,random_v1,train,D->A|evm|fund:da,CTLCMultipleEdges,single-level+multi-option,1,2,2,2,0,1193638,67334,67334,59539,7753,11,0,1984,228,1,1,885,228,1,1,885,4,1,1,224
random_v1_26,random_v1,train,B->C|evm|fund:bc,CTLCMultipleEdges,multi-level+multi-option,2,1|2,3,2,1,1400964,71641,128885,112464,8105,20,0,3355,324,1,1,1241,456,2,1,1897,40,2,1,524
random_v1_260,random_v1,train,C->D|evm|fund:cd,CTLCMultipleEdges,single-level+multi-option,1,2,2,2,0,1239462,71641,71641,59539,7817,13,0,2160,324,1,1,1241,324,1,1,1241,4,1,1,224
random_v1_260,random_v1,train,D->A|evm|fund:da,CTLCMultipleEdges,single-level+multi-option,1,2,2,2,0,1193638,67334,67334,59539,7753,11,0,1984,228,1,1,885,228,1,1,885,4,1,1,224
random_v1_260,random_v1,train,B->C|evm|fund:bc,CTLCMultipleEdges,single-level+multi-option,1,2,2,2,0,1285262,75948,75948,59539,7881,15,0,2336,420,1,1,1597,420,1,1,1597,4,1,1,224
random_v1_261,random_v1,train,D->F|evm|fund:df,CTLCOnly,single-level,1,1,1,1,0,1123887,68747,68747,59561,7123,9,0,1374,292,1,1,1134,292,1,1,1134,4,1,1,229
random_v1_261,random_v1,train,D->E|evm|fund:de,CTLCMultipleEdges,single-level+multi-option,1,2,2,2,0,1285286,75948,75948,59539,7881,15,0,2336,420,1,1,1597,420,1,1,1597,4,1,1,224
random_v1_261,random_v1,train,C->B|evm|fund:cb,CTLCOnly,single-level,1,1,1,1,0,1123899,68747,68747,59561,7123,9,0,1374,292,1,1,1134,292,1,1,1134,4,1,1,229
random_v1_261,random_v1,train,C->D|evm|fund:cd,CTLCMultipleEdges,multi-level+multi-option,2,1|2,3,2,1,1469676,75948,133204,112464,8201,23,0,3619,420,1,1,1597,552,2,1,2253,40,2,1,524
random_v1_261,random_v1,train,F->A|evm|fund:fa,CTLCOnly,single-level,1,1,1,1,0,1100987,64620,64620,59561,7091,8,0,1286,196,1,1,793,196,1,1,793,4,1,1,229
random_v1_261,random_v1,train,B->A|evm|fund:ba,CTLCOnly,single-level,1,1,1,1,0,1100987,64620,64620,59561,7091,8,0,1286,196,1,1,793,196,1,1,793,4,1,1,229
random_v1_261,random_v1,train,E->F|evm|fund:ef,CTLCOnly,single-level,1,1,1,1,0,1123887,68735,68735,59561,7123,9,0,1374,292,1,1,1134,292,1,1,1134,4,1,1,229
random_v1_261,random_v1,train,B->C|evm|fund:bc,CTLCOnly,multi-level,2,1|1,2,1,1,1330730,77013,134111,112508,7443,18,0,2528,484,1,1,1816,616,2,1,2462,40,2,1,534
random_v1_261,random_v1,train,E->B|evm|fund:eb,CTLCOnly,multi-level,2,1|1,2,1,1,1284906,68747,134111,112508,7379,16,0,2352,292,1,1,1134,616,2,1,2462,40,2,1,534
random_v1_262,random_v1,train,D->A|evm|fund:da,CTLCOnly,single-level,1,1,1,1,0,1100975,64620,64620,59561,7091,8,0,1286,196,1,1,793,196,1,1,793,4,1,1,229
random_v1_262,random_v1,train,C->D|evm|fund:cd,CTLCOnly,single-level,1,1,1,1,0,1123887,68747,68747,59561,7123,9,0,1374,292,1,1,1134,292,1,1,1134,4,1,1,229
random_v1_262,random_v1,train,B->D|evm|fund:bd,CTLCOnly,single-level,1,1,1,1,0,1123899,68747,68747,59561,7123,9,0,1374,292,1,1,1134,292,1,1,1134,4,1,1,229
random_v1_262,random_v1,train,B->C|evm|fund:bc,CTLCOnly,single-level,1,1,1,1,0,1146811,72874,72874,59561,7155,10,0,1462,388,1,1,1475,388,1,1,1475,4,1,1,229
random_v1_263,random_v1,train,F->D|evm|fund:fd,CTLCMultipleEdges,single-level+multi-option,1,2,2,2,0,1422770,88906,88906,59539,8073,21,0,2864,708,1,1,2665,708,1,1,2665,4,1,1,224
random_v1_263,random_v1,train,G->A|evm|fund:ga,CTLCOnly,single-level,1,1,1,1,0,1100975,64620,64620,59561,7091,8,0,1286,196,1,1,793,196,1,1,793,4,1,1,229
random_v1_263,random_v1,train,D->E|evm|fund:de,CTLCMultipleEdges,multi-level+multi-option,2,2|2,4,2,1,1653491,80267,137535,112464,8489,31,0,4540,516,1,1,1953,648,2,1,2609,40,2,1,524
random_v1_263,random_v1,train,C->B|evm|fund:cb,CTLCOnly,multi-level,2,1|1,2,1,1,1307806,72874,134123,112508,7411,17,0,2440,388,1,1,1475,616,2,1,2462,40,2,1,534
random_v1_263,random_v1,train,C->D|evm|fund:cd,CTLCMultipleEdges,single-level+multi-option,1,2,2,2,0,1376934,84598,84598,59539,8009,19,0,2688,612,1,1,2309,612,1,1,2309,4,1,1,224
random_v1_263,random_v1,train,E->C|evm|fund:ec,CTLCOnly,single-level,1,1,1,1,0,1169723,77013,77013,59561,7187,11,0,1550,484,1,1,1816,484,1,1,1816,4,1,1,229
random_v1_263,random_v1,train,C->E|evm|fund:ce,CTLCOnly,single-level,1,1,1,1,0,1169723,77013,77013,59561,7187,11,0,1550,484,1,1,1816,484,1,1,1816,4,1,1,229
random_v1_263,random_v1,train,E->F|evm|fund:ef,CTLCOnly,single-level,1,1,1,1,0,1146799,72862,72862,59561,7155,10,0,1462,388,1,1,1475,388,1,1,1475,4,1,1,229
random_v1_263,random_v1,train,B->C|evm|fund:bc,CTLCMultipleEdges,multi-level+multi-option,2,1|2,3,2,1,1607208,84586,141843,112464,8393,29,0,4147,612,1,1,2309,744,2,1,2965,40,2,1,524
random_v1_263,random_v1,train,F->G|evm|fund:fg,CTLCOnly,single-level,1,1,1,1,0,1123899,68747,68747,59561,7123,9,0,1374,292,1,1,1134,292,1,1,1134,4,1,1,229
random_v1_263,random_v1,train,B->G|evm|fund:bg,CTLCOnly,single-level,1,1,1,1,0,1123887,68747,68747,59561,7123,9,0,1374,292,1,1,1134,292,1,1,1134,4,1,1,229
random_v1_263,random_v1,train,B->E|evm|fund:be,CTLCOnly,single-level,1,1,1,1,0,1169723,77001,77001,59561,7187,11,0,1550,484,1,1,1816,484,1,1,1816,4,1,1,229
random_v1_264,random_v1,train,D->B|evm|fund:db,CTLCMultipleEdges,single-level+multi-option,1,2,2,2,0,1285286,75948,75948,59539,7881,15,0,2336,420,1,1,1597,420,1,1,1597,4,1,1,224
random_v1_264,random_v1,train,D->A|evm|fund:da,CTLCOnly,single-level,1,1,1,1,0,1100987,64620,64620,59561,7091,8,0,1286,196,1,1,793,196,1,1,793,4,1,1,229
random_v1_264,random_v1,train,C->D|evm|fund:cd,CTLCOnly,single-level,1,1,1,1,0,1123899,68747,68747,59561,7123,9,0,1374,292,1,1,1134,292,1,1,1134,4,1,1,229
random_v1_264,random_v1,train,C->A|evm|fund:ca,CTLCMultipleEdges,single-level+multi-option,1,2,2,2,0,1193638,67334,67334,59539,7753,11,0,1984,228,1,1,885,228,1,1,885,4,1,1,224
random_v1_264,random_v1,train,B->C|evm|fund:bc,CTLCMultipleEdges,multi-level+multi-option,2,2|1,3,2,1,1378064,71641,128885,112464,8073,19,0,3267,324,1,1,1241,456,2,1,1897,40,2,1,524
random_v1_265,random_v1,train,D->B|evm|fund:db,CTLCMultipleEdges,multi-level+multi-option,2,1|4,5,4,1,1585298,71641,128885,112464,8425,28,0,4493,324,1,1,1241,456,2,1,1897,40,2,1,524
random_v1_265,random_v1,train,D->E|evm|fund:de,CTLCMultipleEdges,single-level+multi-option,1,2,2,2,0,1239462,71641,71641,59539,7817,13,0,2160,324,1,1,1241,324,1,1,1241,4,1,1,224
random_v1_265,random_v1,train,C->D|evm|fund:cd,CTLCMultipleEdges,multi-level+multi-option,2,6|8,14,8,1,2621167,75948,133204,112464,10153,73,0,10406,420,1,1,1597,552,2,1,2253,40,2,1,524
random_v1_265,random_v1,train,B->A|evm|fund:ba,CTLCOnly,single-level,1,1,1,1,0,1100975,64620,64620,59561,7091,8,0,1286,196,1,1,793,196,1,1,793,4,1,1,229
random_v1_265,random_v1,train,E->A|evm|fund:ea,CTLCMultipleEdges,single-level+multi-option,1,2,2,2,0,1193638,67334,67334,59539,7753,11,0,1984,228,1,1,885,228,1,1,885,4,1,1,224
random_v1_265,random_v1,train,B->E|evm|fund:be,CTLCMultipleEdges,single-level+multi-option,1,4,4,4,0,1377972,71641,71641,59539,8073,19,0,3122,324,1,1,1241,324,1,1,1241,4,1,1,224
random_v1_265,random_v1,train,B->C|evm|fund:bc,CTLCMultipleEdges,single-level+multi-option,1,4,4,4,0,1561268,80267,80267,59539,8329,27,0,3826,516,1,1,1953,516,1,1,1953,4,1,1,224
random_v1_266,random_v1,train,C->F|evm|fund:cf,CTLCOnly,single-level,1,1,1,1,0,1123887,68747,68747,59561,7123,9,0,1374,292,1,1,1134,292,1,1,1134,4,1,1,229
random_v1_266,random_v1,train,D->B|evm|fund:db,CTLCOnly,multi-level,3,1|1|1,3,1,2,1423013,68747,169982,148367,7603,22,0,3242,292,1,1,1134,652,3,1,2767,76,3,1,839
random_v1_266,random_v1,train,D->E|evm|fund:de,CTLCMultipleEdges,single-level+multi-option,1,2,2,2,0,1285286,75936,75936,59539,7881,15,0,2336,420,1,1,1597,420,1,1,1597,4,1,1,224
random_v1_266,random_v1,train,D->A|evm|fund:da,CTLCOnly,single-level,1,1,1,1,0,1100987,64620,64620,59561,7091,8,0,1286,196,1,1,793,196,1,1,793,4,1,1,229
random_v1_266,random_v1,train,C->B|evm|fund:cb,CTLCOnly,single-level,1,1,1,1,0,1123899,68747,68747,59561,7123,9,0,1374,292,1,1,1134,292,1,1,1134,4,1,1,229
random_v1_266,random_v1,train,C->D|evm|fund:cd,CTLCMultipleEdges,multi-level+multi-option,3,1|1|2,4,2,2,1585378,71641,169041,148301,8425,28,0,4638,324,1,1,1241,588,3,1,2553,76,3,1,824
random_v1_266,random_v1,train,F->A|evm|fund:fa,CTLCOnly,single-level,1,1,1,1,0,1100987,64620,64620,59561,7091,8,0,1286,196,1,1,793,196,1,1,793,4,1,1,229
random_v1_266,random_v1,train,B->A|evm|fund:ba,CTLCOnly,single-level,1,1,1,1,0,1100975,64620,64620,59561,7091,8,0,1286,196,1,1,793,196,1,1,793,4,1,1,229
random_v1_266,random_v1,train,C->E|evm|fund:ce,CTLCOnly,single-level,1,1,1,1,0,1146811,72874,72874,59561,7155,10,0,1462,388,1,1,1475,388,1,1,1475,4,1,1,229
random_v1_266,random_v1,train,E->F|evm|fund:ef,CTLCOnly,single-level,1,1,1,1,0,1123899,68735,68735,59561,7123,9,0,1374,292,1,1,1134,292,1,1,1134,4,1,1,229
random_v1_266,random_v1,train,B->C|evm|fund:bc,CTLCMultipleEdges,multi-level+multi-option,3,2|1|2,5,2,2,1769217,75948,173372,148301,8713,36,0,5559,420,1,1,1597,684,3,1,2909,76,3,1,824
random_v1_267,random_v1,train,G->A|evm|fund:ga,CTLCOnly,single-level,1,1,1,1,0,1100951,64620,64620,59561,7091,8,0,1286,196,1,1,793,196,1,1,793,4,1,1,229
random_v1_267,random_v1,train,D->E|evm|fund:de,CTLCMultipleEdges,single-level+multi-option,1,2,2,2,0,1331098,80267,80267,59539,7945,17,0,2512,516,1,1,1953,516,1,1,1953,4,1,1,224
random_v1_267,random_v1,train,C->D|evm|fund:cd,CTLCMultipleEdges,single-level+multi-option,1,4,4,4,0,1652868,84598,84598,59539,8457,31,0,4178,612,1,1,2309,612,1,1,2309,4,1,1,224
random_v1_267,random_v1,train,B->F|evm|fund:bf,CTLCOnly,single-level,1,1,1,1,0,1146799,72862,72862,59561,7155,10,0,1462,388,1,1,1475,388,1,1,1475,4,1,1,229
random_v1_267,random_v1,train,E->F|evm|fund:ef,CTLCOnly,single-level,1,1,1,1,0,1146811,72862,72862,59561,7155,10,0,1462,388,1,1,1475,388,1,1,1475,4,1,1,229
random_v1_267,random_v1,train,B->C|evm|fund:bc,CTLCMultipleEdges,single-level+multi-option,1,8,8,8,0,2388138,88906,88906,59539,9609,63,0,7862,708,1,1,2665,708,1,1,2665,4,1,1,224
random_v1_267,random_v1,train,F->G|evm|fund:fg,CTLCOnly,single-level,1,1,1,1,0,1123899,68747,68747,59561,7123,9,0,1374,292,1,1,1134,292,1,1,1134,4,1,1,229
random_v1_268,random_v1,train,D->A|evm|fund:da,CTLCOnly,single-level,1,1,1,1,0,1100975,64620,64620,59561,7091,8,0,1286,196,1,1,793,196,1,1,793,4,1,1,229
random_v1_268,random_v1,train,C->B|evm|fund:cb,CTLCOnly,multi-level,2,1|1,2,1,1,1239082,68747,125833,112508,7315,14,0,2176,292,1,1,1134,424,2,1,1780,40,2,1,534
random_v1_268,random_v1,train,C->D|evm|fund:cd,CTLCOnly,single-level,1,1,1,1,0,1123899,68747,68747,59561,7123,9,0,1374,292,1,1,1134,292,1,1,1134,4,1,1,229
random_v1_268,random_v1,train,B->A|evm|fund:ba,CTLCOnly,single-level,1,1,1,1,0,1100987,64620,64620,59561,7091,8,0,1286,196,1,1,793,196,1,1,793,4,1,1,229
random_v1_268,random_v1,train,B->D|evm|fund:bd,CTLCOnly,single-level,1,1,1,1,0,1123899,68747,68747,59561,7123,9,0,1374,292,1,1,1134,292,1,1,1134,4,1,1,229
random_v1_268,random_v1,train,B->C|evm|fund:bc,CTLCOnly,single-level,1,1,1,1,0,1146811,72874,72874,59561,7155,10,0,1462,388,1,1,1475,388,1,1,1475,4,1,1,229
random_v1_269,random_v1,train,C->F|evm|fund:cf,CTLCOnly,single-level,1,1,1,1,0,1123899,68747,68747,59561,7123,9,0,1374,292,1,1,1134,292,1,1,1134,4,1,1,229
random_v1_269,random_v1,train,D->E|evm|fund:de,CTLCMultipleEdges,multi-level+multi-option,3,1|2|1,4,2,2,1562466,71641,169041,148301,8393,27,0,4550,324,1,1,1241,588,3,1,2553,76,3,1,824
random_v1_269,random_v1,train,E->A|evm|fund:ea,CTLCOnly,single-level,1,1,1,1,0,1100975,64620,64620,59561,7091,8,0,1286,196,1,1,793,196,1,1,793,4,1,1,229
random_v1_269,random_v1,train,C->D|evm|fund:cd,CTLCOnly,multi-level,2,1|1,2,1,1,1284906,72874,129972,112508,7379,16,0,2352,388,1,1,1475,520,2,1,2121,40,2,1,534
random_v1_269,random_v1,train,C->A|evm|fund:ca,CTLCOnly,single-level,1,1,1,1,0,1100975,64620,64620,59561,7091,8,0,1286,196,1,1,793,196,1,1,793,4,1,1,229
random_v1_269,random_v1,train,E->C|evm|fund:ec,CTLCOnly,multi-level,2,1|1,2,1,1,1239082,68747,125833,112508,7315,14,0,2176,292,1,1,1134,424,2,1,1780,40,2,1,534
random_v1_269,random_v1,train,F->A|evm|fund:fa,CTLCOnly,single-level,1,1,1,1,0,1100987,64620,64620,59561,7091,8,0,1286,196,1,1,793,196,1,1,793,4,1,1,229
random_v1_269,random_v1,train,E->F|evm|fund:ef,CTLCOnly,single-level,1,1,1,1,0,1123887,68735,68735,59561,7123,9,0,1374,292,1,1,1134,292,1,1,1134,4,1,1,229
random_v1_269,random_v1,train,B->C|evm|fund:bc,CTLCOnly,multi-level,4,1|1|1|1,4,1,3,1538184,68747,205841,184226,7795,27,0,4044,292,1,1,1134,688,4,1,3072,112,4,1,1144
random_v1_27,random_v1,train,C->F|evm|fund:cf,CTLCOnly,single-level,1,1,1,1,0,1123899,68747,68747,59561,7123,9,0,1374,292,1,1,1134,292,1,1,1134,4,1,1,229
random_v1_27,random_v1,train,C->D|evm|fund:cd,CTLCOnly,single-level,1,1,1,1,0,1169723,77013,77013,59561,7187,11,0,1550,484,1,1,1816,484,1,1,1816,4,1,1,229
random_v1_27,random_v1,train,C->A|evm|fund:ca,CTLCOnly,single-level,1,1,1,1,0,1100987,64620,64620,59561,7091,8,0,1286,196,1,1,793,196,1,1,793,4,1,1,229
random_v1_27,random_v1,train,F->C|evm|fund:fc,CTLCOnly,single-level,1,1,1,1,0,1123899,68735,68735,59561,7123,9,0,1374,292,1,1,1134,292,1,1,1134,4,1,1,229
random_v1_27,random_v1,train,F->A|evm|fund:fa,CTLCOnly,single-level,1,1,1,1,0,1100987,64620,64620,59561,7091,8,0,1286,196,1,1,793,196,1,1,793,4,1,1,229
random_v1_27,random_v1,train,D->E|evm|fund:de,CTLCOnly,multi-level,2,1|1,2,1,1,1284870,72874,129972,112508,7379,16,0,2352,388,1,1,1475,520,2,1,2121,40,2,1,534
random_v1_27,random_v1,train,E->F|evm|fund:ef,CTLCOnly,multi-level,2,1|1,2,1,1,1239082,68735,125833,112508,7315,14,0,2176,292,1,1,1134,424,2,1,1780,40,2,1,534
random_v1_27,random_v1,train,B->C|evm|fund:bc,CTLCOnly,multi-level,3,1|1|1,3,1,2,1400089,68747,169982,148367,7571,21,0,3154,292,1,1,1134,652,3,1,2767,76,3,1,839
random_v1_270,random_v1,train,D->F|evm|fund:df,CTLCOnly,single-level,1,1,1,1,0,1146811,72874,72874,59561,7155,10,0,1462,388,1,1,1475,388,1,1,1475,4,1,1,229
random_v1_270,random_v1,train,G->A|evm|fund:ga,CTLCOnly,single-level,1,1,1,1,0,1100975,64620,64620,59561,7091,8,0,1286,196,1,1,793,196,1,1,793,4,1,1,229
random_v1_270,random_v1,train,C->D|evm|fund:cd,CTLCOnly,multi-level,2,1|1,2,1,1,1330730,77013,134123,112508,7443,18,0,2528,484,1,1,1816,616,2,1,2462,40,2,1,534
random_v1_270,random_v1,train,C->A|evm|fund:ca,CTLCOnly,single-level,1,1,1,1,0,1100987,64620,64620,59561,7091,8,0,1286,196,1,1,793,196,1,1,793,4,1,1,229
random_v1_270,random_v1,train,D->E|evm|fund:de,CTLCOnly,single-level,1,1,1,1,0,1169723,77001,77001,59561,7187,11,0,1550,484,1,1,1816,484,1,1,1816,4,1,1,229
random_v1_270,random_v1,train,B->F|evm|fund:bf,CTLCOnly,single-level,1,1,1,1,0,1146811,72874,72874,59561,7155,10,0,1462,388,1,1,1475,388,1,1,1475,4,1,1,229
random_v1_270,random_v1,train,C->G|evm|fund:cg,CTLCOnly,single-level,1,1,1,1,0,1123887,68747,68747,59561,7123,9,0,1374,292,1,1,1134,292,1,1,1134,4,1,1,229
random_v1_270,random_v1,train,E->F|evm|fund:ef,CTLCOnly,single-level,1,1,1,1,0,1146811,72862,72862,59561,7155,10,0,1462,388,1,1,1475,388,1,1,1475,4,1,1,229
random_v1_270,random_v1,train,B->C|evm|fund:bc,CTLCMultipleEdges,multi-level+multi-option,4,2|2|2|2,8,2,3,2160886,71641,213517,184138,9385,53,0,8068,324,1,1,1241,816,4,1,3565,112,4,1,1124
random_v1_270,random_v1,train,F->G|evm|fund:fg,CTLCOnly,single-level,1,1,1,1,0,1123899,68747,68747,59561,7123,9,0,1374,292,1,1,1134,292,1,1,1134,4,1,1,229
random_v1_271,random_v1,train,D->B|evm|fund:db,CTLCOnly,single-level,1,1,1,1,0,1146811,72874,72874,59561,7155,10,0,1462,388,1,1,1475,388,1,1,1475,4,1,1,229
random_v1_271,random_v1,train,D->A|evm|fund:da,CTLCOnly,single-level,1,1,1,1,0,1100975,64620,64620,59561,7091,8,0,1286,196,1,1,793,196,1,1,793,4,1,1,229
random_v1_271,random_v1,train,C->D|evm|fund:cd,CTLCOnly,single-level,1,1,1,1,0,1123899,68747,68747,59561,7123,9,0,1374,292,1,1,1134,292,1,1,1134,4,1,1,229
random_v1_271,random_v1,train,C->A|evm|fund:ca,CTLCOnly,single-level,1,1,1,1,0,1100987,64620,64620,59561,7091,8,0,1286,196,1,1,793,196,1,1,793,4,1,1,229
random_v1_271,random_v1,train,B->C|evm|fund:bc,CTLCOnly,multi-level,2,1|1,2,1,1,1239070,68747,125833,112508,7315,14,0,2176,292,1,1,1134,424,2,1,1780,40,2,1,534
random_v1_272,random_v1,train,D->E|evm|fund:de,CTLCMultipleEdges,single-level+multi-option,1,2,2,2,0,1239462,71641,71641,59539,7817,13,0,2160,324,1,1,1241,324,1,1,1241,4,1,1,224
random_v1_272,random_v1,train,C->A|evm|fund:ca,CTLCOnly,single-level,1,1,1,1,0,1100987,64620,64620,59561,7091,8,0,1286,196,1,1,793,196,1,1,793,4,1,1,229
random_v1_272,random_v1,train,C->D|evm|fund:cd,CTLCMultipleEdges,single-level+multi-option,1,2,2,2,0,1285274,75948,75948,59539,7881,15,0,2336,420,1,1,1597,420,1,1,1597,4,1,1,224
random_v1_272,random_v1,train,E->A|evm|fund:ea,CTLCMultipleEdges,single-level+multi-option,1,2,2,2,0,1193638,67334,67334,59539,7753,11,0,1984,228,1,1,885,228,1,1,885,4,1,1,224
random_v1_272,random_v1,train,B->C|evm|fund:bc,CTLCMultipleEdges,multi-level+multi-option,2,1|2,3,2,1,1446788,71641,133204,112464,8169,22,0,3531,324,1,1,1241,552,2,1,2253,40,2,1,524
random_v1_273,random_v1,train,C->D|evm|fund:cd,CTLCMultipleEdges,single-level+multi-option,1,4,4,4,0,1377960,71641,71641,59539,8073,19,0,3122,324,1,1,1241,324,1,1,1241,4,1,1,224
random_v1_273,random_v1,train,B->A|evm|fund:ba,CTLCOnly,single-level,1,1,1,1,0,1100975,64620,64620,59561,7091,8,0,1286,196,1,1,793,196,1,1,793,4,1,1,229
random_v1_273,random_v1,train,D->A|evm|fund:da,CTLCMultipleEdges,single-level+multi-option,1,2,2,2,0,1193638,67334,67334,59539,7753,11,0,1984,228,1,1,885,228,1,1,885,4,1,1,224
random_v1_273,random_v1,train,B->C|evm|fund:bc,CTLCMultipleEdges,single-level+multi-option,1,8,8,8,0,1838264,75948,75948,59539,8841,39,0,5750,420,1,1,1597,420,1,1,1597,4,1,1,224
random_v1_274,random_v1,train,D->A|evm|fund:da,CTLCOnly,single-level,1,1,1,1,0,1100987,64620,64620,59561,7091,8,0,1286,196,1,1,793,196,1,1,793,4,1,1,229
random_v1_274,random_v1,train,C->D|evm|fund:cd,CTLCMultipleEdges,single-level+multi-option,1,2,2,2,0,1239462,71641,71641,59539,7817,13,0,2160,324,1,1,1241,324,1,1,1241,4,1,1,224
random_v1_274,random_v1,train,B->A|evm|fund:ba,CTLCOnly,single-level,1,1,1,1,0,1100987,64620,64620,59561,7091,8,0,1286,196,1,1,793,196,1,1,793,4,1,1,229
random_v1_274,random_v1,train,B->D|evm|fund:bd,CTLCOnly,single-level,1,1,1,1,0,1123899,68747,68747,59561,7123,9,0,1374,292,1,1,1134,292,1,1,1134,4,1,1,229
random_v1_274,random_v1,train,B->C|evm|fund:bc,CTLCMultipleEdges,single-level+multi-option,1,2,2,2,0,1285274,75948,75948,59539,7881,15,0,2336,420,1,1,1597,420,1,1,1597,4,1,1,224
random_v1_275,random_v1,train,D->F|evm|fund:df,CTLCOnly,single-level,1,1,1,1,0,1123899,68747,68747,59561,7123,9,0,1374,292,1,1,1134,292,1,1,1134,4,1,1,229
random_v1_275,random_v1,train,C->D|evm|fund:cd,CTLCOnly,multi-level,2,1|1,2,1,1,1284906,72874,129972,112508,7379,16,0,2352,388,1,1,1475,520,2,1,2121,40,2,1,534
random_v1_275,random_v1,train,E->D|evm|fund:ed,CTLCOnly,single-level,1,1,1,1,0,1146799,72862,72862,59561,7155,10,0,1462,388,1,1,1475,388,1,1,1475,4,1,1,229
random_v1_275,random_v1,train,F->A|evm|fund:fa,CTLCOnly,single-level,1,1,1,1,0,1100987,64620,64620,59561,7091,8,0,1286,196,1,1,793,196,1,1,793,4,1,1,229
random_v1_275,random_v1,train,D->E|evm|fund:de,CTLCOnly,single-level,1,1,1,1,0,1146811,72862,72862,59561,7155,10,0,1462,388,1,1,1475,388,1,1,1475,4,1,1,229
random_v1_275,random_v1,train,E->C|evm|fund:ec,CTLCMultipleEdges,single-level+multi-option,1,2,2,2,0,1331098,80267,80267,59539,7945,17,0,2512,516,1,1,1953,516,1,1,1953,4,1,1,224
random_v1_275,random_v1,train,E->F|evm|fund:ef,CTLCOnly,single-level,1,1,1,1,0,1123899,68735,68735,59561,7123,9,0,1374,292,1,1,1134,292,1,1,1134,4,1,1,229
random_v1_275,random_v1,train,B->C|evm|fund:bc,CTLCOnly,multi-level,2,1|1,2,1,1,1330718,77013,134123,112508,7443,18,0,2528,484,1,1,1816,616,2,1,2462,40,2,1,534
random_v1_276,random_v1,train,D->A|evm|fund:da,CTLCOnly,single-level,1,1,1,1,0,1100987,64620,64620,59561,7091,8,0,1286,196,1,1,793,196,1,1,793,4,1,1,229
random_v1_276,random_v1,train,E->A|evm|fund:ea,CTLCOnly,single-level,1,1,1,1,0,1100987,64620,64620,59561,7091,8,0,1286,196,1,1,793,196,1,1,793,4,1,1,229
random_v1_276,random_v1,train,C->D|evm|fund:cd,CTLCOnly,multi-level,2,1|1,2,1,1,1239082,68747,125833,112508,7315,14,0,2176,292,1,1,1134,424,2,1,1780,40,2,1,534
random_v1_276,random_v1,train,C->A|evm|fund:ca,CTLCOnly,single-level,1,1,1,1,0,1100987,64620,64620,59561,7091,8,0,1286,196,1,1,793,196,1,1,793,4,1,1,229
random_v1_276,random_v1,train,D->E|evm|fund:de,CTLCOnly,single-level,1,1,1,1,0,1123899,68747,68747,59561,7123,9,0,1374,292,1,1,1134,292,1,1,1134,4,1,1,229
random_v1_276,random_v1,train,C->E|evm|fund:ce,CTLCOnly,single-level,1,1,1,1,0,1123899,68747,68747,59561,7123,9,0,1374,292,1,1,1134,292,1,1,1134,4,1,1,229
random_v1_276,random_v1,train,B->C|evm|fund:bc,CTLCMultipleEdges,multi-level+multi-option,3,1|2|1,4,2,2,1562478,71641,169041,148301,8393,27,0,4550,324,1,1,1241,588,3,1,2553,76,3,1,824
random_v1_277,random_v1,train,D->B|evm|fund:db,CTLCOnly,single-level,1,1,1,1,0,1123899,68747,68747,59561,7123,9,0,1374,292,1,1,1134,292,1,1,1134,4,1,1,229
random_v1_277,random_v1,train,C->B|evm|fund:cb,CTLCOnly,single-level,1,1,1,1,0,1123899,68747,68747,59561,7123,9,0,1374,292,1,1,1134,292,1,1,1134,4,1,1,229
random_v1_277,random_v1,train,C->D|evm|fund:cd,CTLCMultipleEdges,multi-level+multi-option,2,2|1,3,2,1,1378064,71641,128885,112464,8073,19,0,3267,324,1,1,1241,456,2,1,1897,40,2,1,524
random_v1_277,random_v1,train,B->A|evm|fund:ba,CTLCOnly,single-level,1,1,1,1,0,1100987,64620,64620,59561,7091,8,0,1286,196,1,1,793,196,1,1,793,4,1,1,229
random_v1_277,random_v1,train,D->A|evm|fund:da,CTLCMultipleEdges,single-level+multi-option,1,2,2,2,0,1193614,67334,67334,59539,7753,11,0,1984,228,1,1,885,228,1,1,885,4,1,1,224
random_v1_277,random_v1,train,B->C|evm|fund:bc,CTLCMultipleEdges,single-level+multi-option,1,2,2,2,0,1285274,75948,75948,59539,7881,15,0,2336,420,1,1,1597,420,1,1,1597,4,1,1,224
random_v1_278,random_v1,train,E->A|evm|fund:ea,CTLCOnly,single-level,1,1,1,1,0,1100987,64620,64620,59561,7091,8,0,1286,196,1,1,793,196,1,1,793,4,1,1,229
random_v1_278,random_v1,train,C->D|evm|fund:cd,CTLCMultipleEdges,multi-level+multi-option,2,2|2,4,2,1,1561831,75948,133204,112464,8361,27,0,4188,420,1,1,1597,552,2,1,2253,40,2,1,524
random_v1_278,random_v1,train,F->A|evm|fund:fa,CTLCOnly,single-level,1,1,1,1,0,1100987,64620,64620,59561,7091,8,0,1286,196,1,1,793,196,1,1,793,4,1,1,229
random_v1_278,random_v1,train,D->E|evm|fund:de,CTLCOnly,multi-level,2,1|1,2,1,1,1239082,68747,125833,112508,7315,14,0,2176,292,1,1,1134,424,2,1,1780,40,2,1,534
random_v1_278,random_v1,train,B->F|evm|fund:bf,CTLCMultipleEdges,single-level+multi-option,1,2,2,2,0,1239462,71641,71641,59539,7817,13,0,2160,324,1,1,1241,324,1,1,1241,4,1,1,224
random_v1_278,random_v1,train,E->F|evm|fund:ef,CTLCOnly,single-level,1,1,1,1,0,1123899,68723,68723,59561,7123,9,0,1374,292,1,1,1134,292,1,1,1134,4,1,1,229
random_v1_278,random_v1,train,B->C|evm|fund:bc,CTLCMultipleEdges,multi-level+multi-option,2,2|2,4,2,1,1653479,80267,137535,112464,8489,31,0,4540,516,1,1,1953,648,2,1,2609,40,2,1,524
random_v1_278,random_v1,train,C->B|evm|fund:cb,CTLCMultipleEdges,single-level+multi-option,1,2,2,2,0,1285274,75948,75948,59539,7881,15,0,2336,420,1,1,1597,420,1,1,1597,4,1,1,224
random_v1_279,random_v1,train,F->D|evm|fund:fd,CTLCMultipleEdges,single-level+multi-option,1,3,3,3,0,1377441,75948,75948,59539,8041,19,0,2905,420,1,1,1597,420,1,1,1597,4,1,1,224
random_v1_279,random_v1,train,D->G|evm|fund:dg,CTLCMultipleEdges,single-level+multi-option,1,2,2,2,0,1239450,71641,71641,59539,7817,13,0,2160,324,1,1,1241,324,1,1,1241,4,1,1,224
random_v1_279,random_v1,train,G->A|evm|fund:ga,CTLCOnly,single-level,1,1,1,1,0,1100975,64620,64620,59561,7091,8,0,1286,196,1,1,793,196,1,1,793,4,1,1,229
random_v1_279,random_v1,train,E->A|evm|fund:ea,CTLCOnly,single-level,1,1,1,1,0,1100987,64620,64620,59561,7091,8,0,1286,196,1,1,793,196,1,1,793,4,1,1,229
random_v1_279,random_v1,train,C->D|evm|fund:cd,CTLCMultipleEdges,multi-level+multi-option,2,6|2,8,6,1,1976347,75948,137535,112464,9065,45,0,6640,420,1,1,1597,648,2,1,2609,40,2,1,524
random_v1_279,random_v1,train,D->E|evm|fund:de,CTLCOnly,multi-level,2,1|1,2,1,1,1261982,68747,129972,112508,7347,15,0,2264,292,1,1,1134,520,2,1,2121,40,2,1,534
random_v1_279,random_v1,train,G->F|evm|fund:gf,CTLCOnly,single-level,1,1,1,1,0,1169711,77013,77013,59561,7187,11,0,1550,484,1,1,1816,484,1,1,1816,4,1,1,229
random_v1_279,random_v1,train,B->C|evm|fund:bc,CTLCMultipleEdges,multi-level+multi-option,2,6|2,8,6,1,2159662,80267,141843,112464,9321,53,0,7344,516,1,1,1953,744,2,1,2965,40,2,1,524
random_v1_279,random_v1,train,F->G|evm|fund:fg,CTLCOnly,single-level,1,1,1,1,0,1123887,68747,68747,59561,7123,9,0,1374,292,1,1,1134,292,1,1,1134,4,1,1,229
random_v1_279,random_v1,train,E->F|evm|fund:ef,CTLCMultipleEdges,multi-level+multi-option,2,1|2,3,2,1,1469688,75936,133192,112464,8201,23,0,3619,420,1,1,1597,552,2,1,2253,40,2,1,524
random_v1_28,random_v1,train,D->B|evm|fund:db,CTLCOnly,multi-level,2,1|1,2,1,1,1284906,72874,129960,112508,7379,16,0,2352,388,1,1,1475,520,2,1,2121,40,2,1,534
random_v1_28,random_v1,train,D->E|evm|fund:de,CTLCMultipleEdges,single-level+multi-option,1,2,2,2,0,1239450,71641,71641,59539,7817,13,0,2160,324,1,1,1241,324,1,1,1241,4,1,1,224
random_v1_28,random_v1,train,E->A|evm|fund:ea,CTLCOnly,single-level,1,1,1,1,0,1100975,64620,64620,59561,7091,8,0,1286,196,1,1,793,196,1,1,793,4,1,1,229
random_v1_28,random_v1,train,C->A|evm|fund:ca,CTLCOnly,single-level,1,1,1,1,0,1100987,64620,64620,59561,7091,8,0,1286,196,1,1,793,196,1,1,793,4,1,1,229
random_v1_28,random_v1,train,C->D|evm|fund:cd,CTLCMultipleEdges,single-level+multi-option,1,6,6,6,0,1653930,75948,75948,59539,8521,31,0,4612,420,1,1,1597,420,1,1,1597,4,1,1,224
random_v1_28,random_v1,train,C->E|evm|fund:ce,CTLCOnly,single-level,1,1,1,1,0,1123899,68747,68747,59561,7123,9,0,1374,292,1,1,1134,292,1,1,1134,4,1,1,229
random_v1_28,random_v1,train,B->C|evm|fund:bc,CTLCMultipleEdges,multi-level+multi-option,3,1|1|6,8,6,2,2045706,71641,169041,148301,9193,48,0,7266,324,1,1,1241,588,3,1,2553,76,3,1,824
random_v1_280,random_v1,train,D->E|evm|fund:de,CTLCMultipleEdges,single-level+multi-option,1,2,2,2,0,1239462,71641,71641,59539,7817,13,0,2160,324,1,1,1241,324,1,1,1241,4,1,1,224
random_v1_280,random_v1,train,D->A|evm|fund:da,CTLCOnly,single-level,1,1,1,1,0,1100987,64620,64620,59561,7091,8,0,1286,196,1,1,793,196,1,1,793,4,1,1,229
random_v1_280,random_v1,train,E->A|evm|fund:ea,CTLCOnly,single-level,1,1,1,1,0,1100987,64620,64620,59561,7091,8,0,1286,196,1,1,793,196,1,1,793,4,1,1,229
random_v1_280,random_v1,train,C->D|evm|fund:cd,CTLCMultipleEdges,multi-level+multi-option,2,1|2,3,2,1,1400976,71641,128885,112464,8105,20,0,3355,324,1,1,1241,456,2,1,1897,40,2,1,524
random_v1_280,random_v1,train,E->C|evm|fund:ec,CTLCOnly,single-level,1,1,1,1,0,1146799,72874,72874,59561,7155,10,0,1462,388,1,1,1475,388,1,1,1475,4,1,1,229
random_v1_280,random_v1,train,B->A|evm|fund:ba,CTLCOnly,single-level,1,1,1,1,0,1100975,64620,64620,59561,7091,8,0,1286,196,1,1,793,196,1,1,793,4,1,1,229
random_v1_280,random_v1,train,B->C|evm|fund:bc,CTLCMultipleEdges,multi-level+multi-option,2,1|2,3,2,1,1469712,75948,133204,112464,8201,23,0,3619,420,1,1,1597,552,2,1,2253,40,2,1,524
random_v1_281,random_v1,train,G->D|evm|fund:gd,CTLCOnly,single-level,1,1,1,1,0,1146811,72874,72874,59561,7155,10,0,1462,388,1,1,1475,388,1,1,1475,4,1,1,229
random_v1_281,random_v1,train,G->A|evm|fund:ga,CTLCOnly,single-level,1,1,1,1,0,1100975,64620,64620,59561,7091,8,0,1286,196,1,1,793,196,1,1,793,4,1,1,229
random_v1_281,random_v1,train,E->A|evm|fund:ea,CTLCOnly,single-level,1,1,1,1,0,1100987,64620,64620,59561,7091,8,0,1286,196,1,1,793,196,1,1,793,4,1,1,229
random_v1_281,random_v1,train,C->D|evm|fund:cd,CTLCOnly,multi-level,2,1|1,2,1,1,1307806,72874,134123,112508,7411,17,0,2440,388,1,1,1475,616,2,1,2462,40,2,1,534
random_v1_281,random_v1,train,F->C|evm|fund:fc,CTLCOnly,single-level,1,1,1,1,0,1169723,77001,77001,59561,7187,11,0,1550,484,1,1,1816,484,1,1,1816,4,1,1,229
random_v1_281,random_v1,train,D->E|evm|fund:de,CTLCOnly,multi-level,2,1|1,2,1,1,1261982,68747,129960,112508,7347,15,0,2264,292,1,1,1134,520,2,1,2121,40,2,1,534
random_v1_281,random_v1,train,E->F|evm|fund:ef,CTLCOnly,single-level,1,1,1,1,0,1146799,72862,72862,59561,7155,10,0,1462,388,1,1,1475,388,1,1,1475,4,1,1,229
random_v1_281,random_v1,train,B->C|evm|fund:bc,CTLCOnly,multi-level,2,1|1,2,1,1,1353618,77013,138251,112508,7475,19,0,2616,484,1,1,1816,712,2,1,2803,40,2,1,534
random_v1_281,random_v1,train,F->G|evm|fund:fg,CTLCOnly,multi-level,2,1|1,2,1,1,1261994,68747,129972,112508,7347,15,0,2264,292,1,1,1134,520,2,1,2121,40,2,1,534
random_v1_282,random_v1,train,G->A|evm|fund:ga,CTLCOnly,single-level,1,1,1,1,0,1100975,64620,64620,59561,7091,8,0,1286,196,1,1,793,196,1,1,793,4,1,1,229
random_v1_282,random_v1,train,C->D|evm|fund:cd,CTLCOnly,single-level,1,1,1,1,0,1192635,81164,81164,59561,7219,12,0,1638,580,1,1,2157,580,1,1,2157,4,1,1,229
random_v1_282,random_v1,train,D->E|evm|fund:de,CTLCOnly,single-level,1,1,1,1,0,1169723,77013,77013,59561,7187,11,0,1550,484,1,1,1816,484,1,1,1816,4,1,1,229
random_v1_282,random_v1,train,B->D|evm|fund:bd,CTLCOnly,single-level,1,1,1,1,0,1192623,81140,81140,59561,7219,12,0,1638,580,1,1,2157,580,1,1,2157,4,1,1,229
random_v1_282,random_v1,train,E->F|evm|fund:ef,CTLCOnly,single-level,1,1,1,1,0,1146811,72862,72862,59561,7155,10,0,1462,388,1,1,1475,388,1,1,1475,4,1,1,229
random_v1_282,random_v1,train,B->C|evm|fund:bc,CTLCOnly,single-level,1,1,1,1,0,1215535,85292,85292,59561,7251,13,0,1726,676,1,1,2498,676,1,1,2498,4,1,1,229
random_v1_282,random_v1,train,F->G|evm|fund:fg,CTLCOnly,single-level,1,1,1,1,0,1123887,68747,68747,59561,7123,9,0,1374,292,1,1,1134,292,1,1,1134,4,1,1,229
random_v1_283,random_v1,train,B->D|evm|fund:bd,CTLCMultipleEdges,multi-level+multi-option,2,2|2,4,2,1,1653515,80243,137511,112464,8489,31,0,4540,516,1,1,1953,648,2,1,2609,40,2,1,524
random_v1_283,random_v1,train,C->D|evm|fund:cd,CTLCOnly,single-level,1,1,1,1,0,1169711,77013,77013,59561,7187,11,0,1550,484,1,1,1816,484,1,1,1816,4,1,1,229
random_v1_283,random_v1,train,F->A|evm|fund:fa,CTLCOnly,single-level,1,1,1,1,0,1100987,64620,64620,59561,7091,8,0,1286,196,1,1,793,196,1,1,793,4,1,1,229
random_v1_283,random_v1,train,D->E|evm|fund:de,CTLCOnly,single-level,1,1,1,1,0,1146811,72874,72874,59561,7155,10,0,1462,388,1,1,1475,388,1,1,1475,4,1,1,229
random_v1_283,random_v1,train,C->E|evm|fund:ce,CTLCOnly,single-level,1,1,1,1,0,1146811,72874,72874,59561,7155,10,0,1462,388,1,1,1475,388,1,1,1475,4,1,1,229
random_v1_283,random_v1,train,D->C|evm|fund:dc,CTLCOnly,single-level,1,1,1,1,0,1169711,77013,77013,59561,7187,11,0,1550,484,1,1,1816,484,1,1,1816,4,1,1,229
random_v1_283,random_v1,train,E->F|evm|fund:ef,CTLCOnly,single-level,1,1,1,1,0,1123899,68735,68735,59561,7123,9,0,1374,292,1,1,1134,292,1,1,1134,4,1,1,229
random_v1_283,random_v1,train,B->C|evm|fund:bc,CTLCOnly,multi-level,2,1|1,2,1,1,1330718,77013,134123,112508,7443,18,0,2528,484,1,1,1816,616,2,1,2462,40,2,1,534
random_v1_284,random_v1,train,D->A|evm|fund:da,CTLCOnly,single-level,1,1,1,1,0,1100987,64620,64620,59561,7091,8,0,1286,196,1,1,793,196,1,1,793,4,1,1,229
random_v1_284,random_v1,train,E->A|evm|fund:ea,CTLCOnly,single-level,1,1,1,1,0,1100987,64620,64620,59561,7091,8,0,1286,196,1,1,793,196,1,1,793,4,1,1,229
random_v1_284,random_v1,train,C->B|evm|fund:cb,CTLCOnly,single-level,1,1,1,1,0,1123899,68747,68747,59561,7123,9,0,1374,292,1,1,1134,292,1,1,1134,4,1,1,229
random_v1_284,random_v1,train,C->D|evm|fund:cd,CTLCOnly,multi-level,2,1|1,2,1,1,1239082,68747,125833,112508,7315,14,0,2176,292,1,1,1134,424,2,1,1780,40,2,1,534
random_v1_284,random_v1,train,E->D|evm|fund:ed,CTLCOnly,single-level,1,1,1,1,0,1123887,68747,68747,59561,7123,9,0,1374,292,1,1,1134,292,1,1,1134,4,1,1,229
random_v1_284,random_v1,train,B->A|evm|fund:ba,CTLCOnly,single-level,1,1,1,1,0,1100987,64620,64620,59561,7091,8,0,1286,196,1,1,793,196,1,1,793,4,1,1,229
random_v1_284,random_v1,train,D->E|evm|fund:de,CTLCOnly,multi-level,2,1|1,2,1,1,1261982,68747,129960,112508,7347,15,0,2264,292,1,1,1134,520,2,1,2121,40,2,1,534
random_v1_284,random_v1,train,E->C|evm|fund:ec,CTLCMultipleEdges,single-level+multi-option,1,2,2,2,0,1285262,75948,75948,59539,7881,15,0,2336,420,1,1,1597,420,1,1,1597,4,1,1,224
random_v1_284,random_v1,train,B->C|evm|fund:bc,CTLCOnly,multi-level,2,1|1,2,1,1,1284894,72874,129972,112508,7379,16,0,2352,388,1,1,1475,520,2,1,2121,40,2,1,534
random_v1_285,random_v1,train,E->A|evm|fund:ea,CTLCOnly,single-level,1,1,1,1,0,1100987,64620,64620,59561,7091,8,0,1286,196,1,1,793,196,1,1,793,4,1,1,229
random_v1_285,random_v1,train,C->D|evm|fund:cd,CTLCOnly,single-level,1,1,1,1,0,1146811,72874,72874,59561,7155,10,0,1462,388,1,1,1475,388,1,1,1475,4,1,1,229
random_v1_285,random_v1,train,D->E|evm|fund:de,CTLCOnly,single-level,1,1,1,1,0,1123899,68747,68747,59561,7123,9,0,1374,292,1,1,1134,292,1,1,1134,4,1,1,229
random_v1_285,random_v1,train,B->C|evm|fund:bc,CTLCMultipleEdges,single-level+multi-option,1,2,2,2,0,1331086,80267,80267,59539,7945,17,0,2512,516,1,1,1953,516,1,1,1953,4,1,1,224
random_v1_286,random_v1,train,G->A|evm|fund:ga,CTLCOnly,single-level,1,1,1,1,0,1100975,64620,64620,59561,7091,8,0,1286,196,1,1,793,196,1,1,793,4,1,1,229
random_v1_286,random_v1,train,C->D|evm|fund:cd,CTLCOnly,single-level,1,1,1,1,0,1192635,81164,81164,59561,7219,12,0,1638,580,1,1,2157,580,1,1,2157,4,1,1,229
random_v1_286,random_v1,train,C->A|evm|fund:ca,CTLCOnly,single-level,1,1,1,1,0,1100987,64620,64620,59561,7091,8,0,1286,196,1,1,793,196,1,1,793,4,1,1,229
random_v1_286,random_v1,train,B->A|evm|fund:ba,CTLCOnly,single-level,1,1,1,1,0,1100963,64620,64620,59561,7091,8,0,1286,196,1,1,793,196,1,1,793,4,1,1,229
random_v1_286,random_v1,train,D->E|evm|fund:de,CTLCOnly,single-level,1,1,1,1,0,1169723,77001,77001,59561,7187,11,0,1550,484,1,1,1816,484,1,1,1816,4,1,1,229
random_v1_286,random_v1,train,B->F|evm|fund:bf,CTLCOnly,single-level,1,1,1,1,0,1146811,72862,72862,59561,7155,10,0,1462,388,1,1,1475,388,1,1,1475,4,1,1,229
random_v1_286,random_v1,train,E->F|evm|fund:ef,CTLCOnly,single-level,1,1,1,1,0,1146811,72862,72862,59561,7155,10,0,1462,388,1,1,1475,388,1,1,1475,4,1,1,229
random_v1_286,random_v1,train,B->C|evm|fund:bc,CTLCOnly,multi-level,2,1|1,2,1,1,1307818,68747,138251,112508,7411,17,0,2440,292,1,1,1134,712,2,1,2803,40,2,1,534
random_v1_286,random_v1,train,F->G|evm|fund:fg,CTLCOnly,single-level,1,1,1,1,0,1123899,68747,68747,59561,7123,9,0,1374,292,1,1,1134,292,1,1,1134,4,1,1,229
random_v1_286,random_v1,train,B->G|evm|fund:bg,CTLCOnly,single-level,1,1,1,1,0,1123887,68747,68747,59561,7123,9,0,1374,292,1,1,1134,292,1,1,1134,4,1,1,229
random_v1_287,random_v1,train,G->E|evm|fund:ge,CTLCMultipleEdges,multi-level+multi-option,3,3|3|3,9,3,2,2367065,75948,177668,148301,9673,62,0,8715,420,1,1,1597,780,3,1,3265,76,3,1,824
random_v1_287,random_v1,train,D->E|evm|fund:de,CTLCMultipleEdges,multi-level+multi-option,2,1|2,3,2,1,1469700,75948,133204,112464,8201,23,0,3619,420,1,1,1597,552,2,1,2253,40,2,1,524
random_v1_287,random_v1,train,D->A|evm|fund:da,CTLCOnly,single-level,1,1,1,1,0,1100987,64620,64620,59561,7091,8,0,1286,196,1,1,793,196,1,1,793,4,1,1,229
random_v1_287,random_v1,train,C->D|evm|fund:cd,CTLCMultipleEdges,multi-level+multi-option,4,1|1|3|2,7,3,3,2022874,71641,209209,184138,9161,47,0,7323,324,1,1,1241,720,4,1,3209,112,4,1,1124
random_v1_287,random_v1,train,F->A|evm|fund:fa,CTLCOnly,single-level,1,1,1,1,0,1100987,64620,64620,59561,7091,8,0,1286,196,1,1,793,196,1,1,793,4,1,1,229
random_v1_287,random_v1,train,F->G|evm|fund:fg,CTLCMultipleEdges,multi-level+multi-option,2,2|3,5,3,1,1768618,71641,141843,112464,8681,36,0,5197,324,1,1,1241,744,2,1,2965,40,2,1,524
random_v1_287,random_v1,train,D->F|evm|fund:df,CTLCMultipleEdges,multi-level+multi-option,2,1|2,3,2,1,1400952,71641,128885,112464,8105,20,0,3355,324,1,1,1241,456,2,1,1897,40,2,1,524
random_v1_287,random_v1,train,E->B|evm|fund:eb,CTLCMultipleEdges,multi-level+multi-option,3,1|1|2,4,2,2,1768698,80267,177668,148301,8681,36,0,5342,516,1,1,1953,780,3,1,3265,76,3,1,824
random_v1_287,random_v1,train,G->A|evm|fund:ga,CTLCMultipleEdges,single-level+multi-option,1,2,2,2,0,1193626,67334,67334,59539,7753,11,0,1984,228,1,1,885,228,1,1,885,4,1,1,224
random_v1_287,random_v1,train,B->C|evm|fund:bc,CTLCMultipleEdges,multi-level+multi-option,4,1|1|3|2,7,3,3,2183339,75948,213517,184138,9385,54,0,7939,420,1,1,1597,816,4,1,3565,112,4,1,1124
random_v1_287,random_v1,train,E->F|evm|fund:ef,CTLCMultipleEdges,multi-level+multi-option,2,1|2,3,2,1,1400976,71641,128885,112464,8105,20,0,3355,324,1,1,1241,456,2,1,1897,40,2,1,524
random_v1_288,random_v1,train,G->A|evm|fund:ga,CTLCOnly,single-level,1,1,1,1,0,1100975,64620,64620,59561,7091,8,0,1286,196,1,1,793,196,1,1,793,4,1,1,229
random_v1_288,random_v1,train,D->E|evm|fund:de,CTLCMultipleEdges,multi-level+multi-option,2,1|2,3,2,1,1446800,71641,133204,112464,8169,22,0,3531,324,1,1,1241,552,2,1,2253,40,2,1,524
random_v1_288,random_v1,train,E->A|evm|fund:ea,CTLCOnly,single-level,1,1,1,1,0,1100987,64620,64620,59561,7091,8,0,1286,196,1,1,793,196,1,1,793,4,1,1,229
random_v1_288,random_v1,train,C->A|evm|fund:ca,CTLCOnly,single-level,1,1,1,1,0,1100987,64620,64620,59561,7091,8,0,1286,196,1,1,793,196,1,1,793,4,1,1,229
random_v1_288,random_v1,train,C->D|evm|fund:cd,CTLCMultipleEdges,multi-level+multi-option,2,1|2,3,2,1,1515488,75948,137535,112464,8265,25,0,3795,420,1,1,1597,648,2,1,2609,40,2,1,524
random_v1_288,random_v1,train,C->G|evm|fund:cg,CTLCOnly,single-level,1,1,1,1,0,1123887,68747,68747,59561,7123,9,0,1374,292,1,1,1134,292,1,1,1134,4,1,1,229
random_v1_288,random_v1,train,B->C|evm|fund:bc,CTLCMultipleEdges,multi-level+multi-option,4,1|1|1|2,5,2,3,1838600,71641,213505,184138,8841,39,0,6185,324,1,1,1241,816,4,1,3565,112,4,1,1124
random_v1_288,random_v1,train,F->G|evm|fund:fg,CTLCOnly,single-level,1,1,1,1,0,1123899,68747,68747,59561,7123,9,0,1374,292,1,1,1134,292,1,1,1134,4,1,1,229
random_v1_288,random_v1,train,E->F|evm|fund:ef,CTLCMultipleEdges,single-level+multi-option,1,2,2,2,0,1285274,75924,75924,59539,7881,15,0,2336,420,1,1,1597,420,1,1,1597,4,1,1,224
random_v1_289,random_v1,train,G->A|evm|fund:ga,CTLCOnly,single-level,1,1,1,1,0,1100975,64620,64620,59561,7091,8,0,1286,196,1,1,793,196,1,1,793,4,1,1,229
random_v1_289,random_v1,train,D->E|evm|fund:de,CTLCMultipleEdges,multi-level+multi-option,2,2|6,8,6,1,2343002,80267,141831,112464,9577,61,0,8048,516,1,1,1953,744,2,1,2965,40,2,1,524
random_v1_289,random_v1,train,F->B|evm|fund:fb,CTLCMultipleEdges,multi-level+multi-option,2,3|3,6,3,1,1906525,80267,137523,112464,8905,42,0,5942,516,1,1,1953,648,2,1,2609,40,2,1,524
random_v1_289,random_v1,train,C->D|evm|fund:cd,CTLCMultipleEdges,multi-level+multi-option,2,1|2,3,2,1,1515512,75948,137535,112464,8265,25,0,3795,420,1,1,1597,648,2,1,2609,40,2,1,524
random_v1_289,random_v1,train,D->G|evm|fund:dg,CTLCOnly,single-level,1,1,1,1,0,1123899,68747,68747,59561,7123,9,0,1374,292,1,1,1134,292,1,1,1134,4,1,1,229
random_v1_289,random_v1,train,B->F|evm|fund:bf,CTLCOnly,single-level,1,1,1,1,0,1146811,72874,72874,59561,7155,10,0,1462,388,1,1,1475,388,1,1,1475,4,1,1,229
random_v1_289,random_v1,train,C->G|evm|fund:cg,CTLCOnly,single-level,1,1,1,1,0,1123887,68747,68747,59561,7123,9,0,1374,292,1,1,1134,292,1,1,1134,4,1,1,229
random_v1_289,random_v1,train,B->C|evm|fund:bc,CTLCMultipleEdges,multi-level+multi-option,3,3|3|6,12,6,2,2781181,75948,177680,148301,10345,80,0,10950,420,1,1,1597,780,3,1,3265,76,3,1,824
random_v1_289,random_v1,train,F->G|evm|fund:fg,CTLCOnly,single-level,1,1,1,1,0,1123899,68747,68747,59561,7123,9,0,1374,292,1,1,1134,292,1,1,1134,4,1,1,229
random_v1_289,random_v1,train,E->F|evm|fund:ef,CTLCMultipleEdges,multi-level+multi-option,3,1|3|3,7,3,2,2182685,75936,177656,148301,9353,54,0,7577,420,1,1,1597,780,3,1,3265,76,3,1,824
random_v1_29,random_v1,train,G->B|evm|fund:gb,CTLCOnly,single-level,1,1,1,1,0,1146811,72862,72862,59561,7155,10,0,1462,388,1,1,1475,388,1,1,1475,4,1,1,229
random_v1_29,random_v1,train,G->A|evm|fund:ga,CTLCOnly,single-level,1,1,1,1,0,1100975,64620,64620,59561,7091,8,0,1286,196,1,1,793,196,1,1,793,4,1,1,229
random_v1_29,random_v1,train,D->E|evm|fund:de,CTLCMultipleEdges,multi-level+multi-option,3,1|2|1,4,2,2,1677050,75948,177668,148301,8553,32,0,4990,420,1,1,1597,780,3,1,3265,76,3,1,824
random_v1_29,random_v1,train,C->A|evm|fund:ca,CTLCOnly,single-level,1,1,1,1,0,1100987,64620,64620,59561,7091,8,0,1286,196,1,1,793,196,1,1,793,4,1,1,229
random_v1_29,random_v1,train,C->D|evm|fund:cd,CTLCMultipleEdges,single-level+multi-option,1,2,2,2,0,1376934,84598,84598,59539,8009,19,0,2688,612,1,1,2309,612,1,1,2309,4,1,1,224
random_v1_29,random_v1,train,E->C|evm|fund:ec,CTLCOnly,multi-level,2,1|1,2,1,1,1239082,68747,125833,112508,7315,14,0,2176,292,1,1,1134,424,2,1,1780,40,2,1,534
random_v1_29,random_v1,train,B->F|evm|fund:bf,CTLCOnly,single-level,1,1,1,1,0,1146811,72874,72874,59561,7155,10,0,1462,388,1,1,1475,388,1,1,1475,4,1,1,229
random_v1_29,random_v1,train,C->G|evm|fund:cg,CTLCOnly,single-level,1,1,1,1,0,1123899,68747,68747,59561,7123,9,0,1374,292,1,1,1134,292,1,1,1134,4,1,1,229
random_v1_29,random_v1,train,E->F|evm|fund:ef,CTLCOnly,multi-level,2,1|1,2,1,1,1307806,72862,134111,112508,7411,17,0,2440,388,1,1,1475,616,2,1,2462,40,2,1,534
random_v1_29,random_v1,train,B->C|evm|fund:bc,CTLCMultipleEdges,multi-level+multi-option,3,1|1|2,4,2,2,1677062,71641,177680,148301,8553,32,0,4990,324,1,1,1241,780,3,1,3265,76,3,1,824
random_v1_29,random_v1,train,F->G|evm|fund:fg,CTLCOnly,multi-level,2,1|1,2,1,1,1261982,68747,129972,112508,7347,15,0,2264,292,1,1,1134,520,2,1,2121,40,2,1,534
random_v1_290,random_v1,train,D->A|evm|fund:da,CTLCOnly,single-level,1,1,1,1,0,1100987,64620,64620,59561,7091,8,0,1286,196,1,1,793,196,1,1,793,4,1,1,229
random_v1_290,random_v1,train,C->D|evm|fund:cd,CTLCOnly,single-level,1,1,1,1,0,1123887,68747,68747,59561,7123,9,0,1374,292,1,1,1134,292,1,1,1134,4,1,1,229
random_v1_290,random_v1,train,C->A|evm|fund:ca,CTLCOnly,single-level,1,1,1,1,0,1100987,64620,64620,59561,7091,8,0,1286,196,1,1,793,196,1,1,793,4,1,1,229
random_v1_290,random_v1,train,D->C|evm|fund:dc,CTLCOnly,single-level,1,1,1,1,0,1123887,68747,68747,59561,7123,9,0,1374,292,1,1,1134,292,1,1,1134,4,1,1,229
random_v1_290,random_v1,train,B->C|evm|fund:bc,CTLCMultipleEdges,multi-level+multi-option,2,2|2,4,2,1,1470219,71641,128885,112464,8233,23,0,3836,324,1,1,1241,456,2,1,1897,40,2,1,524
random_v1_291,random_v1,train,D->B|evm|fund:db,CTLCOnly,single-level,1,1,1,1,0,1146811,72874,72874,59561,7155,10,0,1462,388,1,1,1475,388,1,1,1475,4,1,1,229
random_v1_291,random_v1,train,G->A|evm|fund:ga,CTLCOnly,single-level,1,1,1,1,0,1100975,64620,64620,59561,7091,8,0,1286,196,1,1,793,196,1,1,793,4,1,1,229
random_v1_291,random_v1,train,D->E|evm|fund:de,CTLCMultipleEdges,multi-level+multi-option,2,4|4,8,4,1,1976335,75948,133204,112464,9065,45,0,6640,420,1,1,1597,552,2,1,2253,40,2,1,524
random_v1_291,random_v1,train,C->A|evm|fund:ca,CTLCOnly,single-level,1,1,1,1,0,1100987,64620,64620,59561,7091,8,0,1286,196,1,1,793,196,1,1,793,4,1,1,229
random_v1_291,random_v1,train,C->D|evm|fund:cd,CTLCMultipleEdges,multi-level+multi-option,3,1|4|4,9,4,2,2298296,75948,173372,148301,9577,59,0,8451,420,1,1,1597,684,3,1,2909,76,3,1,824
random_v1_291,random_v1,train,D->G|evm|fund:dg,CTLCOnly,single-level,1,1,1,1,0,1123899,68747,68747,59561,7123,9,0,1374,292,1,1,1134,292,1,1,1134,4,1,1,229
random_v1_291,random_v1,train,F->A|evm|fund:fa,CTLCOnly,single-level,1,1,1,1,0,1100975,64620,64620,59561,7091,8,0,1286,196,1,1,793,196,1,1,793,4,1,1,229
random_v1_291,random_v1,train,D->C|evm|fund:dc,CTLCOnly,single-level,1,1,1,1,0,1123887,68747,68747,59561,7123,9,0,1374,292,1,1,1134,292,1,1,1134,4,1,1,229
random_v1_291,random_v1,train,B->C|evm|fund:bc,CTLCMultipleEdges,multi-level+multi-option,4,1|1|4|4,10,4,3,2620322,71641,213517,184138,10089,73,0,10262,324,1,1,1241,816,4,1,3565,112,4,1,1124
random_v1_291,random_v1,train,F->G|evm|fund:fg,CTLCOnly,single-level,1,1,1,1,0,1123899,68747,68747,59561,7123,9,0,1374,292,1,1,1134,292,1,1,1134,4,1,1,229
random_v1_291,random_v1,train,E->F|evm|fund:ef,CTLCMultipleEdges,multi-level+multi-option,2,2|2,4,2,1,1470231,71641,128873,112464,8233,23,0,3836,324,1,1,1241,456,2,1,1897,40,2,1,524
random_v1_292,random_v1,train,C->D|evm|fund:cd,CTLCMultipleEdges,single-level+multi-option,1,3,3,3,0,1308717,71641,71641,59539,7945,16,0,2641,324,1,1,1241,324,1,1,1241,4,1,1,224
random_v1_292,random_v1,train,D->A|evm|fund:da,CTLCMultipleEdges,single-level+multi-option,1,3,3,3,0,1239969,67334,67334,59539,7849,13,0,2377,228,1,1,885,228,1,1,885,4,1,1,224
random_v1_292,random_v1,train,C->A|evm|fund:ca,CTLCMultipleEdges,single-level+multi-option,1,2,2,2,0,1193638,67334,67334,59539,7753,11,0,1984,228,1,1,885,228,1,1,885,4,1,1,224
random_v1_292,random_v1,train,B->C|evm|fund:bc,CTLCMultipleEdges,multi-level+multi-option,2,2|3,5,3,1,1562386,71641,128885,112464,8393,27,0,4405,324,1,1,1241,456,2,1,1897,40,2,1,524
random_v1_293,random_v1,train,D->E|evm|fund:de,CTLCMultipleEdges,multi-level+multi-option,2,1|2,3,2,1,1469688,75936,133204,112464,8201,23,0,3619,420,1,1,1597,552,2,1,2253,40,2,1,524
random_v1_293,random_v1,train,C->A|evm|fund:ca,CTLCOnly,single-level,1,1,1,1,0,1100987,64620,64620,59561,7091,8,0,1286,196,1,1,793,196,1,1,793,4,1,1,229
random_v1_293,random_v1,train,C->D|evm|fund:cd,CTLCMultipleEdges,single-level+multi-option,1,2,2,2,0,1331110,80267,80267,59539,7945,17,0,2512,516,1,1,1953,516,1,1,1953,4,1,1,224
random_v1_293,random_v1,train,F->A|evm|fund:fa,CTLCOnly,single-level,1,1,1,1,0,1100987,64620,64620,59561,7091,8,0,1286,196,1,1,793,196,1,1,793,4,1,1,229
random_v1_293,random_v1,train,E->B|evm|fund:eb,CTLCMultipleEdges,single-level+multi-option,1,2,2,2,0,1285274,75948,75948,59539,7881,15,0,2336,420,1,1,1597,420,1,1,1597,4,1,1,224
random_v1_293,random_v1,train,E->F|evm|fund:ef,CTLCOnly,single-level,1,1,1,1,0,1123899,68735,68735,59561,7123,9,0,1374,292,1,1,1134,292,1,1,1134,4,1,1,229
random_v1_293,random_v1,train,B->C|evm|fund:bc,CTLCMultipleEdges,multi-level+multi-option,2,2|4,6,4,1,1837837,71641,137535,112464,8809,39,0,5678,324,1,1,1241,648,2,1,2609,40,2,1,524
random_v1_294,random_v1,train,D->E|evm|fund:de,CTLCMultipleEdges,multi-level+multi-option,2,2|2,4,2,1,1516043,71641,133204,112464,8297,25,0,4012,324,1,1,1241,552,2,1,2253,40,2,1,524
random_v1_294,random_v1,train,E->A|evm|fund:ea,CTLCOnly,single-level,1,1,1,1,0,1100987,64620,64620,59561,7091,8,0,1286,196,1,1,793,196,1,1,793,4,1,1,229
random_v1_294,random_v1,train,C->A|evm|fund:ca,CTLCOnly,single-level,1,1,1,1,0,1100987,64620,64620,59561,7091,8,0,1286,196,1,1,793,196,1,1,793,4,1,1,229
random_v1_294,random_v1,train,C->D|evm|fund:cd,CTLCMultipleEdges,single-level+multi-option,1,2,2,2,0,1285274,75948,75948,59539,7881,15,0,2336,420,1,1,1597,420,1,1,1597,4,1,1,224
random_v1_294,random_v1,train,B->C|evm|fund:bc,CTLCMultipleEdges,multi-level+multi-option,2,1|2,3,2,1,1446788,71641,133204,112464,8169,22,0,3531,324,1,1,1241,552,2,1,2253,40,2,1,524
random_v1_294,random_v1,train,E->B|evm|fund:eb,CTLCOnly,single-level,1,1,1,1,0,1146811,72874,72874,59561,7155,10,0,1462,388,1,1,1475,388,1,1,1475,4,1,1,229
random_v1_295,random_v1,train,D->E|evm|fund:de,CTLCMultipleEdges,multi-level+multi-option,2,1|4,5,4,1,1676946,71641,133204,112464,8553,32,0,4845,324,1,1,1241,552,2,1,2253,40,2,1,524
random_v1_295,random_v1,train,E->A|evm|fund:ea,CTLCOnly,single-level,1,1,1,1,0,1100987,64620,64620,59561,7091,8,0,1286,196,1,1,793,196,1,1,793,4,1,1,229
random_v1_295,random_v1,train,C->A|evm|fund:ca,CTLCOnly,single-level,1,1,1,1,0,1100987,64620,64620,59561,7091,8,0,1286,196,1,1,793,196,1,1,793,4,1,1,229
random_v1_295,random_v1,train,C->D|evm|fund:cd,CTLCMultipleEdges,single-level+multi-option,1,2,2,2,0,1285238,75948,75948,59539,7881,15,0,2336,420,1,1,1597,420,1,1,1597,4,1,1,224
random_v1_295,random_v1,train,E->B|evm|fund:eb,CTLCMultipleEdges,single-level+multi-option,1,4,4,4,0,1469608,75948,75948,59539,8201,23,0,3474,420,1,1,1597,420,1,1,1597,4,1,1,224
random_v1_295,random_v1,train,B->C|evm|fund:bc,CTLCMultipleEdges,multi-level+multi-option,2,2|4,6,4,1,1746201,71641,133204,112464,8681,35,0,5326,324,1,1,1241,552,2,1,2253,40,2,1,524
random_v1_296,random_v1,train,D->A|evm|fund:da,CTLCOnly,single-level,1,1,1,1,0,1100987,64620,64620,59561,7091,8,0,1286,196,1,1,793,196,1,1,793,4,1,1,229
random_v1_296,random_v1,train,E->A|evm|fund:ea,CTLCOnly,single-level,1,1,1,1,0,1100987,64620,64620,59561,7091,8,0,1286,196,1,1,793,196,1,1,793,4,1,1,229
random_v1_296,random_v1,train,F->B|evm|fund:fb,CTLCMultipleEdges,multi-level+multi-option,2,2|1,3,2,1,1515524,80255,137535,112464,8265,25,0,3795,516,1,1,1953,648,2,1,2609,40,2,1,524
random_v1_296,random_v1,train,C->D|evm|fund:cd,CTLCOnly,multi-level,3,1|1|1,3,1,2,1377189,68747,165831,148367,7539,20,0,3066,292,1,1,1134,556,3,1,2426,76,3,1,839
random_v1_296,random_v1,train,F->A|evm|fund:fa,CTLCOnly,single-level,1,1,1,1,0,1100987,64620,64620,59561,7091,8,0,1286,196,1,1,793,196,1,1,793,4,1,1,229
random_v1_296,random_v1,train,D->E|evm|fund:de,CTLCOnly,multi-level,2,1|1,2,1,1,1239082,68747,125821,112508,7315,14,0,2176,292,1,1,1134,424,2,1,1780,40,2,1,534
random_v1_296,random_v1,train,B->F|evm|fund:bf,CTLCOnly,single-level,1,1,1,1,0,1123899,68747,68747,59561,7123,9,0,1374,292,1,1,1134,292,1,1,1134,4,1,1,229
random_v1_296,random_v1,train,C->E|evm|fund:ce,CTLCOnly,multi-level,2,1|1,2,1,1,1239070,68747,125833,112508,7315,14,0,2176,292,1,1,1134,424,2,1,1780,40,2,1,534
random_v1_296,random_v1,train,E->F|evm|fund:ef,CTLCOnly,multi-level,2,1|1,2,1,1,1284906,68735,134123,112508,7379,16,0,2352,292,1,1,1134,616,2,1,2462,40,2,1,534
random_v1_296,random_v1,train,B->C|evm|fund:bc,CTLCMultipleEdges,multi-level+multi-option,3,2|2|1,5,2,2,1746293,75948,173372,148301,8681,35,0,5471,420,1,1,1597,684,3,1,2909,76,3,1,824
random_v1_297,random_v1,train,D->F|evm|fund:df,CTLCOnly,single-level,1,1,1,1,0,1123899,68747,68747,59561,7123,9,0,1374,292,1,1,1134,292,1,1,1134,4,1,1,229
random_v1_297,random_v1,train,C->D|evm|fund:cd,CTLCOnly,multi-level,2,1|1,2,1,1,1284906,72874,129972,112508,7379,16,0,2352,388,1,1,1475,520,2,1,2121,40,2,1,534
random_v1_297,random_v1,train,F->A|evm|fund:fa,CTLCOnly,single-level,1,1,1,1,0,1100987,64620,64620,59561,7091,8,0,1286,196,1,1,793,196,1,1,793,4,1,1,229
random_v1_297,random_v1,train,D->E|evm|fund:de,CTLCOnly,single-level,1,1,1,1,0,1146811,72874,72874,59561,7155,10,0,1462,388,1,1,1475,388,1,1,1475,4,1,1,229
random_v1_297,random_v1,train,E->F|evm|fund:ef,CTLCOnly,single-level,1,1,1,1,0,1123899,68735,68735,59561,7123,9,0,1374,292,1,1,1134,292,1,1,1134,4,1,1,229
random_v1_297,random_v1,train,B->C|evm|fund:bc,CTLCOnly,multi-level,2,1|1,2,1,1,1330718,77013,134123,112508,7443,18,0,2528,484,1,1,1816,616,2,1,2462,40,2,1,534
random_v1_297,random_v1,train,E->B|evm|fund:eb,CTLCOnly,single-level,1,1,1,1,0,1192623,81164,81164,59561,7219,12,0,1638,580,1,1,2157,580,1,1,2157,4,1,1,229
random_v1_298,random_v1,train,C->F|evm|fund:cf,CTLCOnly,single-level,1,1,1,1,0,1123875,68747,68747,59561,7123,9,0,1374,292,1,1,1134,292,1,1,1134,4,1,1,229
random_v1_298,random_v1,train,C->D|evm|fund:cd,CTLCMultipleEdges,single-level+multi-option,1,2,2,2,0,1331098,80267,80267,59539,7945,17,0,2512,516,1,1,1953,516,1,1,1953,4,1,1,224
random_v1_298,random_v1,train,F->A|evm|fund:fa,CTLCOnly,single-level,1,1,1,1,0,1100975,64620,64620,59561,7091,8,0,1286,196,1,1,793,196,1,1,793,4,1,1,229
random_v1_298,random_v1,train,D->E|evm|fund:de,CTLCOnly,single-level,1,1,1,1,0,1146811,72874,72874,59561,7155,10,0,1462,388,1,1,1475,388,1,1,1475,4,1,1,229
random_v1_298,random_v1,train,E->F|evm|fund:ef,CTLCOnly,single-level,1,1,1,1,0,1123899,68735,68735,59561,7123,9,0,1374,292,1,1,1134,292,1,1,1134,4,1,1,229
random_v1_298,random_v1,train,B->C|evm|fund:bc,CTLCMultipleEdges,multi-level+multi-option,2,1|2,3,2,1,1515524,75948,137535,112464,8265,25,0,3795,420,1,1,1597,648,2,1,2609,40,2,1,524
random_v1_299,random_v1,train,E->A|evm|fund:ea,CTLCOnly,single-level,1,1,1,1,0,1100987,64620,64620,59561,7091,8,0,1286,196,1,1,793,196,1,1,793,4,1,1,229
random_v1_299,random_v1,train,C->D|evm|fund:cd,CTLCMultipleEdges,single-level+multi-option,1,2,2,2,0,1285286,75948,75948,59539,7881,15,0,2336,420,1,1,1597,420,1,1,1597,4,1,1,224
random_v1_299,random_v1,train,B->A|evm|fund:ba,CTLCOnly,single-level,1,1,1,1,0,1100987,64620,64620,59561,7091,8,0,1286,196,1,1,793,196,1,1,793,4,1,1,229
random_v1_299,random_v1,train,D->E|evm|fund:de,CTLCOnly,single-level,1,1,1,1,0,1123899,68747,68747,59561,7123,9,0,1374,292,1,1,1134,292,1,1,1134,4,1,1,229
random_v1_299,random_v1,train,B->D|evm|fund:bd,CTLCOnly,single-level,1,1,1,1,0,1146811,72874,72874,59561,7155,10,0,1462,388,1,1,1475,388,1,1,1475,4,1,1,229
random_v1_299,random_v1,train,B->C|evm|fund:bc,CTLCMultipleEdges,single-level+multi-option,1,2,2,2,0,1331086,80267,80267,59539,7945,17,0,2512,516,1,1,1953,516,1,1,1953,4,1,1,224
random_v1_3,random_v1,train,C->F|evm|fund:cf,CTLCOnly,single-level,1,1,1,1,0,1146787,72862,72862,59561,7155,10,0,1462,388,1,1,1475,388,1,1,1475,4,1,1,229
random_v1_3,random_v1,train,D->F|evm|fund:df,CTLCOnly,single-level,1,1,1,1,0,1146799,72874,72874,59561,7155,10,0,1462,388,1,1,1475,388,1,1,1475,4,1,1,229
random_v1_3,random_v1,train,G->A|evm|fund:ga,CTLCOnly,single-level,1,1,1,1,0,1100975,64620,64620,59561,7091,8,0,1286,196,1,1,793,196,1,1,793,4,1,1,229
random_v1_3,random_v1,train,C->D|evm|fund:cd,CTLCOnly,multi-level,2,1|1,2,1,1,1330730,77013,134123,112508,7443,18,0,2528,484,1,1,1816,616,2,1,2462,40,2,1,534
random_v1_3,random_v1,train,D->E|evm|fund:de,CTLCOnly,single-level,1,1,1,1,0,1169723,77001,77001,59561,7187,11,0,1550,484,1,1,1816,484,1,1,1816,4,1,1,229
random_v1_3,random_v1,train,E->F|evm|fund:ef,CTLCOnly,single-level,1,1,1,1,0,1146799,72862,72862,59561,7155,10,0,1462,388,1,1,1475,388,1,1,1475,4,1,1,229
random_v1_3,random_v1,train,B->C|evm|fund:bc,CTLCOnly,multi-level,3,1|1|1,3,1,2,1514649,77013,174110,148367,7731,26,0,3594,484,1,1,1816,748,3,1,3108,76,3,1,839
random_v1_3,random_v1,train,F->G|evm|fund:fg,CTLCOnly,single-level,1,1,1,1,0,1123899,68747,68747,59561,7123,9,0,1374,292,1,1,1134,292,1,1,1134,4,1,1,229
random_v1_30,random_v1,train,D->E|evm|fund:de,CTLCMultipleEdges,single-level+multi-option,1,2,2,2,0,1239450,71629,71629,59539,7817,13,0,2160,324,1,1,1241,324,1,1,1241,4,1,1,224
random_v1_30,random_v1,train,D->A|evm|fund:da,CTLCOnly,single-level,1,1,1,1,0,1100987,64620,64620,59561,7091,8,0,1286,196,1,1,793,196,1,1,793,4,1,1,229
random_v1_30,random_v1,train,E->A|evm|fund:ea,CTLCOnly,single-level,1,1,1,1,0,1100987,64620,64620,59561,7091,8,0,1286,196,1,1,793,196,1,1,793,4,1,1,229
random_v1_30,random_v1,train,C->D|evm|fund:cd,CTLCMultipleEdges,multi-level+multi-option,2,3|6,9,6,1,1908142,71641,128885,112464,9001,42,0,6593,324,1,1,1241,456,2,1,1897,40,2,1,524
random_v1_30,random_v1,train,C->E|evm|fund:ce,CTLCOnly,single-level,1,1,1,1,0,1123899,68747,68747,59561,7123,9,0,1374,292,1,1,1134,292,1,1,1134,4,1,1,229
random_v1_30,random_v1,train,B->C|evm|fund:bc,CTLCMultipleEdges,multi-level+multi-option,2,4|6,10,6,1,2206528,75948,133204,112464,9449,55,0,7954,420,1,1,1597,552,2,1,2253,40,2,1,524
random_v1_300,random_v1,train,E->G|evm|fund:eg,CTLCOnly,single-level,1,1,1,1,0,1123899,68747,68747,59561,7123,9,0,1374,292,1,1,1134,292,1,1,1134,4,1,1,229
random_v1_300,random_v1,train,F->D|evm|fund:fd,CTLCOnly,single-level,1,1,1,1,0,1169723,77013,77013,59561,7187,11,0,1550,484,1,1,1816,484,1,1,1816,4,1,1,229
random_v1_300,random_v1,train,G->A|evm|fund:ga,CTLCOnly,single-level,1,1,1,1,0,1100963,64620,64620,59561,7091,8,0,1286,196,1,1,793,196,1,1,793,4,1,1,229
random_v1_300,random_v1,train,C->D|evm|fund:cd,CTLCOnly,multi-level,2,1|1,2,1,1,1330694,77013,134123,112508,7443,18,0,2528,484,1,1,1816,616,2,1,2462,40,2,1,534
random_v1_300,random_v1,train,D->E|evm|fund:de,CTLCOnly,multi-level,2,1|1,2,1,1,1284894,72874,129972,112508,7379,16,0,2352,388,1,1,1475,520,2,1,2121,40,2,1,534
random_v1_300,random_v1,train,B->D|evm|fund:bd,CTLCOnly,multi-level,2,1|1,2,1,1,1330718,77013,134099,112508,7443,18,0,2528,484,1,1,1816,616,2,1,2462,40,2,1,534
random_v1_300,random_v1,train,E->F|evm|fund:ef,CTLCOnly,single-level,1,1,1,1,0,1146799,72862,72862,59561,7155,10,0,1462,388,1,1,1475,388,1,1,1475,4,1,1,229
random_v1_300,random_v1,train,B->C|evm|fund:bc,CTLCOnly,multi-level,2,1|1,2,1,1,1376542,81164,138251,112508,7507,20,0,2704,580,1,1,2157,712,2,1,2803,40,2,1,534
random_v1_300,random_v1,train,F->G|evm|fund:fg,CTLCOnly,single-level,1,1,1,1,0,1123899,68747,68747,59561,7123,9,0,1374,292,1,1,1134,292,1,1,1134,4,1,1,229
random_v1_300,random_v1,train,B->E|evm|fund:be,CTLCOnly,multi-level,2,1|1,2,1,1,1284894,72874,129972,112508,7379,16,0,2352,388,1,1,1475,520,2,1,2121,40,2,1,534
random_v1_31,random_v1,train,D->F|evm|fund:df,CTLCOnly,multi-level,2,1|1,2,1,1,1239070,68747,125833,112508,7315,14,0,2176,292,1,1,1134,424,2,1,1780,40,2,1,534
random_v1_31,random_v1,train,D->B|evm|fund:db,CTLCOnly,multi-level,2,1|1,2,1,1,1284906,72874,129972,112508,7379,16,0,2352,388,1,1,1475,520,2,1,2121,40,2,1,534
random_v1_31,random_v1,train,E->A|evm|fund:ea,CTLCOnly,single-level,1,1,1,1,0,1100987,64620,64620,59561,7091,8,0,1286,196,1,1,793,196,1,1,793,4,1,1,229
random_v1_31,random_v1,train,C->D|evm|fund:cd,CTLCMultipleEdges,multi-level+multi-option,3,2|3|1,6,3,2,1861360,75948,173372,148301,8873,40,0,6128,420,1,1,1597,684,3,1,2909,76,3,1,824
random_v1_31,random_v1,train,F->A|evm|fund:fa,CTLCOnly,single-level,1,1,1,1,0,1100975,64620,64620,59561,7091,8,0,1286,196,1,1,793,196,1,1,793,4,1,1,229
random_v1_31,random_v1,train,D->E|evm|fund:de,CTLCOnly,multi-level,2,1|1,2,1,1,1239082,68747,125821,112508,7315,14,0,2176,292,1,1,1134,424,2,1,1780,40,2,1,534
random_v1_31,random_v1,train,F->E|evm|fund:fe,CTLCOnly,single-level,1,1,1,1,0,1123887,68735,68735,59561,7123,9,0,1374,292,1,1,1134,292,1,1,1134,4,1,1,229
random_v1_31,random_v1,train,E->F|evm|fund:ef,CTLCOnly,single-level,1,1,1,1,0,1123899,68735,68735,59561,7123,9,0,1374,292,1,1,1134,292,1,1,1134,4,1,1,229
random_v1_31,random_v1,train,B->C|evm|fund:bc,CTLCMultipleEdges,multi-level+multi-option,2,6|6,12,6,1,2665929,80255,137535,112464,10153,75,0,10148,516,1,1,1953,648,2,1,2609,40,2,1,524
random_v1_31,random_v1,train,B->E|evm|fund:be,CTLCOnly,multi-level,2,1|1,2,1,1,1239082,68747,125833,112508,7315,14,0,2176,292,1,1,1134,424,2,1,1780,40,2,1,534
random_v1_32,random_v1,train,E->A|evm|fund:ea,CTLCOnly,single-level,1,1,1,1,0,1100987,64620,64620,59561,7091,8,0,1286,196,1,1,793,196,1,1,793,4,1,1,229
random_v1_32,random_v1,train,C->D|evm|fund:cd,CTLCOnly,multi-level,2,1|1,2,1,1,1284906,72874,129972,112508,7379,16,0,2352,388,1,1,1475,520,2,1,2121,40,2,1,534
random_v1_32,random_v1,train,F->A|evm|fund:fa,CTLCOnly,single-level,1,1,1,1,0,1100987,64620,64620,59561,7091,8,0,1286,196,1,1,793,196,1,1,793,4,1,1,229
random_v1_32,random_v1,train,B->A|evm|fund:ba,CTLCOnly,single-level,1,1,1,1,0,1100987,64620,64620,59561,7091,8,0,1286,196,1,1,793,196,1,1,793,4,1,1,229
random_v1_32,random_v1,train,D->E|evm|fund:de,CTLCOnly,multi-level,2,1|1,2,1,1,1239082,68747,125833,112508,7315,14,0,2176,292,1,1,1134,424,2,1,1780,40,2,1,534
random_v1_32,random_v1,train,E->F|evm|fund:ef,CTLCOnly,single-level,1,1,1,1,0,1123899,68735,68735,59561,7123,9,0,1374,292,1,1,1134,292,1,1,1134,4,1,1,229
random_v1_32,random_v1,train,B->C|evm|fund:bc,CTLCOnly,multi-level,2,1|1,2,1,1,1330718,77013,134123,112508,7443,18,0,2528,484,1,1,1816,616,2,1,2462,40,2,1,534
random_v1_33,random_v1,train,D->F|evm|fund:df,CTLCOnly,single-level,1,1,1,1,0,1123899,68747,68747,59561,7123,9,0,1374,292,1,1,1134,292,1,1,1134,4,1,1,229
random_v1_33,random_v1,train,E->A|evm|fund:ea,CTLCOnly,single-level,1,1,1,1,0,1100987,64620,64620,59561,7091,8,0,1286,196,1,1,793,196,1,1,793,4,1,1,229
random_v1_33,random_v1,train,C->B|evm|fund:cb,CTLCOnly,multi-level,2,1|1,2,1,1,1284906,72874,129972,112508,7379,16,0,2352,388,1,1,1475,520,2,1,2121,40,2,1,534
random_v1_33,random_v1,train,C->D|evm|fund:cd,CTLCMultipleEdges,multi-level+multi-option,2,2|1,3,2,1,1446800,75948,133204,112464,8169,22,0,3531,420,1,1,1597,552,2,1,2253,40,2,1,524
random_v1_33,random_v1,train,E->C|evm|fund:ec,CTLCOnly,single-level,1,1,1,1,0,1169723,77013,77013,59561,7187,11,0,1550,484,1,1,1816,484,1,1,1816,4,1,1,229
random_v1_33,random_v1,train,F->A|evm|fund:fa,CTLCOnly,single-level,1,1,1,1,0,1100987,64620,64620,59561,7091,8,0,1286,196,1,1,793,196,1,1,793,4,1,1,229
random_v1_33,random_v1,train,D->E|evm|fund:de,CTLCOnly,multi-level,2,1|1,2,1,1,1239058,68747,125833,112508,7315,14,0,2176,292,1,1,1134,424,2,1,1780,40,2,1,534
random_v1_33,random_v1,train,C->E|evm|fund:ce,CTLCOnly,multi-level,2,1|1,2,1,1,1239082,68747,125833,112508,7315,14,0,2176,292,1,1,1134,424,2,1,1780,40,2,1,534
random_v1_33,random_v1,train,E->F|evm|fund:ef,CTLCOnly,single-level,1,1,1,1,0,1123875,68735,68735,59561,7123,9,0,1374,292,1,1,1134,292,1,1,1134,4,1,1,229
random_v1_33,random_v1,train,B->C|evm|fund:bc,CTLCMultipleEdges,multi-level+multi-option,3,1|3|1,5,3,2,1769217,75948,173372,148301,8713,36,0,5559,420,1,1,1597,684,3,1,2909,76,3,1,824
random_v1_33,random_v1,train,B->E|evm|fund:be,CTLCOnly,multi-level,3,1|1|1,3,1,2,1400077,68747,169982,148367,7571,21,0,3154,292,1,1,1134,652,3,1,2767,76,3,1,839
random_v1_34,random_v1,train,G->A|evm|fund:ga,CTLCOnly,single-level,1,1,1,1,0,1100975,64620,64620,59561,7091,8,0,1286,196,1,1,793,196,1,1,793,4,1,1,229
random_v1_34,random_v1,train,D->E|evm|fund:de,CTLCMultipleEdges,multi-level+multi-option,2,3|3,6,3,1,1906561,80267,137535,112464,8905,42,0,5942,516,1,1,1953,648,2,1,2609,40,2,1,524
random_v1_34,random_v1,train,C->A|evm|fund:ca,CTLCOnly,single-level,1,1,1,1,0,1100987,64620,64620,59561,7091,8,0,1286,196,1,1,793,196,1,1,793,4,1,1,229
random_v1_34,random_v1,train,C->D|evm|fund:cd,CTLCMultipleEdges,single-level+multi-option,1,3,3,3,0,1514865,84598,84598,59539,8233,25,0,3433,612,1,1,2309,612,1,1,2309,4,1,1,224
random_v1_34,random_v1,train,G->C|evm|fund:gc,CTLCOnly,single-level,1,1,1,1,0,1123899,68723,68723,59561,7123,9,0,1374,292,1,1,1134,292,1,1,1134,4,1,1,229
random_v1_34,random_v1,train,B->F|evm|fund:bf,CTLCOnly,multi-level,2,1|1,2,1,1,1284894,72874,129960,112508,7379,16,0,2352,388,1,1,1475,520,2,1,2121,40,2,1,534
random_v1_34,random_v1,train,E->F|evm|fund:ef,CTLCOnly,multi-level,2,1|1,2,1,1,1284906,72862,129972,112508,7379,16,0,2352,388,1,1,1475,520,2,1,2121,40,2,1,534
random_v1_34,random_v1,train,B->C|evm|fund:bc,CTLCMultipleEdges,multi-level+multi-option,2,1|3,4,3,1,1699351,71641,141843,112464,8553,33,0,4716,324,1,1,1241,744,2,1,2965,40,2,1,524
random_v1_34,random_v1,train,F->G|evm|fund:fg,CTLCOnly,multi-level,2,1|1,2,1,1,1239082,68747,125833,112508,7315,14,0,2176,292,1,1,1134,424,2,1,1780,40,2,1,534
random_v1_34,random_v1,train,B->E|evm|fund:be,CTLCOnly,multi-level,2,1|1,2,1,1,1330706,77001,134123,112508,7443,18,0,2528,484,1,1,1816,616,2,1,2462,40,2,1,534
random_v1_35,random_v1,train,D->A|evm|fund:da,CTLCOnly,single-level,1,1,1,1,0,1100987,64620,64620,59561,7091,8,0,1286,196,1,1,793,196,1,1,793,4,1,1,229
random_v1_35,random_v1,train,C->D|evm|fund:cd,CTLCOnly,single-level,1,1,1,1,0,1123899,68747,68747,59561,7123,9,0,1374,292,1,1,1134,292,1,1,1134,4,1,1,229
random_v1_35,random_v1,train,B->C|evm|fund:bc,CTLCOnly,single-level,1,1,1,1,0,1146787,72874,72874,59561,7155,10,0,1462,388,1,1,1475,388,1,1,1475,4,1,1,229
random_v1_36,random_v1,train,F->D|evm|fund:fd,CTLCOnly,single-level,1,1,1,1,0,1146799,72874,72874,59561,7155,10,0,1462,388,1,1,1475,388,1,1,1475,4,1,1,229
random_v1_36,random_v1,train,G->A|evm|fund:ga,CTLCOnly,single-level,1,1,1,1,0,1100975,64620,64620,59561,7091,8,0,1286,196,1,1,793,196,1,1,793,4,1,1,229
random_v1_36,random_v1,train,E->A|evm|fund:ea,CTLCOnly,single-level,1,1,1,1,0,1100987,64620,64620,59561,7091,8,0,1286,196,1,1,793,196,1,1,793,4,1,1,229
random_v1_36,random_v1,train,C->D|evm|fund:cd,CTLCOnly,multi-level,2,1|1,2,1,1,1307818,72874,134123,112508,7411,17,0,2440,388,1,1,1475,616,2,1,2462,40,2,1,534
random_v1_36,random_v1,train,D->E|evm|fund:de,CTLCOnly,multi-level,2,1|1,2,1,1,1261994,68747,129972,112508,7347,15,0,2264,292,1,1,1134,520,2,1,2121,40,2,1,534
random_v1_36,random_v1,train,C->G|evm|fund:cg,CTLCOnly,single-level,1,1,1,1,0,1123887,68747,68747,59561,7123,9,0,1374,292,1,1,1134,292,1,1,1134,4,1,1,229
random_v1_36,random_v1,train,E->F|evm|fund:ef,CTLCOnly,single-level,1,1,1,1,0,1146811,72850,72850,59561,7155,10,0,1462,388,1,1,1475,388,1,1,1475,4,1,1,229
random_v1_36,random_v1,train,B->C|evm|fund:bc,CTLCOnly,multi-level,3,1|1|1,3,1,2,1468825,72874,174098,148367,7667,24,0,3418,388,1,1,1475,748,3,1,3108,76,3,1,839
random_v1_36,random_v1,train,F->G|evm|fund:fg,CTLCOnly,single-level,1,1,1,1,0,1123899,68747,68747,59561,7123,9,0,1374,292,1,1,1134,292,1,1,1134,4,1,1,229
random_v1_36,random_v1,train,B->E|evm|fund:be,CTLCOnly,multi-level,2,1|1,2,1,1,1261982,68747,129960,112508,7347,15,0,2264,292,1,1,1134,520,2,1,2121,40,2,1,534
random_v1_37,random_v1,train,D->A|evm|fund:da,CTLCOnly,single-level,1,1,1,1,0,1100975,64620,64620,59561,7091,8,0,1286,196,1,1,793,196,1,1,793,4,1,1,229
random_v1_37,random_v1,train,E->A|evm|fund:ea,CTLCOnly,single-level,1,1,1,1,0,1100987,64620,64620,59561,7091,8,0,1286,196,1,1,793,196,1,1,793,4,1,1,229
random_v1_37,random_v1,train,C->D|evm|fund:cd,CTLCOnly,multi-level,2,1|1,2,1,1,1239070,68747,125833,112508,7315,14,0,2176,292,1,1,1134,424,2,1,1780,40,2,1,534
random_v1_37,random_v1,train,B->A|evm|fund:ba,CTLCOnly,single-level,1,1,1,1,0,1100975,64620,64620,59561,7091,8,0,1286,196,1,1,793,196,1,1,793,4,1,1,229
random_v1_37,random_v1,train,D->E|evm|fund:de,CTLCOnly,single-level,1,1,1,1,0,1123887,68747,68747,59561,7123,9,0,1374,292,1,1,1134,292,1,1,1134,4,1,1,229
random_v1_37,random_v1,train,C->E|evm|fund:ce,CTLCOnly,single-level,1,1,1,1,0,1123899,68747,68747,59561,7123,9,0,1374,292,1,1,1134,292,1,1,1134,4,1,1,229
random_v1_37,random_v1,train,B->C|evm|fund:bc,CTLCMultipleEdges,multi-level+multi-option,2,2|1,3,2,1,1446812,75948,133204,112464,8169,22,0,3531,420,1,1,1597,552,2,1,2253,40,2,1,524
random_v1_38,random_v1,train,E->A|evm|fund:ea,CTLCOnly,single-level,1,1,1,1,0,1100987,64620,64620,59561,7091,8,0,1286,196,1,1,793,196,1,1,793,4,1,1,229
random_v1_38,random_v1,train,C->D|evm|fund:cd,CTLCMultipleEdges,single-level+multi-option,1,2,2,2,0,1285286,75948,75948,59539,7881,15,0,2336,420,1,1,1597,420,1,1,1597,4,1,1,224
random_v1_38,random_v1,train,D->E|evm|fund:de,CTLCOnly,single-level,1,1,1,1,0,1123887,68747,68747,59561,7123,9,0,1374,292,1,1,1134,292,1,1,1134,4,1,1,229
random_v1_38,random_v1,train,B->D|evm|fund:bd,CTLCOnly,single-level,1,1,1,1,0,1146811,72850,72850,59561,7155,10,0,1462,388,1,1,1475,388,1,1,1475,4,1,1,229
random_v1_38,random_v1,train,B->C|evm|fund:bc,CTLCMultipleEdges,single-level+multi-option,1,2,2,2,0,1331098,80267,80267,59539,7945,17,0,2512,516,1,1,1953,516,1,1,1953,4,1,1,224
random_v1_39,random_v1,train,E->G|evm|fund:eg,CTLCOnly,single-level,1,1,1,1,0,1123899,68747,68747,59561,7123,9,0,1374,292,1,1,1134,292,1,1,1134,4,1,1,229
random_v1_39,random_v1,train,F->D|evm|fund:fd,CTLCOnly,single-level,1,1,1,1,0,1169723,77013,77013,59561,7187,11,0,1550,484,1,1,1816,484,1,1,1816,4,1,1,229
random_v1_39,random_v1,train,G->A|evm|fund:ga,CTLCOnly,single-level,1,1,1,1,0,1100975,64620,64620,59561,7091,8,0,1286,196,1,1,793,196,1,1,793,4,1,1,229
random_v1_39,random_v1,train,D->E|evm|fund:de,CTLCMultipleEdges,multi-level+multi-option,2,1|2,3,2,1,1469700,75948,133192,112464,8201,23,0,3619,420,1,1,1597,552,2,1,2253,40,2,1,524
random_v1_39,random_v1,train,C->D|evm|fund:cd,CTLCMultipleEdges,multi-level+multi-option,2,1|2,3,2,1,1538424,80267,137535,112464,8297,26,0,3883,516,1,1,1953,648,2,1,2609,40,2,1,524
random_v1_39,random_v1,train,F->G|evm|fund:fg,CTLCMultipleEdges,single-level+multi-option,1,2,2,2,0,1239462,71641,71641,59539,7817,13,0,2160,324,1,1,1241,324,1,1,1241,4,1,1,224
random_v1_39,random_v1,train,B->C|evm|fund:bc,CTLCMultipleEdges,multi-level+multi-option,2,1|2,3,2,1,1607184,84598,141843,112464,8393,29,0,4147,612,1,1,2309,744,2,1,2965,40,2,1,524
random_v1_39,random_v1,train,E->F|evm|fund:ef,CTLCMultipleEdges,single-level+multi-option,1,2,2,2,0,1285274,75936,75936,59539,7881,15,0,2336,420,1,1,1597,420,1,1,1597,4,1,1,224
random_v1_4,random_v1,train,D->E|evm|fund:de,CTLCMultipleEdges,single-level+multi-option,1,2,2,2,0,1331098,80267,80267,59539,7945,17,0,2512,516,1,1,1953,516,1,1,1953,4,1,1,224
random_v1_4,random_v1,train,D->A|evm|fund:da,CTLCOnly,single-level,1,1,1,1,0,1100975,64620,64620,59561,7091,8,0,1286,196,1,1,793,196,1,1,793,4,1,1,229
random_v1_4,random_v1,train,C->D|evm|fund:cd,CTLCMultipleEdges,multi-level+multi-option,3,1|2|2,5,2,2,1769205,71641,173372,148301,8713,36,0,5559,324,1,1,1241,684,3,1,2909,76,3,1,824
random_v1_4,random_v1,train,G->C|evm|fund:gc,CTLCOnly,single-level,1,1,1,1,0,1146799,72850,72850,59561,7155,10,0,1462,388,1,1,1475,388,1,1,1475,4,1,1,229
random_v1_4,random_v1,train,B->A|evm|fund:ba,CTLCOnly,single-level,1,1,1,1,0,1100975,64620,64620,59561,7091,8,0,1286,196,1,1,793,196,1,1,793,4,1,1,229
random_v1_4,random_v1,train,F->G|evm|fund:fg,CTLCMultipleEdges,multi-level+multi-option,2,2|1,3,2,1,1400976,71641,133204,112464,8105,20,0,3355,324,1,1,1241,552,2,1,2253,40,2,1,524
random_v1_4,random_v1,train,B->F|evm|fund:bf,CTLCMultipleEdges,multi-level+multi-option,2,2|1,3,2,1,1469712,75924,137535,112464,8201,23,0,3619,420,1,1,1597,648,2,1,2609,40,2,1,524
random_v1_4,random_v1,train,D->F|evm|fund:df,CTLCMultipleEdges,single-level+multi-option,1,2,2,2,0,1285262,75948,75948,59539,7881,15,0,2336,420,1,1,1597,420,1,1,1597,4,1,1,224
random_v1_4,random_v1,train,G->A|evm|fund:ga,CTLCMultipleEdges,single-level+multi-option,1,2,2,2,0,1193626,67334,67334,59539,7753,11,0,1984,228,1,1,885,228,1,1,885,4,1,1,224
random_v1_4,random_v1,train,B->E|evm|fund:be,CTLCMultipleEdges,multi-level+multi-option,2,2|1,3,2,1,1538448,80255,141843,112464,8297,26,0,3883,516,1,1,1953,744,2,1,2965,40,2,1,524
random_v1_4,random_v1,train,B->C|evm|fund:bc,CTLCMultipleEdges,multi-level+multi-option,3,2|4|4,10,4,2,2573889,75948,177668,148301,9993,71,0,9724,420,1,1,1597,780,3,1,3265,76,3,1,824
random_v1_4,random_v1,train,E->F|evm|fund:ef,CTLCMultipleEdges,multi-level+multi-option,2,2|1,3,2,1,1469724,75948,137523,112464,8201,23,0,3619,420,1,1,1597,648,2,1,2609,40,2,1,524
random_v1_40,random_v1,train,D->A|evm|fund:da,CTLCOnly,single-level,1,1,1,1,0,1100987,64620,64620,59561,7091,8,0,1286,196,1,1,793,196,1,1,793,4,1,1,229
random_v1_40,random_v1,train,C->D|evm|fund:cd,CTLCOnly,single-level,1,1,1,1,0,1123887,68747,68747,59561,7123,9,0,1374,292,1,1,1134,292,1,1,1134,4,1,1,229
random_v1_40,random_v1,train,B->A|evm|fund:ba,CTLCOnly,single-level,1,1,1,1,0,1100987,64620,64620,59561,7091,8,0,1286,196,1,1,793,196,1,1,793,4,1,1,229
random_v1_40,random_v1,train,B->C|evm|fund:bc,CTLCOnly,single-level,1,1,1,1,0,1146787,72874,72874,59561,7155,10,0,1462,388,1,1,1475,388,1,1,1475,4,1,1,229
random_v1_41,random_v1,train,B->D|evm|fund:bd,CTLCMultipleEdges,single-level+multi-option,1,2,2,2,0,1376922,84574,84574,59539,8009,19,0,2688,612,1,1,2309,612,1,1,2309,4,1,1,224
random_v1_41,random_v1,train,G->A|evm|fund:ga,CTLCOnly,single-level,1,1,1,1,0,1100975,64620,64620,59561,7091,8,0,1286,196,1,1,793,196,1,1,793,4,1,1,229
random_v1_41,random_v1,train,D->E|evm|fund:de,CTLCMultipleEdges,single-level+multi-option,1,2,2,2,0,1331098,80267,80267,59539,7945,17,0,2512,516,1,1,1953,516,1,1,1953,4,1,1,224
random_v1_41,random_v1,train,C->D|evm|fund:cd,CTLCMultipleEdges,single-level+multi-option,1,2,2,2,0,1376922,84598,84598,59539,8009,19,0,2688,612,1,1,2309,612,1,1,2309,4,1,1,224
random_v1_41,random_v1,train,B->E|evm|fund:be,CTLCMultipleEdges,single-level+multi-option,1,2,2,2,0,1331086,80267,80267,59539,7945,17,0,2512,516,1,1,1953,516,1,1,1953,4,1,1,224
random_v1_41,random_v1,train,B->C|evm|fund:bc,CTLCMultipleEdges,single-level+multi-option,1,2,2,2,0,1422758,88906,88906,59539,8073,21,0,2864,708,1,1,2665,708,1,1,2665,4,1,1,224
random_v1_41,random_v1,train,F->G|evm|fund:fg,CTLCOnly,single-level,1,1,1,1,0,1123899,68747,68747,59561,7123,9,0,1374,292,1,1,1134,292,1,1,1134,4,1,1,229
random_v1_41,random_v1,train,E->F|evm|fund:ef,CTLCMultipleEdges,single-level+multi-option,1,2,2,2,0,1285286,75936,75936,59539,7881,15,0,2336,420,1,1,1597,420,1,1,1597,4,1,1,224
random_v1_42,random_v1,train,D->A|evm|fund:da,CTLCOnly,single-level,1,1,1,1,0,1100975,64620,64620,59561,7091,8,0,1286,196,1,1,793,196,1,1,793,4,1,1,229
random_v1_42,random_v1,train,C->D|evm|fund:cd,CTLCOnly,single-level,1,1,1,1,0,1123899,68747,68747,59561,7123,9,0,1374,292,1,1,1134,292,1,1,1134,4,1,1,229
random_v1_42,random_v1,train,B->D|evm|fund:bd,CTLCOnly,single-level,1,1,1,1,0,1123899,68747,68747,59561,7123,9,0,1374,292,1,1,1134,292,1,1,1134,4,1,1,229
random_v1_42,random_v1,train,B->C|evm|fund:bc,CTLCMultipleEdges,single-level+multi-option,1,2,2,2,0,1285286,75948,75948,59539,7881,15,0,2336,420,1,1,1597,420,1,1,1597,4,1,1,224
random_v1_43,random_v1,train,G->A|evm|fund:ga,CTLCOnly,single-level,1,1,1,1,0,1100975,64620,64620,59561,7091,8,0,1286,196,1,1,793,196,1,1,793,4,1,1,229
random_v1_43,random_v1,train,D->E|evm|fund:de,CTLCMultipleEdges,multi-level+multi-option,3,2|3|1,6,3,2,1861360,75948,173372,148301,8873,40,0,6128,420,1,1,1597,684,3,1,2909,76,3,1,824
random_v1_43,random_v1,train,D->A|evm|fund:da,CTLCOnly,single-level,1,1,1,1,0,1100987,64620,64620,59561,7091,8,0,1286,196,1,1,793,196,1,1,793,4,1,1,229
random_v1_43,random_v1,train,C->D|evm|fund:cd,CTLCMultipleEdges,multi-level+multi-option,4,1|2|3|1,7,3,3,2114558,71641,213517,184138,9289,51,0,7675,324,1,1,1241,816,4,1,3565,112,4,1,1124
random_v1_43,random_v1,train,E->C|evm|fund:ec,CTLCOnly,single-level,1,1,1,1,0,1146811,72874,72874,59561,7155,10,0,1462,388,1,1,1475,388,1,1,1475,4,1,1,229
random_v1_43,random_v1,train,F->C|evm|fund:fc,CTLCOnly,single-level,1,1,1,1,0,1146811,72874,72874,59561,7155,10,0,1462,388,1,1,1475,388,1,1,1475,4,1,1,229
random_v1_43,random_v1,train,F->A|evm|fund:fa,CTLCOnly,single-level,1,1,1,1,0,1100987,64620,64620,59561,7091,8,0,1286,196,1,1,793,196,1,1,793,4,1,1,229
random_v1_43,random_v1,train,B->F|evm|fund:bf,CTLCOnly,multi-level,3,1|1|1,3,1,2,1377189,68747,165831,148367,7539,20,0,3066,292,1,1,1134,556,3,1,2426,76,3,1,839
random_v1_43,random_v1,train,C->E|evm|fund:ce,CTLCMultipleEdges,multi-level+multi-option,3,2|3|1,6,3,2,1861384,75948,173372,148301,8873,40,0,6128,420,1,1,1597,684,3,1,2909,76,3,1,824
random_v1_43,random_v1,train,E->B|evm|fund:eb,CTLCMultipleEdges,multi-level+multi-option,3,1|2|1,4,2,2,1654114,75948,173372,148301,8521,31,0,4902,420,1,1,1597,684,3,1,2909,76,3,1,824
random_v1_43,random_v1,train,B->E|evm|fund:be,CTLCMultipleEdges,multi-level+multi-option,3,2|3|2,7,3,2,1999375,75948,173372,148301,9097,46,0,6873,420,1,1,1597,684,3,1,2909,76,3,1,824
random_v1_43,random_v1,train,B->C|evm|fund:bc,CTLCMultipleEdges,multi-level+multi-option,4,1|2|4|2,9,4,3,2436429,75948,213517,184138,9801,65,0,9341,420,1,1,1597,816,4,1,3565,112,4,1,1124
random_v1_43,random_v1,train,F->G|evm|fund:fg,CTLCOnly,single-level,1,1,1,1,0,1123899,68747,68747,59561,7123,9,0,1374,292,1,1,1134,292,1,1,1134,4,1,1,229
random_v1_43,random_v1,train,E->F|evm|fund:ef,CTLCMultipleEdges,multi-level+multi-option,3,2|2|2,6,2,2,1746824,71641,169041,148301,8713,35,0,5688,324,1,1,1241,588,3,1,2553,76,3,1,824
random_v1_44,random_v1,train,D->A|evm|fund:da,CTLCOnly,single-level,1,1,1,1,0,1100987,64620,64620,59561,7091,8,0,1286,196,1,1,793,196,1,1,793,4,1,1,229
random_v1_44,random_v1,train,C->B|evm|fund:cb,CTLCOnly,single-level,1,1,1,1,0,1146811,72874,72874,59561,7155,10,0,1462,388,1,1,1475,388,1,1,1475,4,1,1,229
random_v1_44,random_v1,train,C->D|evm|fund:cd,CTLCOnly,single-level,1,1,1,1,0,1123899,68747,68747,59561,7123,9,0,1374,292,1,1,1134,292,1,1,1134,4,1,1,229
random_v1_44,random_v1,train,B->D|evm|fund:bd,CTLCOnly,single-level,1,1,1,1,0,1123899,68747,68747,59561,7123,9,0,1374,292,1,1,1134,292,1,1,1134,4,1,1,229
random_v1_44,random_v1,train,B->C|evm|fund:bc,CTLCMultipleEdges,single-level+multi-option,1,2,2,2,0,1285286,75948,75948,59539,7881,15,0,2336,420,1,1,1597,420,1,1,1597,4,1,1,224
random_v1_45,random_v1,train,D->E|evm|fund:de,CTLCMultipleEdges,single-level+multi-option,1,2,2,2,0,1285286,75948,75948,59539,7881,15,0,2336,420,1,1,1597,420,1,1,1597,4,1,1,224
random_v1_45,random_v1,train,C->D|evm|fund:cd,CTLCMultipleEdges,single-level+multi-option,1,2,2,2,0,1331098,80267,80267,59539,7945,17,0,2512,516,1,1,1953,516,1,1,1953,4,1,1,224
random_v1_45,random_v1,train,F->A|evm|fund:fa,CTLCOnly,single-level,1,1,1,1,0,1100975,64620,64620,59561,7091,8,0,1286,196,1,1,793,196,1,1,793,4,1,1,229
random_v1_45,random_v1,train,E->F|evm|fund:ef,CTLCOnly,single-level,1,1,1,1,0,1123899,68735,68735,59561,7123,9,0,1374,292,1,1,1134,292,1,1,1134,4,1,1,229
random_v1_45,random_v1,train,B->C|evm|fund:bc,CTLCMultipleEdges,single-level+multi-option,1,2,2,2,0,1376922,84598,84598,59539,8009,19,0,2688,612,1,1,2309,612,1,1,2309,4,1,1,224
random_v1_45,random_v1,train,B->E|evm|fund:be,CTLCOnly,single-level,1,1,1,1,0,1146799,72874,72874,59561,7155,10,0,1462,388,1,1,1475,388,1,1,1475,4,1,1,229
random_v1_46,random_v1,train,G->A|evm|fund:ga,CTLCOnly,single-level,1,1,1,1,0,1100975,64620,64620,59561,7091,8,0,1286,196,1,1,793,196,1,1,793,4,1,1,229
random_v1_46,random_v1,train,D->E|evm|fund:de,CTLCMultipleEdges,single-level+multi-option,1,4,4,4,0,1561256,80267,80267,59539,8329,27,0,3826,516,1,1,1953,516,1,1,1953,4,1,1,224
random_v1_46,random_v1,train,D->A|evm|fund:da,CTLCOnly,single-level,1,1,1,1,0,1100975,64620,64620,59561,7091,8,0,1286,196,1,1,793,196,1,1,793,4,1,1,229
random_v1_46,random_v1,train,C->A|evm|fund:ca,CTLCOnly,single-level,1,1,1,1,0,1100987,64620,64620,59561,7091,8,0,1286,196,1,1,793,196,1,1,793,4,1,1,229
random_v1_46,random_v1,train,C->D|evm|fund:cd,CTLCMultipleEdges,multi-level+multi-option,2,1|4,5,4,1,1768594,71641,137535,112464,8681,36,0,5197,324,1,1,1241,648,2,1,2609,40,2,1,524
random_v1_46,random_v1,train,F->G|evm|fund:fg,CTLCMultipleEdges,single-level+multi-option,1,2,2,2,0,1239450,71641,71641,59539,7817,13,0,2160,324,1,1,1241,324,1,1,1241,4,1,1,224
random_v1_46,random_v1,train,C->F|evm|fund:cf,CTLCMultipleEdges,single-level+multi-option,1,2,2,2,0,1285286,75948,75948,59539,7881,15,0,2336,420,1,1,1597,420,1,1,1597,4,1,1,224
random_v1_46,random_v1,train,B->C|evm|fund:bc,CTLCMultipleEdges,multi-level+multi-option,4,2|2|4|8,16,8,3,3311072,71641,213517,184138,11241,103,0,14204,324,1,1,1241,816,4,1,3565,112,4,1,1124
random_v1_46,random_v1,train,E->F|evm|fund:ef,CTLCMultipleEdges,single-level+multi-option,1,4,4,4,0,1469584,75936,75936,59539,8201,23,0,3474,420,1,1,1597,420,1,1,1597,4,1,1,224
random_v1_47,random_v1,train,D->B|evm|fund:db,CTLCOnly,single-level,1,1,1,1,0,1146811,72874,72874,59561,7155,10,0,1462,388,1,1,1475,388,1,1,1475,4,1,1,229
random_v1_47,random_v1,train,D->E|evm|fund:de,CTLCMultipleEdges,multi-level+multi-option,2,2|2,4,2,1,1561867,75948,133204,112464,8361,27,0,4188,420,1,1,1597,552,2,1,2253,40,2,1,524
random_v1_47,random_v1,train,C->D|evm|fund:cd,CTLCMultipleEdges,multi-level+multi-option,2,3|2,5,3,1,1768570,80267,137535,112464,8681,36,0,5197,516,1,1,1953,648,2,1,2609,40,2,1,524
random_v1_47,random_v1,train,F->A|evm|fund:fa,CTLCOnly,single-level,1,1,1,1,0,1100987,64620,64620,59561,7091,8,0,1286,196,1,1,793,196,1,1,793,4,1,1,229
random_v1_47,random_v1,train,B->F|evm|fund:bf,CTLCOnly,single-level,1,1,1,1,0,1123899,68747,68747,59561,7123,9,0,1374,292,1,1,1134,292,1,1,1134,4,1,1,229
random_v1_47,random_v1,train,E->F|evm|fund:ef,CTLCOnly,single-level,1,1,1,1,0,1123899,68735,68735,59561,7123,9,0,1374,292,1,1,1134,292,1,1,1134,4,1,1,229
random_v1_47,random_v1,train,B->C|evm|fund:bc,CTLCMultipleEdges,single-level+multi-option,1,2,2,2,0,1376922,84586,84586,59539,8009,19,0,2688,612,1,1,2309,612,1,1,2309,4,1,1,224
random_v1_47,random_v1,train,E->B|evm|fund:eb,CTLCOnly,single-level,1,1,1,1,0,1146799,72874,72874,59561,7155,10,0,1462,388,1,1,1475,388,1,1,1475,4,1,1,229
random_v1_48,random_v1,train,D->E|evm|fund:de,CTLCMultipleEdges,single-level+multi-option,1,2,2,2,0,1285286,75948,75948,59539,7881,15,0,2336,420,1,1,1597,420,1,1,1597,4,1,1,224
random_v1_48,random_v1,train,C->A|evm|fund:ca,CTLCOnly,single-level,1,1,1,1,0,1100987,64620,64620,59561,7091,8,0,1286,196,1,1,793,196,1,1,793,4,1,1,229
random_v1_48,random_v1,train,C->D|evm|fund:cd,CTLCMultipleEdges,single-level+multi-option,1,6,6,6,0,1791426,80267,80267,59539,8713,37,0,5140,516,1,1,1953,516,1,1,1953,4,1,1,224
random_v1_48,random_v1,train,F->A|evm|fund:fa,CTLCOnly,single-level,1,1,1,1,0,1100987,64620,64620,59561,7091,8,0,1286,196,1,1,793,196,1,1,793,4,1,1,229
random_v1_48,random_v1,train,E->F|evm|fund:ef,CTLCOnly,single-level,1,1,1,1,0,1123899,68735,68735,59561,7123,9,0,1374,292,1,1,1134,292,1,1,1134,4,1,1,229
random_v1_48,random_v1,train,B->C|evm|fund:bc,CTLCMultipleEdges,multi-level+multi-option,2,1|6,7,6,1,2044564,71641,137535,112464,9129,48,0,6687,324,1,1,1241,648,2,1,2609,40,2,1,524
random_v1_48,random_v1,train,B->E|evm|fund:be,CTLCOnly,single-level,1,1,1,1,0,1146799,72874,72874,59561,7155,10,0,1462,388,1,1,1475,388,1,1,1475,4,1,1,229
random_v1_49,random_v1,train,B->D|evm|fund:bd,CTLCMultipleEdges,single-level+multi-option,1,2,2,2,0,1239450,71617,71617,59539,7817,13,0,2160,324,1,1,1241,324,1,1,1241,4,1,1,224
random_v1_49,random_v1,train,D->B|evm|fund:db,CTLCOnly,single-level,1,1,1,1,0,1123899,68747,68747,59561,7123,9,0,1374,292,1,1,1134,292,1,1,1134,4,1,1,229
random_v1_49,random_v1,train,C->D|evm|fund:cd,CTLCMultipleEdges,multi-level+multi-option,2,4|2,6,4,1,1608729,71641,128885,112464,8489,29,0,4798,324,1,1,1241,456,2,1,1897,40,2,1,524
random_v1_49,random_v1,train,B->A|evm|fund:ba,CTLCOnly,single-level,1,1,1,1,0,1100975,64620,64620,59561,7091,8,0,1286,196,1,1,793,196,1,1,793,4,1,1,229
random_v1_49,random_v1,train,D->A|evm|fund:da,CTLCMultipleEdges,single-level+multi-option,1,2,2,2,0,1193626,67334,67334,59539,7753,11,0,1984,228,1,1,885,228,1,1,885,4,1,1,224
random_v1_49,random_v1,train,B->C|evm|fund:bc,CTLCMultipleEdges,single-level+multi-option,1,4,4,4,0,1469584,75948,75948,59539,8201,23,0,3474,420,1,1,1597,420,1,1,1597,4,1,1,224
random_v1_49,random_v1,train,C->B|evm|fund:cb,CTLCMultipleEdges,multi-level+multi-option,2,1|2,3,2,1,1400976,71641,128885,112464,8105,20,0,3355,324,1,1,1241,456,2,1,1897,40,2,1,524
random_v1_5,random_v1,train,D->A|evm|fund:da,CTLCOnly,single-level,1,1,1,1,0,1100987,64620,64620,59561,7091,8,0,1286,196,1,1,793,196,1,1,793,4,1,1,229
random_v1_5,random_v1,train,C->D|evm|fund:cd,CTLCOnly,single-level,1,1,1,1,0,1123887,68747,68747,59561,7123,9,0,1374,292,1,1,1134,292,1,1,1134,4,1,1,229
random_v1_5,random_v1,train,C->A|evm|fund:ca,CTLCOnly,single-level,1,1,1,1,0,1100987,64620,64620,59561,7091,8,0,1286,196,1,1,793,196,1,1,793,4,1,1,229
random_v1_5,random_v1,train,B->D|evm|fund:bd,CTLCOnly,single-level,1,1,1,1,0,1123899,68747,68747,59561,7123,9,0,1374,292,1,1,1134,292,1,1,1134,4,1,1,229
random_v1_5,random_v1,train,B->C|evm|fund:bc,CTLCMultipleEdges,multi-level+multi-option,2,3|3,6,3,1,1631629,71641,128885,112464,8521,30,0,4886,324,1,1,1241,456,2,1,1897,40,2,1,524
random_v1_5,random_v1,train,C->B|evm|fund:cb,CTLCMultipleEdges,single-level+multi-option,1,2,2,2,0,1285286,75948,75948,59539,7881,15,0,2336,420,1,1,1597,420,1,1,1597,4,1,1,224
random_v1_50,random_v1,train,E->G|evm|fund:eg,CTLCOnly,single-level,1,1,1,1,0,1123899,68747,68747,59561,7123,9,0,1374,292,1,1,1134,292,1,1,1134,4,1,1,229
random_v1_50,random_v1,train,G->A|evm|fund:ga,CTLCOnly,single-level,1,1,1,1,0,1100975,64620,64620,59561,7091,8,0,1286,196,1,1,793,196,1,1,793,4,1,1,229
random_v1_50,random_v1,train,D->E|evm|fund:de,CTLCMultipleEdges,multi-level+multi-option,3,1|1|2,4,2,2,1585402,71641,169041,148301,8425,28,0,4638,324,1,1,1241,588,3,1,2553,76,3,1,824
random_v1_50,random_v1,train,E->A|evm|fund:ea,CTLCOnly,single-level,1,1,1,1,0,1100987,64620,64620,59561,7091,8,0,1286,196,1,1,793,196,1,1,793,4,1,1,229
random_v1_50,random_v1,train,C->B|evm|fund:cb,CTLCOnly,single-level,1,1,1,1,0,1123899,68747,68747,59561,7123,9,0,1374,292,1,1,1134,292,1,1,1134,4,1,1,229
random_v1_50,random_v1,train,C->D|evm|fund:cd,CTLCMultipleEdges,multi-level+multi-option,4,2|2|1|2,7,2,3,1954150,71641,209209,184138,9065,44,0,7059,324,1,1,1241,720,4,1,3209,112,4,1,1124
random_v1_50,random_v1,train,D->G|evm|fund:dg,CTLCOnly,single-level,1,1,1,1,0,1123899,68747,68747,59561,7123,9,0,1374,292,1,1,1134,292,1,1,1134,4,1,1,229
random_v1_50,random_v1,train,B->A|evm|fund:ba,CTLCOnly,single-level,1,1,1,1,0,1100963,64620,64620,59561,7091,8,0,1286,196,1,1,793,196,1,1,793,4,1,1,229
random_v1_50,random_v1,train,D->A|evm|fund:da,CTLCMultipleEdges,single-level+multi-option,1,2,2,2,0,1193638,67334,67334,59539,7753,11,0,1984,228,1,1,885,228,1,1,885,4,1,1,224
random_v1_50,random_v1,train,B->C|evm|fund:bc,CTLCMultipleEdges,multi-level+multi-option,4,2|2|1|2,7,2,3,2114558,75948,213505,184138,9289,51,0,7675,420,1,1,1597,816,4,1,3565,112,4,1,1124
random_v1_50,random_v1,train,F->G|evm|fund:fg,CTLCOnly,single-level,1,1,1,1,0,1123887,68747,68747,59561,7123,9,0,1374,292,1,1,1134,292,1,1,1134,4,1,1,229
random_v1_50,random_v1,train,E->F|evm|fund:ef,CTLCMultipleEdges,single-level+multi-option,1,2,2,2,0,1285286,75924,75924,59539,7881,15,0,2336,420,1,1,1597,420,1,1,1597,4,1,1,224
random_v1_51,random_v1,train,D->E|evm|fund:de,CTLCMultipleEdges,single-level+multi-option,1,3,3,3,0,1308705,71641,71641,59539,7945,16,0,2641,324,1,1,1241,324,1,1,1241,4,1,1,224
random_v1_51,random_v1,train,C->D|evm|fund:cd,CTLCMultipleEdges,single-level+multi-option,1,3,3,3,0,1377453,75948,75948,59539,8041,19,0,2905,420,1,1,1597,420,1,1,1597,4,1,1,224
random_v1_51,random_v1,train,E->A|evm|fund:ea,CTLCMultipleEdges,single-level+multi-option,1,3,3,3,0,1239969,67334,67334,59539,7849,13,0,2377,228,1,1,885,228,1,1,885,4,1,1,224
random_v1_51,random_v1,train,B->C|evm|fund:bc,CTLCMultipleEdges,single-level+multi-option,1,3,3,3,0,1446177,80267,80267,59539,8137,22,0,3169,516,1,1,1953,516,1,1,1953,4,1,1,224
random_v1_52,random_v1,train,C->F|evm|fund:cf,CTLCOnly,single-level,1,1,1,1,0,1146811,72874,72874,59561,7155,10,0,1462,388,1,1,1475,388,1,1,1475,4,1,1,229
random_v1_52,random_v1,train,G->A|evm|fund:ga,CTLCOnly,single-level,1,1,1,1,0,1100975,64620,64620,59561,7091,8,0,1286,196,1,1,793,196,1,1,793,4,1,1,229
random_v1_52,random_v1,train,D->A|evm|fund:da,CTLCOnly,single-level,1,1,1,1,0,1100987,64620,64620,59561,7091,8,0,1286,196,1,1,793,196,1,1,793,4,1,1,229
random_v1_52,random_v1,train,C->D|evm|fund:cd,CTLCOnly,multi-level,2,1|1,2,1,1,1284870,68747,134123,112508,7379,16,0,2352,292,1,1,1134,616,2,1,2462,40,2,1,534
random_v1_52,random_v1,train,G->C|evm|fund:gc,CTLCOnly,single-level,1,1,1,1,0,1146811,72850,72850,59561,7155,10,0,1462,388,1,1,1475,388,1,1,1475,4,1,1,229
random_v1_52,random_v1,train,D->E|evm|fund:de,CTLCOnly,single-level,1,1,1,1,0,1169723,77001,77001,59561,7187,11,0,1550,484,1,1,1816,484,1,1,1816,4,1,1,229
random_v1_52,random_v1,train,E->F|evm|fund:ef,CTLCOnly,multi-level,2,1|1,2,1,1,1307818,72850,134123,112508,7411,17,0,2440,388,1,1,1475,616,2,1,2462,40,2,1,534
random_v1_52,random_v1,train,B->C|evm|fund:bc,CTLCOnly,multi-level,3,1|1|1,3,1,2,1468825,72874,174098,148367,7667,24,0,3418,388,1,1,1475,748,3,1,3108,76,3,1,839
random_v1_52,random_v1,train,F->G|evm|fund:fg,CTLCOnly,multi-level,2,1|1,2,1,1,1261994,68747,129972,112508,7347,15,0,2264,292,1,1,1134,520,2,1,2121,40,2,1,534
random_v1_53,random_v1,train,D->E|evm|fund:de,CTLCMultipleEdges,single-level+multi-option,1,2,2,2,0,1239450,71641,71641,59539,7817,13,0,2160,324,1,1,1241,324,1,1,1241,4,1,1,224
random_v1_53,random_v1,train,C->D|evm|fund:cd,CTLCMultipleEdges,single-level+multi-option,1,2,2,2,0,1285274,75948,75948,59539,7881,15,0,2336,420,1,1,1597,420,1,1,1597,4,1,1,224
random_v1_53,random_v1,train,E->A|evm|fund:ea,CTLCMultipleEdges,single-level+multi-option,1,2,2,2,0,1193638,67334,67334,59539,7753,11,0,1984,228,1,1,885,228,1,1,885,4,1,1,224
random_v1_53,random_v1,train,B->C|evm|fund:bc,CTLCMultipleEdges,single-level+multi-option,1,2,2,2,0,1331098,80267,80267,59539,7945,17,0,2512,516,1,1,1953,516,1,1,1953,4,1,1,224
random_v1_54,random_v1,train,D->B|evm|fund:db,CTLCOnly,multi-level,2,1|1,2,1,1,1239082,68747,125833,112508,7315,14,0,2176,292,1,1,1134,424,2,1,1780,40,2,1,534
random_v1_54,random_v1,train,F->C|evm|fund:fc,CTLCMultipleEdges,multi-level+multi-option,3,1|2|1,4,2,2,1745798,80255,177680,148301,8649,35,0,5254,516,1,1,1953,780,3,1,3265,76,3,1,824
random_v1_54,random_v1,train,G->A|evm|fund:ga,CTLCOnly,single-level,1,1,1,1,0,1100975,64620,64620,59561,7091,8,0,1286,196,1,1,793,196,1,1,793,4,1,1,229
random_v1_54,random_v1,train,D->E|evm|fund:de,CTLCMultipleEdges,multi-level+multi-option,2,1|2,3,2,1,1469712,75948,133204,112464,8201,23,0,3619,420,1,1,1597,552,2,1,2253,40,2,1,524
random_v1_54,random_v1,train,C->D|evm|fund:cd,CTLCMultipleEdges,multi-level+multi-option,3,1|2|2,5,2,2,1792093,75948,173372,148301,8745,37,0,5647,420,1,1,1597,684,3,1,2909,76,3,1,824
random_v1_54,random_v1,train,B->A|evm|fund:ba,CTLCOnly,single-level,1,1,1,1,0,1100987,64620,64620,59561,7091,8,0,1286,196,1,1,793,196,1,1,793,4,1,1,229
random_v1_54,random_v1,train,F->E|evm|fund:fe,CTLCOnly,multi-level,2,1|1,2,1,1,1284882,72874,129972,112508,7379,16,0,2352,388,1,1,1475,520,2,1,2121,40,2,1,534
random_v1_54,random_v1,train,E->F|evm|fund:ef,CTLCOnly,multi-level,3,1|1|1,3,1,2,1491749,72862,174098,148367,7699,25,0,3506,388,1,1,1475,748,3,1,3108,76,3,1,839
random_v1_54,random_v1,train,B->C|evm|fund:bc,CTLCOnly,single-level,1,1,1,1,0,1215547,85292,85292,59561,7251,13,0,1726,676,1,1,2498,676,1,1,2498,4,1,1,229
random_v1_54,random_v1,train,E->B|evm|fund:eb,CTLCOnly,multi-level,2,1|1,2,1,1,1239082,68747,125833,112508,7315,14,0,2176,292,1,1,1134,424,2,1,1780,40,2,1,534
random_v1_54,random_v1,train,F->G|evm|fund:fg,CTLCOnly,single-level,1,1,1,1,0,1123899,68747,68747,59561,7123,9,0,1374,292,1,1,1134,292,1,1,1134,4,1,1,229
random_v1_54,random_v1,train,B->G|evm|fund:bg,CTLCOnly,single-level,1,1,1,1,0,1123887,68747,68747,59561,7123,9,0,1374,292,1,1,1134,292,1,1,1134,4,1,1,229
random_v1_55,random_v1,train,D->F|evm|fund:df,CTLCOnly,single-level,1,1,1,1,0,1146811,72874,72874,59561,7155,10,0,1462,388,1,1,1475,388,1,1,1475,4,1,1,229
random_v1_55,random_v1,train,G->A|evm|fund:ga,CTLCOnly,single-level,1,1,1,1,0,1100975,64620,64620,59561,7091,8,0,1286,196,1,1,793,196,1,1,793,4,1,1,229
random_v1_55,random_v1,train,C->D|evm|fund:cd,CTLCOnly,multi-level,3,1|1|1,3,1,2,1445925,72874,169982,148367,7635,23,0,3330,388,1,1,1475,652,3,1,2767,76,3,1,839
random_v1_55,random_v1,train,D->G|evm|fund:dg,CTLCOnly,single-level,1,1,1,1,0,1123899,68735,68735,59561,7123,9,0,1374,292,1,1,1134,292,1,1,1134,4,1,1,229
random_v1_55,random_v1,train,E->C|evm|fund:ec,CTLCOnly,multi-level,2,1|1,2,1,1,1330730,77013,134123,112508,7443,18,0,2528,484,1,1,1816,616,2,1,2462,40,2,1,534
random_v1_55,random_v1,train,E->D|evm|fund:ed,CTLCOnly,multi-level,2,1|1,2,1,1,1284906,72862,129960,112508,7379,16,0,2352,388,1,1,1475,520,2,1,2121,40,2,1,534
random_v1_55,random_v1,train,D->E|evm|fund:de,CTLCOnly,single-level,1,1,1,1,0,1169723,77001,77001,59561,7187,11,0,1550,484,1,1,1816,484,1,1,1816,4,1,1,229
random_v1_55,random_v1,train,B->D|evm|fund:bd,CTLCOnly,multi-level,3,1|1|1,3,1,2,1445913,72874,169958,148367,7635,23,0,3330,388,1,1,1475,652,3,1,2767,76,3,1,839
random_v1_55,random_v1,train,E->F|evm|fund:ef,CTLCOnly,single-level,1,1,1,1,0,1146811,72862,72862,59561,7155,10,0,1462,388,1,1,1475,388,1,1,1475,4,1,1,229
random_v1_55,random_v1,train,B->C|evm|fund:bc,CTLCOnly,multi-level,3,1|1|1,3,1,2,1514625,77013,174110,148367,7731,26,0,3594,484,1,1,1816,748,3,1,3108,76,3,1,839
random_v1_55,random_v1,train,F->G|evm|fund:fg,CTLCOnly,single-level,1,1,1,1,0,1123899,68747,68747,59561,7123,9,0,1374,292,1,1,1134,292,1,1,1134,4,1,1,229
random_v1_56,random_v1,train,D->E|evm|fund:de,CTLCMultipleEdges,single-level+multi-option,1,2,2,2,0,1239450,71641,71641,59539,7817,13,0,2160,324,1,1,1241,324,1,1,1241,4,1,1,224
random_v1_56,random_v1,train,D->A|evm|fund:da,CTLCOnly,single-level,1,1,1,1,0,1100987,64620,64620,59561,7091,8,0,1286,196,1,1,793,196,1,1,793,4,1,1,229
random_v1_56,random_v1,train,C->D|evm|fund:cd,CTLCMultipleEdges,multi-level+multi-option,2,1|2,3,2,1,1400964,71641,128885,112464,8105,20,0,3355,324,1,1,1241,456,2,1,1897,40,2,1,524
random_v1_56,random_v1,train,E->A|evm|fund:ea,CTLCMultipleEdges,single-level+multi-option,1,2,2,2,0,1193638,67334,67334,59539,7753,11,0,1984,228,1,1,885,228,1,1,885,4,1,1,224
random_v1_56,random_v1,train,B->C|evm|fund:bc,CTLCMultipleEdges,multi-level+multi-option,2,1|2,3,2,1,1469700,75948,133204,112464,8201,23,0,3619,420,1,1,1597,552,2,1,2253,40,2,1,524
random_v1_57,random_v1,train,C->D|evm|fund:cd,CTLCOnly,single-level,1,1,1,1,0,1169723,77013,77013,59561,7187,11,0,1550,484,1,1,1816,484,1,1,1816,4,1,1,229
random_v1_57,random_v1,train,F->A|evm|fund:fa,CTLCOnly,single-level,1,1,1,1,0,1100987,64620,64620,59561,7091,8,0,1286,196,1,1,793,196,1,1,793,4,1,1,229
random_v1_57,random_v1,train,D->E|evm|fund:de,CTLCOnly,single-level,1,1,1,1,0,1146811,72874,72874,59561,7155,10,0,1462,388,1,1,1475,388,1,1,1475,4,1,1,229
random_v1_57,random_v1,train,E->F|evm|fund:ef,CTLCOnly,single-level,1,1,1,1,0,1123899,68735,68735,59561,7123,9,0,1374,292,1,1,1134,292,1,1,1134,4,1,1,229
random_v1_57,random_v1,train,B->C|evm|fund:bc,CTLCOnly,single-level,1,1,1,1,0,1192611,81164,81164,59561,7219,12,0,1638,580,1,1,2157,580,1,1,2157,4,1,1,229
random_v1_58,random_v1,train,D->E|evm|fund:de,CTLCMultipleEdges,multi-level+multi-option,2,2|4,6,4,1,1746201,71629,133204,112464,8681,35,0,5326,324,1,1,1241,552,2,1,2253,40,2,1,524
random_v1_58,random_v1,train,C->D|evm|fund:cd,CTLCMultipleEdges,single-level+multi-option,1,2,2,2,0,1285286,75948,75948,59539,7881,15,0,2336,420,1,1,1597,420,1,1,1597,4,1,1,224
random_v1_58,random_v1,train,E->A|evm|fund:ea,CTLCMultipleEdges,single-level+multi-option,1,2,2,2,0,1193638,67334,67334,59539,7753,11,0,1984,228,1,1,885,228,1,1,885,4,1,1,224
random_v1_58,random_v1,train,E->B|evm|fund:eb,CTLCMultipleEdges,single-level+multi-option,1,4,4,4,0,1469596,75948,75948,59539,8201,23,0,3474,420,1,1,1597,420,1,1,1597,4,1,1,224
random_v1_58,random_v1,train,C->A|evm|fund:ca,CTLCMultipleEdges,single-level+multi-option,1,2,2,2,0,1193638,67334,67334,59539,7753,11,0,1984,228,1,1,885,228,1,1,885,4,1,1,224
random_v1_58,random_v1,train,B->C|evm|fund:bc,CTLCMultipleEdges,multi-level+multi-option,2,4|4,8,4,1,1884711,71641,133204,112464,8937,41,0,6288,324,1,1,1241,552,2,1,2253,40,2,1,524
random_v1_59,random_v1,train,D->B|evm|fund:db,CTLCOnly,single-level,1,1,1,1,0,1192635,81164,81164,59561,7219,12,0,1638,580,1,1,2157,580,1,1,2157,4,1,1,229
random_v1_59,random_v1,train,C->D|evm|fund:cd,CTLCMultipleEdges,single-level+multi-option,1,2,2,2,0,1331110,80267,80267,59539,7945,17,0,2512,516,1,1,1953,516,1,1,1953,4,1,1,224
random_v1_59,random_v1,train,F->A|evm|fund:fa,CTLCOnly,single-level,1,1,1,1,0,1100987,64620,64620,59561,7091,8,0,1286,196,1,1,793,196,1,1,793,4,1,1,229
random_v1_59,random_v1,train,D->E|evm|fund:de,CTLCOnly,single-level,1,1,1,1,0,1146799,72874,72874,59561,7155,10,0,1462,388,1,1,1475,388,1,1,1475,4,1,1,229
random_v1_59,random_v1,train,C->E|evm|fund:ce,CTLCOnly,single-level,1,1,1,1,0,1146811,72874,72874,59561,7155,10,0,1462,388,1,1,1475,388,1,1,1475,4,1,1,229
random_v1_59,random_v1,train,E->F|evm|fund:ef,CTLCOnly,single-level,1,1,1,1,0,1123887,68735,68735,59561,7123,9,0,1374,292,1,1,1134,292,1,1,1134,4,1,1,229
random_v1_59,random_v1,train,B->C|evm|fund:bc,CTLCMultipleEdges,multi-level+multi-option,2,1|2,3,2,1,1538424,80267,137535,112464,8297,26,0,3883,516,1,1,1953,648,2,1,2609,40,2,1,524
random_v1_6,random_v1,train,B->D|evm|fund:bd,CTLCMultipleEdges,single-level+multi-option,1,2,2,2,0,1285286,75924,75924,59539,7881,15,0,2336,420,1,1,1597,420,1,1,1597,4,1,1,224
random_v1_6,random_v1,train,E->A|evm|fund:ea,CTLCOnly,single-level,1,1,1,1,0,1100987,64620,64620,59561,7091,8,0,1286,196,1,1,793,196,1,1,793,4,1,1,229
random_v1_6,random_v1,train,C->D|evm|fund:cd,CTLCOnly,single-level,1,1,1,1,0,1146811,72874,72874,59561,7155,10,0,1462,388,1,1,1475,388,1,1,1475,4,1,1,229
random_v1_6,random_v1,train,D->E|evm|fund:de,CTLCOnly,single-level,1,1,1,1,0,1123899,68747,68747,59561,7123,9,0,1374,292,1,1,1134,292,1,1,1134,4,1,1,229
random_v1_6,random_v1,train,B->C|evm|fund:bc,CTLCOnly,single-level,1,1,1,1,0,1169723,77013,77013,59561,7187,11,0,1550,484,1,1,1816,484,1,1,1816,4,1,1,229
random_v1_6,random_v1,train,B->E|evm|fund:be,CTLCOnly,single-level,1,1,1,1,0,1123899,68747,68747,59561,7123,9,0,1374,292,1,1,1134,292,1,1,1134,4,1,1,229
random_v1_60,random_v1,train,B->D|evm|fund:bd,CTLCMultipleEdges,multi-level+multi-option,2,1|2,3,2,1,1400964,71617,128885,112464,8105,20,0,3355,324,1,1,1241,456,2,1,1897,40,2,1,524
random_v1_60,random_v1,train,D->E|evm|fund:de,CTLCMultipleEdges,single-level+multi-option,1,2,2,2,0,1239450,71641,71641,59539,7817,13,0,2160,324,1,1,1241,324,1,1,1241,4,1,1,224
random_v1_60,random_v1,train,D->A|evm|fund:da,CTLCOnly,single-level,1,1,1,1,0,1100987,64620,64620,59561,7091,8,0,1286,196,1,1,793,196,1,1,793,4,1,1,229
random_v1_60,random_v1,train,C->D|evm|fund:cd,CTLCMultipleEdges,multi-level+multi-option,2,1|2,3,2,1,1400976,71641,128885,112464,8105,20,0,3355,324,1,1,1241,456,2,1,1897,40,2,1,524
random_v1_60,random_v1,train,E->C|evm|fund:ec,CTLCOnly,single-level,1,1,1,1,0,1146811,72874,72874,59561,7155,10,0,1462,388,1,1,1475,388,1,1,1475,4,1,1,229
random_v1_60,random_v1,train,E->A|evm|fund:ea,CTLCMultipleEdges,single-level+multi-option,1,2,2,2,0,1193638,67334,67334,59539,7753,11,0,1984,228,1,1,885,228,1,1,885,4,1,1,224
random_v1_60,random_v1,train,B->C|evm|fund:bc,CTLCMultipleEdges,multi-level+multi-option,2,1|2,3,2,1,1469700,75948,133204,112464,8201,23,0,3619,420,1,1,1597,552,2,1,2253,40,2,1,524
random_v1_60,random_v1,train,E->B|evm|fund:eb,CTLCOnly,multi-level,2,1|1,2,1,1,1284906,72862,129972,112508,7379,16,0,2352,388,1,1,1475,520,2,1,2121,40,2,1,534
random_v1_61,random_v1,train,D->F|evm|fund:df,CTLCOnly,single-level,1,1,1,1,0,1146811,72874,72874,59561,7155,10,0,1462,388,1,1,1475,388,1,1,1475,4,1,1,229
random_v1_61,random_v1,train,G->A|evm|fund:ga,CTLCOnly,single-level,1,1,1,1,0,1100975,64620,64620,59561,7091,8,0,1286,196,1,1,793,196,1,1,793,4,1,1,229
random_v1_61,random_v1,train,D->A|evm|fund:da,CTLCOnly,single-level,1,1,1,1,0,1100987,64620,64620,59561,7091,8,0,1286,196,1,1,793,196,1,1,793,4,1,1,229
random_v1_61,random_v1,train,C->D|evm|fund:cd,CTLCOnly,multi-level,3,1|1|1,3,1,2,1422965,68747,169982,148367,7603,22,0,3242,292,1,1,1134,652,3,1,2767,76,3,1,839
random_v1_61,random_v1,train,D->E|evm|fund:de,CTLCOnly,single-level,1,1,1,1,0,1169699,77013,77013,59561,7187,11,0,1550,484,1,1,1816,484,1,1,1816,4,1,1,229
random_v1_61,random_v1,train,E->F|evm|fund:ef,CTLCOnly,single-level,1,1,1,1,0,1146799,72862,72862,59561,7155,10,0,1462,388,1,1,1475,388,1,1,1475,4,1,1,229
random_v1_61,random_v1,train,B->C|evm|fund:bc,CTLCOnly,multi-level,3,1|1|1,3,1,2,1491737,72874,174098,148367,7699,25,0,3506,388,1,1,1475,748,3,1,3108,76,3,1,839
random_v1_61,random_v1,train,E->B|evm|fund:eb,CTLCOnly,multi-level,2,1|1,2,1,1,1353642,77013,138239,112508,7475,19,0,2616,484,1,1,1816,712,2,1,2803,40,2,1,534
random_v1_61,random_v1,train,F->G|evm|fund:fg,CTLCOnly,single-level,1,1,1,1,0,1123899,68747,68747,59561,7123,9,0,1374,292,1,1,1134,292,1,1,1134,4,1,1,229
random_v1_62,random_v1,train,E->A|evm|fund:ea,CTLCOnly,single-level,1,1,1,1,0,1100987,64620,64620,59561,7091,8,0,1286,196,1,1,793,196,1,1,793,4,1,1,229
random_v1_62,random_v1,train,C->D|evm|fund:cd,CTLCOnly,single-level,1,1,1,1,0,1146811,72874,72874,59561,7155,10,0,1462,388,1,1,1475,388,1,1,1475,4,1,1,229
random_v1_62,random_v1,train,D->E|evm|fund:de,CTLCOnly,single-level,1,1,1,1,0,1123899,68747,68747,59561,7123,9,0,1374,292,1,1,1134,292,1,1,1134,4,1,1,229
random_v1_62,random_v1,train,B->C|evm|fund:bc,CTLCOnly,single-level,1,1,1,1,0,1169711,77013,77013,59561,7187,11,0,1550,484,1,1,1816,484,1,1,1816,4,1,1,229
random_v1_63,random_v1,train,C->F|evm|fund:cf,CTLCOnly,single-level,1,1,1,1,0,1123899,68747,68747,59561,7123,9,0,1374,292,1,1,1134,292,1,1,1134,4,1,1,229
random_v1_63,random_v1,train,B->D|evm|fund:bd,CTLCMultipleEdges,multi-level+multi-option,3,2|2|2,6,2,2,1884260,75948,173372,148301,8905,41,0,6216,420,1,1,1597,684,3,1,2909,76,3,1,824
random_v1_63,random_v1,train,D->F|evm|fund:df,CTLCOnly,single-level,1,1,1,1,0,1123899,68747,68747,59561,7123,9,0,1374,292,1,1,1134,292,1,1,1134,4,1,1,229
random_v1_63,random_v1,train,C->D|evm|fund:cd,CTLCOnly,multi-level,2,1|1,2,1,1,1284894,72874,129972,112508,7379,16,0,2352,388,1,1,1475,520,2,1,2121,40,2,1,534
random_v1_63,random_v1,train,E->C|evm|fund:ec,CTLCOnly,multi-level,2,1|1,2,1,1,1284894,72874,129972,112508,7379,16,0,2352,388,1,1,1475,520,2,1,2121,40,2,1,534
random_v1_63,random_v1,train,F->A|evm|fund:fa,CTLCOnly,single-level,1,1,1,1,0,1100987,64620,64620,59561,7091,8,0,1286,196,1,1,793,196,1,1,793,4,1,1,229
random_v1_63,random_v1,train,B->A|evm|fund:ba,CTLCOnly,single-level,1,1,1,1,0,1100987,64620,64620,59561,7091,8,0,1286,196,1,1,793,196,1,1,793,4,1,1,229
random_v1_63,random_v1,train,D->E|evm|fund:de,CTLCOnly,multi-level,2,1|1,2,1,1,1284906,72874,129972,112508,7379,16,0,2352,388,1,1,1475,520,2,1,2121,40,2,1,534
random_v1_63,random_v1,train,E->F|evm|fund:ef,CTLCOnly,single-level,1,1,1,1,0,1123899,68735,68735,59561,7123,9,0,1374,292,1,1,1134,292,1,1,1134,4,1,1,229
random_v1_63,random_v1,train,B->C|evm|fund:bc,CTLCMultipleEdges,multi-level+multi-option,3,2|2|2,6,2,2,1884272,75948,173372,148301,8905,41,0,6216,420,1,1,1597,684,3,1,2909,76,3,1,824
random_v1_64,random_v1,train,D->A|evm|fund:da,CTLCOnly,single-level,1,1,1,1,0,1100987,64620,64620,59561,7091,8,0,1286,196,1,1,793,196,1,1,793,4,1,1,229
random_v1_64,random_v1,train,C->B|evm|fund:cb,CTLCOnly,single-level,1,1,1,1,0,1123899,68747,68747,59561,7123,9,0,1374,292,1,1,1134,292,1,1,1134,4,1,1,229
random_v1_64,random_v1,train,C->D|evm|fund:cd,CTLCMultipleEdges,single-level+multi-option,1,2,2,2,0,1239450,71641,71641,59539,7817,13,0,2160,324,1,1,1241,324,1,1,1241,4,1,1,224
random_v1_64,random_v1,train,B->A|evm|fund:ba,CTLCOnly,single-level,1,1,1,1,0,1100987,64620,64620,59561,7091,8,0,1286,196,1,1,793,196,1,1,793,4,1,1,229
random_v1_64,random_v1,train,D->C|evm|fund:dc,CTLCOnly,single-level,1,1,1,1,0,1146799,72874,72874,59561,7155,10,0,1462,388,1,1,1475,388,1,1,1475,4,1,1,229
random_v1_64,random_v1,train,B->C|evm|fund:bc,CTLCMultipleEdges,single-level+multi-option,1,2,2,2,0,1285286,75948,75948,59539,7881,15,0,2336,420,1,1,1597,420,1,1,1597,4,1,1,224
random_v1_65,random_v1,train,E->G|evm|fund:eg,CTLCOnly,single-level,1,1,1,1,0,1123887,68747,68747,59561,7123,9,0,1374,292,1,1,1134,292,1,1,1134,4,1,1,229
random_v1_65,random_v1,train,G->A|evm|fund:ga,CTLCOnly,single-level,1,1,1,1,0,1100975,64620,64620,59561,7091,8,0,1286,196,1,1,793,196,1,1,793,4,1,1,229
random_v1_65,random_v1,train,D->E|evm|fund:de,CTLCMultipleEdges,multi-level+multi-option,2,2|1,3,2,1,1446812,75948,133204,112464,8169,22,0,3531,420,1,1,1597,552,2,1,2253,40,2,1,524
random_v1_65,random_v1,train,C->D|evm|fund:cd,CTLCMultipleEdges,multi-level+multi-option,3,1|2|1,4,2,2,1654126,75948,173372,148301,8521,31,0,4902,420,1,1,1597,684,3,1,2909,76,3,1,824
random_v1_65,random_v1,train,D->G|evm|fund:dg,CTLCOnly,single-level,1,1,1,1,0,1123899,68735,68735,59561,7123,9,0,1374,292,1,1,1134,292,1,1,1134,4,1,1,229
random_v1_65,random_v1,train,F->C|evm|fund:fc,CTLCOnly,multi-level,2,1|1,2,1,1,1330730,77013,134123,112508,7443,18,0,2528,484,1,1,1816,616,2,1,2462,40,2,1,534
random_v1_65,random_v1,train,F->A|evm|fund:fa,CTLCOnly,single-level,1,1,1,1,0,1100975,64620,64620,59561,7091,8,0,1286,196,1,1,793,196,1,1,793,4,1,1,229
random_v1_65,random_v1,train,B->A|evm|fund:ba,CTLCOnly,single-level,1,1,1,1,0,1100987,64620,64620,59561,7091,8,0,1286,196,1,1,793,196,1,1,793,4,1,1,229
random_v1_65,random_v1,train,E->F|evm|fund:ef,CTLCOnly,multi-level,3,1|1|1,3,1,2,1400101,68747,169970,148367,7571,21,0,3154,292,1,1,1134,652,3,1,2767,76,3,1,839
random_v1_65,random_v1,train,B->C|evm|fund:bc,CTLCMultipleEdges,multi-level+multi-option,3,1|2|1,4,2,2,1745786,80267,177680,148301,8649,35,0,5254,516,1,1,1953,780,3,1,3265,76,3,1,824
random_v1_65,random_v1,train,F->G|evm|fund:fg,CTLCOnly,single-level,1,1,1,1,0,1123899,68747,68747,59561,7123,9,0,1374,292,1,1,1134,292,1,1,1134,4,1,1,229
random_v1_65,random_v1,train,B->G|evm|fund:bg,CTLCOnly,single-level,1,1,1,1,0,1123887,68747,68747,59561,7123,9,0,1374,292,1,1,1134,292,1,1,1134,4,1,1,229
random_v1_66,random_v1,train,D->E|evm|fund:de,CTLCMultipleEdges,single-level+multi-option,1,2,2,2,0,1285286,75948,75948,59539,7881,15,0,2336,420,1,1,1597,420,1,1,1597,4,1,1,224
random_v1_66,random_v1,train,C->D|evm|fund:cd,CTLCMultipleEdges,single-level+multi-option,1,4,4,4,0,1561256,80267,80267,59539,8329,27,0,3826,516,1,1,1953,516,1,1,1953,4,1,1,224
random_v1_66,random_v1,train,F->A|evm|fund:fa,CTLCOnly,single-level,1,1,1,1,0,1100987,64620,64620,59561,7091,8,0,1286,196,1,1,793,196,1,1,793,4,1,1,229
random_v1_66,random_v1,train,E->F|evm|fund:ef,CTLCOnly,single-level,1,1,1,1,0,1123899,68735,68735,59561,7123,9,0,1374,292,1,1,1134,292,1,1,1134,4,1,1,229
random_v1_66,random_v1,train,B->C|evm|fund:bc,CTLCMultipleEdges,single-level+multi-option,1,4,4,4,0,1652892,84598,84598,59539,8457,31,0,4178,612,1,1,2309,612,1,1,2309,4,1,1,224
random_v1_67,random_v1,train,G->A|evm|fund:ga,CTLCOnly,single-level,1,1,1,1,0,1100975,64620,64620,59561,7091,8,0,1286,196,1,1,793,196,1,1,793,4,1,1,229
random_v1_67,random_v1,train,C->D|evm|fund:cd,CTLCMultipleEdges,single-level+multi-option,1,3,3,3,0,1514937,84598,84598,59539,8233,25,0,3433,612,1,1,2309,612,1,1,2309,4,1,1,224
random_v1_67,random_v1,train,D->E|evm|fund:de,CTLCOnly,single-level,1,1,1,1,0,1169723,77013,77013,59561,7187,11,0,1550,484,1,1,1816,484,1,1,1816,4,1,1,229
random_v1_67,random_v1,train,C->E|evm|fund:ce,CTLCOnly,single-level,1,1,1,1,0,1169723,77013,77013,59561,7187,11,0,1550,484,1,1,1816,484,1,1,1816,4,1,1,229
random_v1_67,random_v1,train,D->C|evm|fund:dc,CTLCOnly,single-level,1,1,1,1,0,1192611,81164,81164,59561,7219,12,0,1638,580,1,1,2157,580,1,1,2157,4,1,1,229
random_v1_67,random_v1,train,E->F|evm|fund:ef,CTLCOnly,single-level,1,1,1,1,0,1146811,72862,72862,59561,7155,10,0,1462,388,1,1,1475,388,1,1,1475,4,1,1,229
random_v1_67,random_v1,train,B->C|evm|fund:bc,CTLCMultipleEdges,multi-level+multi-option,2,1|3,4,3,1,1768063,84598,141843,112464,8649,36,0,4980,612,1,1,2309,744,2,1,2965,40,2,1,524
random_v1_67,random_v1,train,F->G|evm|fund:fg,CTLCOnly,single-level,1,1,1,1,0,1123899,68747,68747,59561,7123,9,0,1374,292,1,1,1134,292,1,1,1134,4,1,1,229
random_v1_67,random_v1,train,B->E|evm|fund:be,CTLCOnly,single-level,1,1,1,1,0,1169699,77013,77013,59561,7187,11,0,1550,484,1,1,1816,484,1,1,1816,4,1,1,229
random_v1_68,random_v1,train,B->D|evm|fund:bd,CTLCMultipleEdges,single-level+multi-option,1,3,3,3,0,1446165,80267,80267,59539,8137,22,0,3169,516,1,1,1953,516,1,1,1953,4,1,1,224
random_v1_68,random_v1,train,D->E|evm|fund:de,CTLCMultipleEdges,single-level+multi-option,1,3,3,3,0,1377453,75948,75948,59539,8041,19,0,2905,420,1,1,1597,420,1,1,1597,4,1,1,224
random_v1_68,random_v1,train,C->D|evm|fund:cd,CTLCMultipleEdges,single-level+multi-option,1,6,6,6,0,1791390,80267,80267,59539,8713,37,0,5140,516,1,1,1953,516,1,1,1953,4,1,1,224
random_v1_68,random_v1,train,F->A|evm|fund:fa,CTLCOnly,single-level,1,1,1,1,0,1100987,64620,64620,59561,7091,8,0,1286,196,1,1,793,196,1,1,793,4,1,1,229
random_v1_68,random_v1,train,B->C|evm|fund:bc,CTLCMultipleEdges,single-level+multi-option,1,6,6,6,0,1928862,84598,84598,59539,8905,43,0,5668,612,1,1,2309,612,1,1,2309,4,1,1,224
random_v1_68,random_v1,train,E->F|evm|fund:ef,CTLCMultipleEdges,single-level+multi-option,1,3,3,3,0,1308717,71629,71629,59539,7945,16,0,2641,324,1,1,1241,324,1,1,1241,4,1,1,224
random_v1_69,random_v1,train,E->A|evm|fund:ea,CTLCOnly,single-level,1,1,1,1,0,1100987,64620,64620,59561,7091,8,0,1286,196,1,1,793,196,1,1,793,4,1,1,229
random_v1_69,random_v1,train,C->D|evm|fund:cd,CTLCMultipleEdges,multi-level+multi-option,2,2|1,3,2,1,1378064,71641,128885,112464,8073,19,0,3267,324,1,1,1241,456,2,1,1897,40,2,1,524
random_v1_69,random_v1,train,D->E|evm|fund:de,CTLCOnly,single-level,1,1,1,1,0,1123899,68747,68747,59561,7123,9,0,1374,292,1,1,1134,292,1,1,1134,4,1,1,229
random_v1_69,random_v1,train,D->A|evm|fund:da,CTLCMultipleEdges,single-level+multi-option,1,2,2,2,0,1193626,67334,67334,59539,7753,11,0,1984,228,1,1,885,228,1,1,885,4,1,1,224
random_v1_69,random_v1,train,B->C|evm|fund:bc,CTLCMultipleEdges,multi-level+multi-option,2,2|1,3,2,1,1446800,75948,133204,112464,8169,22,0,3531,420,1,1,1597,552,2,1,2253,40,2,1,524
random_v1_7,random_v1,train,G->B|evm|fund:gb,CTLCMultipleEdges,multi-level+multi-option,2,2|2,4,2,1,1561879,75948,133192,112464,8361,27,0,4188,420,1,1,1597,552,2,1,2253,40,2,1,524
random_v1_7,random_v1,train,G->A|evm|fund:ga,CTLCOnly,single-level,1,1,1,1,0,1100975,64620,64620,59561,7091,8,0,1286,196,1,1,793,196,1,1,793,4,1,1,229
random_v1_7,random_v1,train,D->E|evm|fund:de,CTLCMultipleEdges,multi-level+multi-option,4,1|6|4|12,23,12,3,4506588,75948,213517,184138,13129,155,0,20299,420,1,1,1597,816,4,1,3565,112,4,1,1124
random_v1_7,random_v1,train,D->A|evm|fund:da,CTLCOnly,single-level,1,1,1,1,0,1100987,64620,64620,59561,7091,8,0,1286,196,1,1,793,196,1,1,793,4,1,1,229
random_v1_7,random_v1,train,F->B|evm|fund:fb,CTLCMultipleEdges,multi-level+multi-option,3,1|2|1,4,2,2,1677014,75948,177680,148301,8553,32,0,4990,420,1,1,1597,780,3,1,3265,76,3,1,824
random_v1_7,random_v1,train,C->A|evm|fund:ca,CTLCOnly,single-level,1,1,1,1,0,1100987,64620,64620,59561,7091,8,0,1286,196,1,1,793,196,1,1,793,4,1,1,229
random_v1_7,random_v1,train,C->D|evm|fund:cd,CTLCMultipleEdges,multi-level+multi-option,3,1|1|6,8,6,2,2206082,71641,173372,148301,9417,55,0,7882,324,1,1,1241,684,3,1,2909,76,3,1,824
random_v1_7,random_v1,train,F->G|evm|fund:fg,CTLCMultipleEdges,multi-level+multi-option,3,3|6|6,15,6,2,2920290,71641,173372,148301,10633,86,0,12129,324,1,1,1241,684,3,1,2909,76,3,1,824
random_v1_7,random_v1,train,B->E|evm|fund:be,CTLCMultipleEdges,multi-level+multi-option,2,1|6,7,6,1,1930016,75948,133204,112464,8969,43,0,6247,420,1,1,1597,552,2,1,2253,40,2,1,524
random_v1_7,random_v1,train,B->C|evm|fund:bc,CTLCMultipleEdges,multi-level+multi-option,4,1|1|1|6,9,6,3,2505211,71641,213517,184138,9897,68,0,9605,324,1,1,1241,816,4,1,3565,112,4,1,1124
random_v1_7,random_v1,train,E->F|evm|fund:ef,CTLCMultipleEdges,multi-level+multi-option,4,6|2|14|12,34,14,3,5887590,75936,213517,184138,15401,215,0,27966,420,1,1,1597,816,4,1,3565,112,4,1,1124
random_v1_7,random_v1,train,E->G|evm|fund:eg,CTLCMultipleEdges,multi-level+multi-option,3,1|2|2,5,2,2,1769169,71641,173372,148301,8713,36,0,5559,324,1,1,1241,684,3,1,2909,76,3,1,824
random_v1_70,random_v1,train,C->F|evm|fund:cf,CTLCOnly,single-level,1,1,1,1,0,1123887,68747,68747,59561,7123,9,0,1374,292,1,1,1134,292,1,1,1134,4,1,1,229
random_v1_70,random_v1,train,D->F|evm|fund:df,CTLCOnly,single-level,1,1,1,1,0,1123899,68747,68747,59561,7123,9,0,1374,292,1,1,1134,292,1,1,1134,4,1,1,229
random_v1_70,random_v1,train,D->E|evm|fund:de,CTLCMultipleEdges,single-level+multi-option,1,2,2,2,0,1285274,75948,75948,59539,7881,15,0,2336,420,1,1,1597,420,1,1,1597,4,1,1,224
random_v1_70,random_v1,train,C->D|evm|fund:cd,CTLCMultipleEdges,multi-level+multi-option,2,1|2,3,2,1,1469700,75948,133204,112464,8201,23,0,3619,420,1,1,1597,552,2,1,2253,40,2,1,524
random_v1_70,random_v1,train,E->D|evm|fund:ed,CTLCOnly,single-level,1,1,1,1,0,1146811,72862,72862,59561,7155,10,0,1462,388,1,1,1475,388,1,1,1475,4,1,1,229
random_v1_70,random_v1,train,F->A|evm|fund:fa,CTLCOnly,single-level,1,1,1,1,0,1100975,64620,64620,59561,7091,8,0,1286,196,1,1,793,196,1,1,793,4,1,1,229
random_v1_70,random_v1,train,B->E|evm|fund:be,CTLCMultipleEdges,multi-level+multi-option,2,2|1,3,2,1,1446800,75948,133192,112464,8169,22,0,3531,420,1,1,1597,552,2,1,2253,40,2,1,524
random_v1_70,random_v1,train,B->C|evm|fund:bc,CTLCMultipleEdges,multi-level+multi-option,3,1|1|2,4,2,2,1677038,75948,173372,148301,8553,32,0,4990,420,1,1,1597,684,3,1,2909,76,3,1,824
random_v1_70,random_v1,train,C->B|evm|fund:cb,CTLCMultipleEdges,multi-level+multi-option,2,2|1,3,2,1,1515524,80267,137535,112464,8265,25,0,3795,516,1,1,1953,648,2,1,2609,40,2,1,524
random_v1_70,random_v1,train,E->F|evm|fund:ef,CTLCMultipleEdges,single-level+multi-option,1,2,2,2,0,1239450,71629,71629,59539,7817,13,0,2160,324,1,1,1241,324,1,1,1241,4,1,1,224
random_v1_71,random_v1,train,D->E|evm|fund:de,CTLCMultipleEdges,multi-level+multi-option,2,2|1,3,2,1,1378064,71641,128873,112464,8073,19,0,3267,324,1,1,1241,456,2,1,1897,40,2,1,524
random_v1_71,random_v1,train,C->D|evm|fund:cd,CTLCMultipleEdges,multi-level+multi-option,2,4|2,6,4,1,1746129,75948,133204,112464,8681,35,0,5326,420,1,1,1597,552,2,1,2253,40,2,1,524
random_v1_71,random_v1,train,B->A|evm|fund:ba,CTLCOnly,single-level,1,1,1,1,0,1100987,64620,64620,59561,7091,8,0,1286,196,1,1,793,196,1,1,793,4,1,1,229
random_v1_71,random_v1,train,E->A|evm|fund:ea,CTLCMultipleEdges,single-level+multi-option,1,2,2,2,0,1193638,67334,67334,59539,7753,11,0,1984,228,1,1,885,228,1,1,885,4,1,1,224
random_v1_71,random_v1,train,B->C|evm|fund:bc,CTLCMultipleEdges,single-level+multi-option,1,4,4,4,0,1561244,80267,80267,59539,8329,27,0,3826,516,1,1,1953,516,1,1,1953,4,1,1,224
random_v1_71,random_v1,train,E->B|evm|fund:eb,CTLCOnly,single-level,1,1,1,1,0,1123899,68735,68735,59561,7123,9,0,1374,292,1,1,1134,292,1,1,1134,4,1,1,229
random_v1_72,random_v1,train,C->D|evm|fund:cd,CTLCMultipleEdges,single-level+multi-option,1,2,2,2,0,1239438,71641,71641,59539,7817,13,0,2160,324,1,1,1241,324,1,1,1241,4,1,1,224
random_v1_72,random_v1,train,D->A|evm|fund:da,CTLCMultipleEdges,single-level+multi-option,1,2,2,2,0,1193638,67334,67334,59539,7753,11,0,1984,228,1,1,885,228,1,1,885,4,1,1,224
random_v1_72,random_v1,train,B->C|evm|fund:bc,CTLCMultipleEdges,single-level+multi-option,1,4,4,4,0,1469584,75948,75948,59539,8201,23,0,3474,420,1,1,1597,420,1,1,1597,4,1,1,224
random_v1_73,random_v1,train,D->A|evm|fund:da,CTLCOnly,single-level,1,1,1,1,0,1100987,64620,64620,59561,7091,8,0,1286,196,1,1,793,196,1,1,793,4,1,1,229
random_v1_73,random_v1,train,C->D|evm|fund:cd,CTLCOnly,single-level,1,1,1,1,0,1123899,68747,68747,59561,7123,9,0,1374,292,1,1,1134,292,1,1,1134,4,1,1,229
random_v1_73,random_v1,train,C->A|evm|fund:ca,CTLCOnly,single-level,1,1,1,1,0,1100987,64620,64620,59561,7091,8,0,1286,196,1,1,793,196,1,1,793,4,1,1,229
random_v1_73,random_v1,train,B->D|evm|fund:bd,CTLCOnly,single-level,1,1,1,1,0,1123899,68747,68747,59561,7123,9,0,1374,292,1,1,1134,292,1,1,1134,4,1,1,229
random_v1_73,random_v1,train,B->C|evm|fund:bc,CTLCMultipleEdges,multi-level+multi-option,2,2|2,4,2,1,1470219,71641,128885,112464,8233,23,0,3836,324,1,1,1241,456,2,1,1897,40,2,1,524
random_v1_74,random_v1,train,G->A|evm|fund:ga,CTLCOnly,single-level,1,1,1,1,0,1100975,64620,64620,59561,7091,8,0,1286,196,1,1,793,196,1,1,793,4,1,1,229
random_v1_74,random_v1,train,D->E|evm|fund:de,CTLCMultipleEdges,single-level+multi-option,1,2,2,2,0,1331074,80267,80267,59539,7945,17,0,2512,516,1,1,1953,516,1,1,1953,4,1,1,224
random_v1_74,random_v1,train,C->A|evm|fund:ca,CTLCOnly,single-level,1,1,1,1,0,1100987,64620,64620,59561,7091,8,0,1286,196,1,1,793,196,1,1,793,4,1,1,229
random_v1_74,random_v1,train,C->D|evm|fund:cd,CTLCMultipleEdges,single-level+multi-option,1,2,2,2,0,1376898,84598,84598,59539,8009,19,0,2688,612,1,1,2309,612,1,1,2309,4,1,1,224
random_v1_74,random_v1,train,D->C|evm|fund:dc,CTLCOnly,single-level,1,1,1,1,0,1123875,68747,68747,59561,7123,9,0,1374,292,1,1,1134,292,1,1,1134,4,1,1,229
random_v1_74,random_v1,train,E->F|evm|fund:ef,CTLCOnly,single-level,1,1,1,1,0,1146811,72862,72862,59561,7155,10,0,1462,388,1,1,1475,388,1,1,1475,4,1,1,229
random_v1_74,random_v1,train,B->C|evm|fund:bc,CTLCMultipleEdges,multi-level+multi-option,2,1|2,3,2,1,1538448,71641,141843,112464,8297,26,0,3883,324,1,1,1241,744,2,1,2965,40,2,1,524
random_v1_74,random_v1,train,F->G|evm|fund:fg,CTLCOnly,single-level,1,1,1,1,0,1123899,68747,68747,59561,7123,9,0,1374,292,1,1,1134,292,1,1,1134,4,1,1,229
random_v1_75,random_v1,train,C->D|evm|fund:cd,CTLCOnly,single-level,1,1,1,1,0,1169723,77013,77013,59561,7187,11,0,1550,484,1,1,1816,484,1,1,1816,4,1,1,229
random_v1_75,random_v1,train,F->A|evm|fund:fa,CTLCOnly,single-level,1,1,1,1,0,1100987,64620,64620,59561,7091,8,0,1286,196,1,1,793,196,1,1,793,4,1,1,229
random_v1_75,random_v1,train,D->E|evm|fund:de,CTLCOnly,single-level,1,1,1,1,0,1146811,72874,72874,59561,7155,10,0,1462,388,1,1,1475,388,1,1,1475,4,1,1,229
random_v1_75,random_v1,train,C->E|evm|fund:ce,CTLCOnly,single-level,1,1,1,1,0,1146811,72874,72874,59561,7155,10,0,1462,388,1,1,1475,388,1,1,1475,4,1,1,229
random_v1_75,random_v1,train,D->C|evm|fund:dc,CTLCOnly,single-level,1,1,1,1,0,1169699,77013,77013,59561,7187,11,0,1550,484,1,1,1816,484,1,1,1816,4,1,1,229
random_v1_75,random_v1,train,E->F|evm|fund:ef,CTLCOnly,single-level,1,1,1,1,0,1123887,68735,68735,59561,7123,9,0,1374,292,1,1,1134,292,1,1,1134,4,1,1,229
random_v1_75,random_v1,train,B->C|evm|fund:bc,CTLCOnly,multi-level,2,1|1,2,1,1,1330718,77013,134123,112508,7443,18,0,2528,484,1,1,1816,616,2,1,2462,40,2,1,534
random_v1_76,random_v1,train,D->B|evm|fund:db,CTLCMultipleEdges,multi-level+multi-option,2,1|2,3,2,1,1515536,75948,137535,112464,8265,25,0,3795,420,1,1,1597,648,2,1,2609,40,2,1,524
random_v1_76,random_v1,train,D->E|evm|fund:de,CTLCMultipleEdges,single-level+multi-option,1,4,4,4,0,1469596,75948,75948,59539,8201,23,0,3474,420,1,1,1597,420,1,1,1597,4,1,1,224
random_v1_76,random_v1,train,C->A|evm|fund:ca,CTLCOnly,single-level,1,1,1,1,0,1100987,64620,64620,59561,7091,8,0,1286,196,1,1,793,196,1,1,793,4,1,1,229
random_v1_76,random_v1,train,C->D|evm|fund:cd,CTLCMultipleEdges,single-level+multi-option,1,2,2,2,0,1331110,80267,80267,59539,7945,17,0,2512,516,1,1,1953,516,1,1,1953,4,1,1,224
random_v1_76,random_v1,train,E->C|evm|fund:ec,CTLCOnly,single-level,1,1,1,1,0,1123899,68747,68747,59561,7123,9,0,1374,292,1,1,1134,292,1,1,1134,4,1,1,229
random_v1_76,random_v1,train,E->D|evm|fund:ed,CTLCOnly,multi-level,2,1|1,2,1,1,1284894,72874,129972,112508,7379,16,0,2352,388,1,1,1475,520,2,1,2121,40,2,1,534
random_v1_76,random_v1,train,F->A|evm|fund:fa,CTLCOnly,single-level,1,1,1,1,0,1100987,64620,64620,59561,7091,8,0,1286,196,1,1,793,196,1,1,793,4,1,1,229
random_v1_76,random_v1,train,C->E|evm|fund:ce,CTLCMultipleEdges,single-level+multi-option,1,2,2,2,0,1285274,75948,75948,59539,7881,15,0,2336,420,1,1,1597,420,1,1,1597,4,1,1,224
random_v1_76,random_v1,train,E->F|evm|fund:ef,CTLCOnly,single-level,1,1,1,1,0,1123899,68735,68735,59561,7123,9,0,1374,292,1,1,1134,292,1,1,1134,4,1,1,229
random_v1_76,random_v1,train,B->C|evm|fund:bc,CTLCMultipleEdges,multi-level+multi-option,3,1|2|2,5,2,2,1769193,71641,173360,148301,8713,36,0,5559,324,1,1,1241,684,3,1,2909,76,3,1,824
random_v1_76,random_v1,train,D->C|evm|fund:dc,CTLCMultipleEdges,multi-level+multi-option,2,1|2,3,2,1,1446728,71641,133180,112464,8169,22,0,3531,324,1,1,1241,552,2,1,2253,40,2,1,524
random_v1_77,random_v1,train,G->B|evm|fund:gb,CTLCMultipleEdges,single-level+multi-option,1,2,2,2,0,1376934,84598,84598,59539,8009,19,0,2688,612,1,1,2309,612,1,1,2309,4,1,1,224
random_v1_77,random_v1,train,D->G|evm|fund:dg,CTLCMultipleEdges,multi-level+multi-option,2,1|2,3,2,1,1400964,71641,128873,112464,8105,20,0,3355,324,1,1,1241,456,2,1,1897,40,2,1,524
random_v1_77,random_v1,train,F->C|evm|fund:fc,CTLCMultipleEdges,multi-level+multi-option,2,3|2,5,3,1,1768594,80255,137523,112464,8681,36,0,5197,516,1,1,1953,648,2,1,2609,40,2,1,524
random_v1_77,random_v1,train,G->E|evm|fund:ge,CTLCMultipleEdges,single-level+multi-option,1,2,2,2,0,1239450,71641,71641,59539,7817,13,0,2160,324,1,1,1241,324,1,1,1241,4,1,1,224
random_v1_77,random_v1,train,G->A|evm|fund:ga,CTLCOnly,single-level,1,1,1,1,0,1100975,64620,64620,59561,7091,8,0,1286,196,1,1,793,196,1,1,793,4,1,1,229
random_v1_77,random_v1,train,D->E|evm|fund:de,CTLCMultipleEdges,multi-level+multi-option,2,2|1,3,2,1,1400976,71641,133204,112464,8105,20,0,3355,324,1,1,1241,552,2,1,2253,40,2,1,524
random_v1_77,random_v1,train,C->D|evm|fund:cd,CTLCMultipleEdges,multi-level+multi-option,3,3|2|1,6,3,2,1838472,75948,173372,148301,8841,39,0,6040,420,1,1,1597,684,3,1,2909,76,3,1,824
random_v1_77,random_v1,train,E->C|evm|fund:ec,CTLCOnly,single-level,1,1,1,1,0,1169723,77013,77013,59561,7187,11,0,1550,484,1,1,1816,484,1,1,1816,4,1,1,229
random_v1_77,random_v1,train,G->F|evm|fund:gf,CTLCMultipleEdges,single-level+multi-option,1,2,2,2,0,1376922,84598,84598,59539,8009,19,0,2688,612,1,1,2309,612,1,1,2309,4,1,1,224
random_v1_77,random_v1,train,E->A|evm|fund:ea,CTLCMultipleEdges,single-level+multi-option,1,2,2,2,0,1193638,67334,67334,59539,7753,11,0,1984,228,1,1,885,228,1,1,885,4,1,1,224
random_v1_77,random_v1,train,F->G|evm|fund:fg,CTLCMultipleEdges,multi-level+multi-option,3,1|2|2,5,2,2,1769217,71641,177680,148301,8713,36,0,5559,324,1,1,1241,780,3,1,3265,76,3,1,824
random_v1_77,random_v1,train,E->F|evm|fund:ef,CTLCOnly,multi-level,2,1|1,2,1,1,1307782,72862,134111,112508,7411,17,0,2440,388,1,1,1475,616,2,1,2462,40,2,1,534
random_v1_77,random_v1,train,B->C|evm|fund:bc,CTLCMultipleEdges,multi-level+multi-option,3,3|2|1,6,3,2,1975932,80267,177680,148301,9033,45,0,6568,516,1,1,1953,780,3,1,3265,76,3,1,824
random_v1_78,random_v1,train,B->D|evm|fund:bd,CTLCMultipleEdges,single-level+multi-option,1,4,4,4,0,1469608,75948,75948,59539,8201,23,0,3474,420,1,1,1597,420,1,1,1597,4,1,1,224
random_v1_78,random_v1,train,D->E|evm|fund:de,CTLCMultipleEdges,single-level+multi-option,1,2,2,2,0,1239462,71641,71641,59539,7817,13,0,2160,324,1,1,1241,324,1,1,1241,4,1,1,224
random_v1_78,random_v1,train,E->A|evm|fund:ea,CTLCOnly,single-level,1,1,1,1,0,1100987,64620,64620,59561,7091,8,0,1286,196,1,1,793,196,1,1,793,4,1,1,229
random_v1_78,random_v1,train,C->D|evm|fund:cd,CTLCMultipleEdges,single-level+multi-option,1,4,4,4,0,1469596,75948,75948,59539,8201,23,0,3474,420,1,1,1597,420,1,1,1597,4,1,1,224
random_v1_78,random_v1,train,B->C|evm|fund:bc,CTLCMultipleEdges,single-level+multi-option,1,4,4,4,0,1561256,80267,80267,59539,8329,27,0,3826,516,1,1,1953,516,1,1,1953,4,1,1,224
random_v1_78,random_v1,train,B->E|evm|fund:be,CTLCOnly,single-level,1,1,1,1,0,1123899,68747,68747,59561,7123,9,0,1374,292,1,1,1134,292,1,1,1134,4,1,1,229
random_v1_79,random_v1,train,G->A|evm|fund:ga,CTLCOnly,single-level,1,1,1,1,0,1100975,64620,64620,59561,7091,8,0,1286,196,1,1,793,196,1,1,793,4,1,1,229
random_v1_79,random_v1,train,D->E|evm|fund:de,CTLCMultipleEdges,single-level+multi-option,1,2,2,2,0,1331110,80267,80267,59539,7945,17,0,2512,516,1,1,1953,516,1,1,1953,4,1,1,224
random_v1_79,random_v1,train,G->E|evm|fund:ge,CTLCOnly,single-level,1,1,1,1,0,1169723,77001,77001,59561,7187,11,0,1550,484,1,1,1816,484,1,1,1816,4,1,1,229
random_v1_79,random_v1,train,C->D|evm|fund:cd,CTLCMultipleEdges,multi-level+multi-option,2,4|4,8,4,1,2159626,80267,137535,112464,9321,53,0,7344,516,1,1,1953,648,2,1,2609,40,2,1,524
random_v1_79,random_v1,train,B->A|evm|fund:ba,CTLCOnly,single-level,1,1,1,1,0,1100987,64620,64620,59561,7091,8,0,1286,196,1,1,793,196,1,1,793,4,1,1,229
random_v1_79,random_v1,train,F->B|evm|fund:fb,CTLCOnly,single-level,1,1,1,1,0,1123899,68747,68747,59561,7123,9,0,1374,292,1,1,1134,292,1,1,1134,4,1,1,229
random_v1_79,random_v1,train,D->F|evm|fund:df,CTLCMultipleEdges,single-level+multi-option,1,2,2,2,0,1285286,75948,75948,59539,7881,15,0,2336,420,1,1,1597,420,1,1,1597,4,1,1,224
random_v1_79,random_v1,train,B->C|evm|fund:bc,CTLCMultipleEdges,multi-level+multi-option,2,2|2,4,2,1,1745175,84586,141843,112464,8617,35,0,4892,612,1,1,2309,744,2,1,2965,40,2,1,524
random_v1_79,random_v1,train,F->G|evm|fund:fg,CTLCOnly,single-level,1,1,1,1,0,1123887,68747,68747,59561,7123,9,0,1374,292,1,1,1134,292,1,1,1134,4,1,1,229
random_v1_79,random_v1,train,B->E|evm|fund:be,CTLCOnly,single-level,1,1,1,1,0,1169723,77001,77001,59561,7187,11,0,1550,484,1,1,1816,484,1,1,1816,4,1,1,229
random_v1_79,random_v1,train,E->F|evm|fund:ef,CTLCMultipleEdges,single-level+multi-option,1,2,2,2,0,1285286,75948,75948,59539,7881,15,0,2336,420,1,1,1597,420,1,1,1597,4,1,1,224
random_v1_8,random_v1,train,E->G|evm|fund:eg,CTLCOnly,single-level,1,1,1,1,0,1123875,68747,68747,59561,7123,9,0,1374,292,1,1,1134,292,1,1,1134,4,1,1,229
random_v1_8,random_v1,train,G->A|evm|fund:ga,CTLCOnly,single-level,1,1,1,1,0,1100975,64620,64620,59561,7091,8,0,1286,196,1,1,793,196,1,1,793,4,1,1,229
random_v1_8,random_v1,train,E->A|evm|fund:ea,CTLCOnly,single-level,1,1,1,1,0,1100975,64620,64620,59561,7091,8,0,1286,196,1,1,793,196,1,1,793,4,1,1,229
random_v1_8,random_v1,train,C->D|evm|fund:cd,CTLCOnly,multi-level,3,1|1|1,3,1,2,1445889,72874,169982,148367,7635,23,0,3330,388,1,1,1475,652,3,1,2767,76,3,1,839
random_v1_8,random_v1,train,D->E|evm|fund:de,CTLCOnly,multi-level,3,1|1|1,3,1,2,1377177,68747,165831,148367,7539,20,0,3066,292,1,1,1134,556,3,1,2426,76,3,1,839
random_v1_8,random_v1,train,C->E|evm|fund:ce,CTLCOnly,multi-level,3,1|1|1,3,1,2,1377189,68747,165819,148367,7539,20,0,3066,292,1,1,1134,556,3,1,2426,76,3,1,839
random_v1_8,random_v1,train,C->G|evm|fund:cg,CTLCOnly,single-level,1,1,1,1,0,1123899,68747,68747,59561,7123,9,0,1374,292,1,1,1134,292,1,1,1134,4,1,1,229
random_v1_8,random_v1,train,E->F|evm|fund:ef,CTLCOnly,single-level,1,1,1,1,0,1146811,72850,72850,59561,7155,10,0,1462,388,1,1,1475,388,1,1,1475,4,1,1,229
random_v1_8,random_v1,train,B->C|evm|fund:bc,CTLCMultipleEdges,multi-level+multi-option,4,2|2|2|1,7,2,3,2091634,75948,213517,184138,9257,50,0,7587,420,1,1,1597,816,4,1,3565,112,4,1,1124
random_v1_8,random_v1,train,F->G|evm|fund:fg,CTLCOnly,single-level,1,1,1,1,0,1123899,68747,68747,59561,7123,9,0,1374,292,1,1,1134,292,1,1,1134,4,1,1,229
random_v1_8,random_v1,train,B->G|evm|fund:bg,CTLCOnly,single-level,1,1,1,1,0,1123887,68747,68747,59561,7123,9,0,1374,292,1,1,1134,292,1,1,1134,4,1,1,229
random_v1_80,random_v1,train,D->E|evm|fund:de,CTLCMultipleEdges,single-level+multi-option,1,2,2,2,0,1239438,71641,71641,59539,7817,13,0,2160,324,1,1,1241,324,1,1,1241,4,1,1,224
random_v1_80,random_v1,train,C->A|evm|fund:ca,CTLCOnly,single-level,1,1,1,1,0,1100987,64620,64620,59561,7091,8,0,1286,196,1,1,793,196,1,1,793,4,1,1,229
random_v1_80,random_v1,train,C->D|evm|fund:cd,CTLCMultipleEdges,single-level+multi-option,1,2,2,2,0,1285274,75948,75948,59539,7881,15,0,2336,420,1,1,1597,420,1,1,1597,4,1,1,224
random_v1_80,random_v1,train,E->A|evm|fund:ea,CTLCMultipleEdges,single-level+multi-option,1,2,2,2,0,1193626,67334,67334,59539,7753,11,0,1984,228,1,1,885,228,1,1,885,4,1,1,224
random_v1_80,random_v1,train,D->C|evm|fund:dc,CTLCOnly,single-level,1,1,1,1,0,1123899,68747,68747,59561,7123,9,0,1374,292,1,1,1134,292,1,1,1134,4,1,1,229
random_v1_80,random_v1,train,B->C|evm|fund:bc,CTLCMultipleEdges,multi-level+multi-option,2,1|2,3,2,1,1446788,71641,133204,112464,8169,22,0,3531,324,1,1,1241,552,2,1,2253,40,2,1,524
random_v1_81,random_v1,train,D->A|evm|fund:da,CTLCOnly,single-level,1,1,1,1,0,1100987,64620,64620,59561,7091,8,0,1286,196,1,1,793,196,1,1,793,4,1,1,229
random_v1_81,random_v1,train,C->D|evm|fund:cd,CTLCMultipleEdges,single-level+multi-option,1,2,2,2,0,1239462,71641,71641,59539,7817,13,0,2160,324,1,1,1241,324,1,1,1241,4,1,1,224
random_v1_81,random_v1,train,B->A|evm|fund:ba,CTLCOnly,single-level,1,1,1,1,0,1100975,64620,64620,59561,7091,8,0,1286,196,1,1,793,196,1,1,793,4,1,1,229
random_v1_81,random_v1,train,B->C|evm|fund:bc,CTLCMultipleEdges,single-level+multi-option,1,2,2,2,0,1285274,75948,75948,59539,7881,15,0,2336,420,1,1,1597,420,1,1,1597,4,1,1,224
random_v1_82,random_v1,train,D->E|evm|fund:de,CTLCMultipleEdges,multi-level+multi-option,2,2|2,4,2,1,1561867,75948,133204,112464,8361,27,0,4188,420,1,1,1597,552,2,1,2253,40,2,1,524
random_v1_82,random_v1,train,D->A|evm|fund:da,CTLCOnly,single-level,1,1,1,1,0,1100975,64620,64620,59561,7091,8,0,1286,196,1,1,793,196,1,1,793,4,1,1,229
random_v1_82,random_v1,train,C->D|evm|fund:cd,CTLCMultipleEdges,multi-level+multi-option,2,1|2,3,2,1,1446800,71641,133204,112464,8169,22,0,3531,324,1,1,1241,552,2,1,2253,40,2,1,524
random_v1_82,random_v1,train,E->C|evm|fund:ec,CTLCMultipleEdges,single-level+multi-option,1,3,3,3,0,1377453,75948,75948,59539,8041,19,0,2905,420,1,1,1597,420,1,1,1597,4,1,1,224
random_v1_82,random_v1,train,B->F|evm|fund:bf,CTLCMultipleEdges,single-level+multi-option,1,2,2,2,0,1239462,71641,71641,59539,7817,13,0,2160,324,1,1,1241,324,1,1,1241,4,1,1,224
random_v1_82,random_v1,train,F->A|evm|fund:fa,CTLCMultipleEdges,single-level+multi-option,1,2,2,2,0,1193638,67334,67334,59539,7753,11,0,1984,228,1,1,885,228,1,1,885,4,1,1,224
random_v1_82,random_v1,train,C->F|evm|fund:cf,CTLCMultipleEdges,single-level+multi-option,1,2,2,2,0,1239462,71641,71641,59539,7817,13,0,2160,324,1,1,1241,324,1,1,1241,4,1,1,224
random_v1_82,random_v1,train,B->C|evm|fund:bc,CTLCMultipleEdges,multi-level+multi-option,2,6|4,10,6,1,2252366,75948,137535,112464,9513,57,0,8130,420,1,1,1597,648,2,1,2609,40,2,1,524
random_v1_82,random_v1,train,E->F|evm|fund:ef,CTLCMultipleEdges,single-level+multi-option,1,2,2,2,0,1239462,71629,71629,59539,7817,13,0,2160,324,1,1,1241,324,1,1,1241,4,1,1,224
random_v1_83,random_v1,train,F->C|evm|fund:fc,CTLCMultipleEdges,single-level+multi-option,1,2,2,2,0,1331110,80255,80255,59539,7945,17,0,2512,516,1,1,1953,516,1,1,1953,4,1,1,224
random_v1_83,random_v1,train,G->A|evm|fund:ga,CTLCOnly,single-level,1,1,1,1,0,1100963,64620,64620,59561,7091,8,0,1286,196,1,1,793,196,1,1,793,4,1,1,229
random_v1_83,random_v1,train,D->E|evm|fund:de,CTLCMultipleEdges,multi-level+multi-option,2,2|2,4,2,1,1516055,71641,133192,112464,8297,25,0,4012,324,1,1,1241,552,2,1,2253,40,2,1,524
random_v1_83,random_v1,train,F->B|evm|fund:fb,CTLCMultipleEdges,single-level+multi-option,1,2,2,2,0,1376922,84586,84586,59539,8009,19,0,2688,612,1,1,2309,612,1,1,2309,4,1,1,224
random_v1_83,random_v1,train,C->D|evm|fund:cd,CTLCMultipleEdges,multi-level+multi-option,2,2|2,4,2,1,1607703,75948,137535,112464,8425,29,0,4364,420,1,1,1597,648,2,1,2609,40,2,1,524
random_v1_83,random_v1,train,E->A|evm|fund:ea,CTLCMultipleEdges,single-level+multi-option,1,2,2,2,0,1193638,67334,67334,59539,7753,11,0,1984,228,1,1,885,228,1,1,885,4,1,1,224
random_v1_83,random_v1,train,F->G|evm|fund:fg,CTLCMultipleEdges,single-level+multi-option,1,2,2,2,0,1239462,71641,71641,59539,7817,13,0,2160,324,1,1,1241,324,1,1,1241,4,1,1,224
random_v1_83,random_v1,train,B->C|evm|fund:bc,CTLCMultipleEdges,multi-level+multi-option,2,2|2,4,2,1,1699339,80267,141843,112464,8553,33,0,4716,516,1,1,1953,744,2,1,2965,40,2,1,524
random_v1_83,random_v1,train,E->F|evm|fund:ef,CTLCMultipleEdges,single-level+multi-option,1,2,2,2,0,1285286,75936,75936,59539,7881,15,0,2336,420,1,1,1597,420,1,1,1597,4,1,1,224
random_v1_84,random_v1,train,G->A|evm|fund:ga,CTLCOnly,single-level,1,1,1,1,0,1100975,64620,64620,59561,7091,8,0,1286,196,1,1,793,196,1,1,793,4,1,1,229
random_v1_84,random_v1,train,D->E|evm|fund:de,CTLCMultipleEdges,single-level+multi-option,1,5,5,5,0,1676347,80267,80267,59539,8521,32,0,4483,516,1,1,1953,516,1,1,1953,4,1,1,224
random_v1_84,random_v1,train,C->D|evm|fund:cd,CTLCMultipleEdges,single-level+multi-option,1,5,5,5,0,1790871,84598,84598,59539,8681,37,0,4923,612,1,1,2309,612,1,1,2309,4,1,1,224
random_v1_84,random_v1,train,F->G|evm|fund:fg,CTLCMultipleEdges,single-level+multi-option,1,2,2,2,0,1239462,71641,71641,59539,7817,13,0,2160,324,1,1,1241,324,1,1,1241,4,1,1,224
random_v1_84,random_v1,train,C->E|evm|fund:ce,CTLCMultipleEdges,single-level+multi-option,1,5,5,5,0,1676347,80267,80267,59539,8521,32,0,4483,516,1,1,1953,516,1,1,1953,4,1,1,224
random_v1_84,random_v1,train,E->B|evm|fund:eb,CTLCMultipleEdges,single-level+multi-option,1,3,3,3,0,1377453,75948,75948,59539,8041,19,0,2905,420,1,1,1597,420,1,1,1597,4,1,1,224
random_v1_84,random_v1,train,B->C|evm|fund:bc,CTLCMultipleEdges,multi-level+multi-option,2,2|2,4,2,1,1745187,84598,141843,112464,8617,35,0,4892,612,1,1,2309,744,2,1,2965,40,2,1,524
random_v1_84,random_v1,train,B->G|evm|fund:bg,CTLCOnly,single-level,1,1,1,1,0,1123887,68747,68747,59561,7123,9,0,1374,292,1,1,1134,292,1,1,1134,4,1,1,229
random_v1_84,random_v1,train,E->F|evm|fund:ef,CTLCMultipleEdges,single-level+multi-option,1,2,2,2,0,1285286,75936,75936,59539,7881,15,0,2336,420,1,1,1597,420,1,1,1597,4,1,1,224
random_v1_85,random_v1,train,C->F|evm|fund:cf,CTLCOnly,single-level,1,1,1,1,0,1123899,68747,68747,59561,7123,9,0,1374,292,1,1,1134,292,1,1,1134,4,1,1,229
random_v1_85,random_v1,train,D->B|evm|fund:db,CTLCMultipleEdges,multi-level+multi-option,2,2|2,4,2,1,1516055,71641,133204,112464,8297,25,0,4012,324,1,1,1241,552,2,1,2253,40,2,1,524
random_v1_85,random_v1,train,C->D|evm|fund:cd,CTLCMultipleEdges,multi-level+multi-option,2,2|1,3,2,1,1446812,75948,133204,112464,8169,22,0,3531,420,1,1,1597,552,2,1,2253,40,2,1,524
random_v1_85,random_v1,train,F->A|evm|fund:fa,CTLCOnly,single-level,1,1,1,1,0,1100975,64620,64620,59561,7091,8,0,1286,196,1,1,793,196,1,1,793,4,1,1,229
random_v1_85,random_v1,train,B->A|evm|fund:ba,CTLCOnly,single-level,1,1,1,1,0,1100987,64620,64620,59561,7091,8,0,1286,196,1,1,793,196,1,1,793,4,1,1,229
random_v1_85,random_v1,train,D->E|evm|fund:de,CTLCOnly,single-level,1,1,1,1,0,1146811,72862,72862,59561,7155,10,0,1462,388,1,1,1475,388,1,1,1475,4,1,1,229
random_v1_85,random_v1,train,E->D|evm|fund:ed,CTLCMultipleEdges,multi-level+multi-option,2,2|2,4,2,1,1607691,75948,137523,112464,8425,29,0,4364,420,1,1,1597,648,2,1,2609,40,2,1,524
random_v1_85,random_v1,train,E->F|evm|fund:ef,CTLCOnly,single-level,1,1,1,1,0,1123875,68735,68735,59561,7123,9,0,1374,292,1,1,1134,292,1,1,1134,4,1,1,229
random_v1_85,random_v1,train,B->C|evm|fund:bc,CTLCOnly,multi-level,2,1|1,2,1,1,1307806,72874,134123,112508,7411,17,0,2440,388,1,1,1475,616,2,1,2462,40,2,1,534
random_v1_86,random_v1,train,D->A|evm|fund:da,CTLCOnly,single-level,1,1,1,1,0,1100987,64620,64620,59561,7091,8,0,1286,196,1,1,793,196,1,1,793,4,1,1,229
random_v1_86,random_v1,train,E->A|evm|fund:ea,CTLCOnly,single-level,1,1,1,1,0,1100987,64620,64620,59561,7091,8,0,1286,196,1,1,793,196,1,1,793,4,1,1,229
random_v1_86,random_v1,train,C->D|evm|fund:cd,CTLCMultipleEdges,multi-level+multi-option,2,2|2,4,2,1,1470231,71641,128885,112464,8233,23,0,3836,324,1,1,1241,456,2,1,1897,40,2,1,524
random_v1_86,random_v1,train,D->E|evm|fund:de,CTLCOnly,single-level,1,1,1,1,0,1123899,68747,68747,59561,7123,9,0,1374,292,1,1,1134,292,1,1,1134,4,1,1,229
random_v1_86,random_v1,train,B->D|evm|fund:bd,CTLCOnly,multi-level,2,1|1,2,1,1,1239070,68723,125833,112508,7315,14,0,2176,292,1,1,1134,424,2,1,1780,40,2,1,534
random_v1_86,random_v1,train,E->B|evm|fund:eb,CTLCMultipleEdges,multi-level+multi-option,2,1|2,3,2,1,1469712,75948,133204,112464,8201,23,0,3619,420,1,1,1597,552,2,1,2253,40,2,1,524
random_v1_86,random_v1,train,B->C|evm|fund:bc,CTLCMultipleEdges,multi-level+multi-option,2,2|2,4,2,1,1561855,75948,133192,112464,8361,27,0,4188,420,1,1,1597,552,2,1,2253,40,2,1,524
random_v1_87,random_v1,train,D->B|evm|fund:db,CTLCOnly,single-level,1,1,1,1,0,1146811,72874,72874,59561,7155,10,0,1462,388,1,1,1475,388,1,1,1475,4,1,1,229
random_v1_87,random_v1,train,E->A|evm|fund:ea,CTLCOnly,single-level,1,1,1,1,0,1100987,64620,64620,59561,7091,8,0,1286,196,1,1,793,196,1,1,793,4,1,1,229
random_v1_87,random_v1,train,C->B|evm|fund:cb,CTLCOnly,single-level,1,1,1,1,0,1169723,77013,77013,59561,7187,11,0,1550,484,1,1,1816,484,1,1,1816,4,1,1,229
random_v1_87,random_v1,train,C->D|evm|fund:cd,CTLCOnly,single-level,1,1,1,1,0,1146811,72874,72874,59561,7155,10,0,1462,388,1,1,1475,388,1,1,1475,4,1,1,229
random_v1_87,random_v1,train,C->A|evm|fund:ca,CTLCOnly,single-level,1,1,1,1,0,1100987,64620,64620,59561,7091,8,0,1286,196,1,1,793,196,1,1,793,4,1,1,229
random_v1_87,random_v1,train,D->E|evm|fund:de,CTLCOnly,multi-level,2,1|1,2,1,1,1261970,68747,129972,112508,7347,15,0,2264,292,1,1,1134,520,2,1,2121,40,2,1,534
random_v1_87,random_v1,train,B->D|evm|fund:bd,CTLCOnly,single-level,1,1,1,1,0,1146811,72874,72874,59561,7155,10,0,1462,388,1,1,1475,388,1,1,1475,4,1,1,229
random_v1_87,random_v1,train,B->C|evm|fund:bc,CTLCOnly,multi-level,2,1|1,2,1,1,1261982,68747,129972,112508,7347,15,0,2264,292,1,1,1134,520,2,1,2121,40,2,1,534
random_v1_87,random_v1,train,E->B|evm|fund:eb,CTLCOnly,single-level,1,1,1,1,0,1146799,72874,72874,59561,7155,10,0,1462,388,1,1,1475,388,1,1,1475,4,1,1,229
random_v1_88,random_v1,train,G->A|evm|fund:ga,CTLCOnly,single-level,1,1,1,1,0,1100975,64620,64620,59561,7091,8,0,1286,196,1,1,793,196,1,1,793,4,1,1,229
random_v1_88,random_v1,train,D->E|evm|fund:de,CTLCMultipleEdges,single-level+multi-option,1,4,4,4,0,1561268,80267,80267,59539,8329,27,0,3826,516,1,1,1953,516,1,1,1953,4,1,1,224
random_v1_88,random_v1,train,C->D|evm|fund:cd,CTLCMultipleEdges,single-level+multi-option,1,4,4,4,0,1652880,84598,84598,59539,8457,31,0,4178,612,1,1,2309,612,1,1,2309,4,1,1,224
random_v1_88,random_v1,train,F->G|evm|fund:fg,CTLCMultipleEdges,single-level+multi-option,1,2,2,2,0,1239462,71641,71641,59539,7817,13,0,2160,324,1,1,1241,324,1,1,1241,4,1,1,224
random_v1_88,random_v1,train,B->C|evm|fund:bc,CTLCMultipleEdges,single-level+multi-option,1,4,4,4,0,1744540,88906,88906,59539,8585,35,0,4530,708,1,1,2665,708,1,1,2665,4,1,1,224
random_v1_88,random_v1,train,E->F|evm|fund:ef,CTLCMultipleEdges,single-level+multi-option,1,4,4,4,0,1469608,75936,75936,59539,8201,23,0,3474,420,1,1,1597,420,1,1,1597,4,1,1,224
random_v1_89,random_v1,train,D->B|evm|fund:db,CTLCMultipleEdges,single-level+multi-option,1,2,2,2,0,1285286,75948,75948,59539,7881,15,0,2336,420,1,1,1597,420,1,1,1597,4,1,1,224
random_v1_89,random_v1,train,E->A|evm|fund:ea,CTLCOnly,single-level,1,1,1,1,0,1100987,64620,64620,59561,7091,8,0,1286,196,1,1,793,196,1,1,793,4,1,1,229
random_v1_89,random_v1,train,C->D|evm|fund:cd,CTLCOnly,multi-level,2,1|1,2,1,1,1284894,72874,129972,112508,7379,16,0,2352,388,1,1,1475,520,2,1,2121,40,2,1,534
random_v1_89,random_v1,train,C->A|evm|fund:ca,CTLCOnly,single-level,1,1,1,1,0,1100987,64620,64620,59561,7091,8,0,1286,196,1,1,793,196,1,1,793,4,1,1,229
random_v1_89,random_v1,train,D->E|evm|fund:de,CTLCOnly,single-level,1,1,1,1,0,1123899,68747,68747,59561,7123,9,0,1374,292,1,1,1134,292,1,1,1134,4,1,1,229
random_v1_89,random_v1,train,B->C|evm|fund:bc,CTLCOnly,multi-level,2,1|1,2,1,1,1261982,68747,129972,112508,7347,15,0,2264,292,1,1,1134,520,2,1,2121,40,2,1,534
random_v1_89,random_v1,train,B->E|evm|fund:be,CTLCOnly,single-level,1,1,1,1,0,1123887,68747,68747,59561,7123,9,0,1374,292,1,1,1134,292,1,1,1134,4,1,1,229
random_v1_9,random_v1,train,E->A|evm|fund:ea,CTLCOnly,single-level,1,1,1,1,0,1100987,64620,64620,59561,7091,8,0,1286,196,1,1,793,196,1,1,793,4,1,1,229
random_v1_9,random_v1,train,C->B|evm|fund:cb,CTLCOnly,single-level,1,1,1,1,0,1146799,72874,72874,59561,7155,10,0,1462,388,1,1,1475,388,1,1,1475,4,1,1,229
random_v1_9,random_v1,train,C->D|evm|fund:cd,CTLCOnly,single-level,1,1,1,1,0,1146799,72874,72874,59561,7155,10,0,1462,388,1,1,1475,388,1,1,1475,4,1,1,229
random_v1_9,random_v1,train,D->E|evm|fund:de,CTLCOnly,single-level,1,1,1,1,0,1123899,68747,68747,59561,7123,9,0,1374,292,1,1,1134,292,1,1,1134,4,1,1,229
random_v1_9,random_v1,train,B->C|evm|fund:bc,CTLCMultipleEdges,single-level+multi-option,1,2,2,2,0,1331110,80267,80267,59539,7945,17,0,2512,516,1,1,1953,516,1,1,1953,4,1,1,224
random_v1_9,random_v1,train,B->E|evm|fund:be,CTLCOnly,single-level,1,1,1,1,0,1123899,68747,68747,59561,7123,9,0,1374,292,1,1,1134,292,1,1,1134,4,1,1,229
random_v1_90,random_v1,train,D->E|evm|fund:de,CTLCMultipleEdges,single-level+multi-option,1,2,2,2,0,1239450,71641,71641,59539,7817,13,0,2160,324,1,1,1241,324,1,1,1241,4,1,1,224
random_v1_90,random_v1,train,D->A|evm|fund:da,CTLCOnly,single-level,1,1,1,1,0,1100987,64620,64620,59561,7091,8,0,1286,196,1,1,793,196,1,1,793,4,1,1,229
random_v1_90,random_v1,train,E->A|evm|fund:ea,CTLCOnly,single-level,1,1,1,1,0,1100987,64620,64620,59561,7091,8,0,1286,196,1,1,793,196,1,1,793,4,1,1,229
random_v1_90,random_v1,train,C->D|evm|fund:cd,CTLCMultipleEdges,multi-level+multi-option,2,1|2,3,2,1,1400976,71641,128885,112464,8105,20,0,3355,324,1,1,1241,456,2,1,1897,40,2,1,524
random_v1_90,random_v1,train,E->B|evm|fund:eb,CTLCMultipleEdges,single-level+multi-option,1,2,2,2,0,1331110,80267,80267,59539,7945,17,0,2512,516,1,1,1953,516,1,1,1953,4,1,1,224
random_v1_90,random_v1,train,B->C|evm|fund:bc,CTLCMultipleEdges,multi-level+multi-option,2,2|4,6,4,1,1792013,75948,133204,112464,8745,37,0,5502,420,1,1,1597,552,2,1,2253,40,2,1,524
random_v1_90,random_v1,train,B->E|evm|fund:be,CTLCOnly,single-level,1,1,1,1,0,1123899,68747,68747,59561,7123,9,0,1374,292,1,1,1134,292,1,1,1134,4,1,1,229
random_v1_91,random_v1,train,C->A|evm|fund:ca,CTLCOnly,single-level,1,1,1,1,0,1100987,64620,64620,59561,7091,8,0,1286,196,1,1,793,196,1,1,793,4,1,1,229
random_v1_91,random_v1,train,C->D|evm|fund:cd,CTLCMultipleEdges,single-level+multi-option,1,4,4,4,0,1377960,71641,71641,59539,8073,19,0,3122,324,1,1,1241,324,1,1,1241,4,1,1,224
random_v1_91,random_v1,train,B->A|evm|fund:ba,CTLCOnly,single-level,1,1,1,1,0,1100963,64620,64620,59561,7091,8,0,1286,196,1,1,793,196,1,1,793,4,1,1,229
random_v1_91,random_v1,train,D->A|evm|fund:da,CTLCMultipleEdges,single-level+multi-option,1,2,2,2,0,1193638,67334,67334,59539,7753,11,0,1984,228,1,1,885,228,1,1,885,4,1,1,224
random_v1_91,random_v1,train,B->C|evm|fund:bc,CTLCMultipleEdges,multi-level+multi-option,2,1|4,5,4,1,1585274,71641,128885,112464,8425,28,0,4493,324,1,1,1241,456,2,1,1897,40,2,1,524
random_v1_92,random_v1,train,D->E|evm|fund:de,CTLCMultipleEdges,single-level+multi-option,1,4,4,4,0,1561268,80267,80267,59539,8329,27,0,3826,516,1,1,1953,516,1,1,1953,4,1,1,224
random_v1_92,random_v1,train,C->D|evm|fund:cd,CTLCMultipleEdges,single-level+multi-option,1,4,4,4,0,1652856,84598,84598,59539,8457,31,0,4178,612,1,1,2309,612,1,1,2309,4,1,1,224
random_v1_92,random_v1,train,F->G|evm|fund:fg,CTLCMultipleEdges,single-level+multi-option,1,4,4,4,0,1377972,71641,71641,59539,8073,19,0,3122,324,1,1,1241,324,1,1,1241,4,1,1,224
random_v1_92,random_v1,train,G->A|evm|fund:ga,CTLCMultipleEdges,single-level+multi-option,1,2,2,2,0,1193626,67334,67334,59539,7753,11,0,1984,228,1,1,885,228,1,1,885,4,1,1,224
random_v1_92,random_v1,train,B->E|evm|fund:be,CTLCMultipleEdges,single-level+multi-option,1,12,12,12,0,2481992,80267,80267,59539,9865,67,0,9082,516,1,1,1953,516,1,1,1953,4,1,1,224
random_v1_92,random_v1,train,B->C|evm|fund:bc,CTLCMultipleEdges,single-level+multi-option,1,4,4,4,0,1744564,88906,88906,59539,8585,35,0,4530,708,1,1,2665,708,1,1,2665,4,1,1,224
random_v1_92,random_v1,train,E->F|evm|fund:ef,CTLCMultipleEdges,single-level+multi-option,1,4,4,4,0,1469596,75948,75948,59539,8201,23,0,3474,420,1,1,1597,420,1,1,1597,4,1,1,224
random_v1_93,random_v1,train,D->A|evm|fund:da,CTLCOnly,single-level,1,1,1,1,0,1100975,64620,64620,59561,7091,8,0,1286,196,1,1,793,196,1,1,793,4,1,1,229
random_v1_93,random_v1,train,C->D|evm|fund:cd,CTLCOnly,single-level,1,1,1,1,0,1123899,68747,68747,59561,7123,9,0,1374,292,1,1,1134,292,1,1,1134,4,1,1,229
random_v1_93,random_v1,train,B->C|evm|fund:bc,CTLCOnly,single-level,1,1,1,1,0,1146787,72874,72874,59561,7155,10,0,1462,388,1,1,1475,388,1,1,1475,4,1,1,229
random_v1_94,random_v1,train,G->A|evm|fund:ga,CTLCOnly,single-level,1,1,1,1,0,1100975,64620,64620,59561,7091,8,0,1286,196,1,1,793,196,1,1,793,4,1,1,229
random_v1_94,random_v1,train,C->D|evm|fund:cd,CTLCOnly,single-level,1,1,1,1,0,1192635,81164,81164,59561,7219,12,0,1638,580,1,1,2157,580,1,1,2157,4,1,1,229
random_v1_94,random_v1,train,D->E|evm|fund:de,CTLCOnly,single-level,1,1,1,1,0,1169723,77013,77013,59561,7187,11,0,1550,484,1,1,1816,484,1,1,1816,4,1,1,229
random_v1_94,random_v1,train,B->D|evm|fund:bd,CTLCOnly,single-level,1,1,1,1,0,1192623,81140,81140,59561,7219,12,0,1638,580,1,1,2157,580,1,1,2157,4,1,1,229
random_v1_94,random_v1,train,E->F|evm|fund:ef,CTLCOnly,single-level,1,1,1,1,0,1146811,72862,72862,59561,7155,10,0,1462,388,1,1,1475,388,1,1,1475,4,1,1,229
random_v1_94,random_v1,train,B->C|evm|fund:bc,CTLCOnly,single-level,1,1,1,1,0,1215535,85292,85292,59561,7251,13,0,1726,676,1,1,2498,676,1,1,2498,4,1,1,229
random_v1_94,random_v1,train,F->G|evm|fund:fg,CTLCOnly,single-level,1,1,1,1,0,1123899,68747,68747,59561,7123,9,0,1374,292,1,1,1134,292,1,1,1134,4,1,1,229
random_v1_94,random_v1,train,C->B|evm|fund:cb,CTLCMultipleEdges,multi-level+multi-option,2,2|2,4,2,1,1745187,84598,141843,112464,8617,35,0,4892,612,1,1,2309,744,2,1,2965,40,2,1,524
random_v1_94,random_v1,train,B->E|evm|fund:be,CTLCOnly,single-level,1,1,1,1,0,1169711,77013,77013,59561,7187,11,0,1550,484,1,1,1816,484,1,1,1816,4,1,1,229
random_v1_95,random_v1,train,D->A|evm|fund:da,CTLCOnly,single-level,1,1,1,1,0,1100987,64620,64620,59561,7091,8,0,1286,196,1,1,793,196,1,1,793,4,1,1,229
random_v1_95,random_v1,train,C->D|evm|fund:cd,CTLCOnly,single-level,1,1,1,1,0,1123899,68747,68747,59561,7123,9,0,1374,292,1,1,1134,292,1,1,1134,4,1,1,229
random_v1_95,random_v1,train,C->A|evm|fund:ca,CTLCOnly,single-level,1,1,1,1,0,1100987,64620,64620,59561,7091,8,0,1286,196,1,1,793,196,1,1,793,4,1,1,229
random_v1_95,random_v1,train,B->C|evm|fund:bc,CTLCOnly,multi-level,2,1|1,2,1,1,1239070,68747,125833,112508,7315,14,0,2176,292,1,1,1134,424,2,1,1780,40,2,1,534
random_v1_96,random_v1,train,C->F|evm|fund:cf,CTLCOnly,multi-level,2,1|1,2,1,1,1239082,68747,125833,112508,7315,14,0,2176,292,1,1,1134,424,2,1,1780,40,2,1,534
random_v1_96,random_v1,train,G->A|evm|fund:ga,CTLCOnly,single-level,1,1,1,1,0,1100975,64620,64620,59561,7091,8,0,1286,196,1,1,793,196,1,1,793,4,1,1,229
random_v1_96,random_v1,train,G->E|evm|fund:ge,CTLCOnly,single-level,1,1,1,1,0,1146811,72874,72874,59561,7155,10,0,1462,388,1,1,1475,388,1,1,1475,4,1,1,229
random_v1_96,random_v1,train,C->D|evm|fund:cd,CTLCMultipleEdges,multi-level+multi-option,2,3|3,6,3,1,1906573,80267,137535,112464,8905,42,0,5942,516,1,1,1953,648,2,1,2609,40,2,1,524
random_v1_96,random_v1,train,F->A|evm|fund:fa,CTLCOnly,single-level,1,1,1,1,0,1100975,64620,64620,59561,7091,8,0,1286,196,1,1,793,196,1,1,793,4,1,1,229
random_v1_96,random_v1,train,D->E|evm|fund:de,CTLCOnly,multi-level,2,1|1,2,1,1,1284894,72874,129972,112508,7379,16,0,2352,388,1,1,1475,520,2,1,2121,40,2,1,534
random_v1_96,random_v1,train,E->F|evm|fund:ef,CTLCOnly,multi-level,2,1|1,2,1,1,1239070,68747,125821,112508,7315,14,0,2176,292,1,1,1134,424,2,1,1780,40,2,1,534
random_v1_96,random_v1,train,B->C|evm|fund:bc,CTLCMultipleEdges,multi-level+multi-option,4,1|1|3|3,8,3,3,2344274,75948,213505,184138,9641,61,0,8772,420,1,1,1597,816,4,1,3565,112,4,1,1124
random_v1_96,random_v1,train,F->G|evm|fund:fg,CTLCOnly,single-level,1,1,1,1,0,1123887,68747,68747,59561,7123,9,0,1374,292,1,1,1134,292,1,1,1134,4,1,1,229
random_v1_97,random_v1,train,D->A|evm|fund:da,CTLCOnly,single-level,1,1,1,1,0,1100987,64620,64620,59561,7091,8,0,1286,196,1,1,793,196,1,1,793,4,1,1,229
random_v1_97,random_v1,train,C->D|evm|fund:cd,CTLCOnly,single-level,1,1,1,1,0,1123899,68747,68747,59561,7123,9,0,1374,292,1,1,1134,292,1,1,1134,4,1,1,229
random_v1_97,random_v1,train,B->C|evm|fund:bc,CTLCMultipleEdges,single-level+multi-option,1,2,2,2,0,1285274,75948,75948,59539,7881,15,0,2336,420,1,1,1597,420,1,1,1597,4,1,1,224
random_v1_98,random_v1,train,G->A|evm|fund:ga,CTLCOnly,single-level,1,1,1,1,0,1100975,64620,64620,59561,7091,8,0,1286,196,1,1,793,196,1,1,793,4,1,1,229
random_v1_98,random_v1,train,D->E|evm|fund:de,CTLCMultipleEdges,single-level+multi-option,1,2,2,2,0,1331098,80267,80267,59539,7945,17,0,2512,516,1,1,1953,516,1,1,1953,4,1,1,224
random_v1_98,random_v1,train,C->D|evm|fund:cd,CTLCMultipleEdges,single-level+multi-option,1,4,4,4,0,1652880,84598,84598,59539,8457,31,0,4178,612,1,1,2309,612,1,1,2309,4,1,1,224
random_v1_98,random_v1,train,F->G|evm|fund:fg,CTLCMultipleEdges,single-level+multi-option,1,2,2,2,0,1239462,71641,71641,59539,7817,13,0,2160,324,1,1,1241,324,1,1,1241,4,1,1,224
random_v1_98,random_v1,train,B->C|evm|fund:bc,CTLCMultipleEdges,single-level+multi-option,1,4,4,4,0,1744552,88906,88906,59539,8585,35,0,4530,708,1,1,2665,708,1,1,2665,4,1,1,224
random_v1_98,random_v1,train,E->F|evm|fund:ef,CTLCMultipleEdges,single-level+multi-option,1,2,2,2,0,1285274,75936,75936,59539,7881,15,0,2336,420,1,1,1597,420,1,1,1597,4,1,1,224
random_v1_99,random_v1,train,B->D|evm|fund:bd,CTLCMultipleEdges,single-level+multi-option,1,4,4,4,0,1469596,75924,75924,59539,8201,23,0,3474,420,1,1,1597,420,1,1,1597,4,1,1,224
random_v1_99,random_v1,train,D->E|evm|fund:de,CTLCMultipleEdges,single-level+multi-option,1,4,4,4,0,1377972,71641,71641,59539,8073,19,0,3122,324,1,1,1241,324,1,1,1241,4,1,1,224
random_v1_99,random_v1,train,C->D|evm|fund:cd,CTLCMultipleEdges,single-level+multi-option,1,4,4,4,0,1469584,75948,75948,59539,8201,23,0,3474,420,1,1,1597,420,1,1,1597,4,1,1,224
random_v1_99,random_v1,train,E->A|evm|fund:ea,CTLCMultipleEdges,single-level+multi-option,1,2,2,2,0,1193638,67334,67334,59539,7753,11,0,1984,228,1,1,885,228,1,1,885,4,1,1,224
random_v1_99,random_v1,train,B->C|evm|fund:bc,CTLCMultipleEdges,single-level+multi-option,1,4,4,4,0,1561256,80267,80267,59539,8329,27,0,3826,516,1,1,1953,516,1,1,1953,4,1,1,224
